{
  "article_url": "https://andylee.pro/wp/?p=4286",
  "title": "FM 96.1 :  不孕症的宮寒",
  "content": "<!--[if lt IE 9]><script>document.createElement('audio');</script><![endif]-->\n<audio class=\"wp-audio-shortcode\" controls=\"controls\" id=\"audio-4286-1\" preload=\"none\" style=\"width: 100%;\"><source src=\"https://andylee.pro/wp/wp-content/uploads/2017/05/dr-case-20170516-510-536pm-23m49s_converted.mp3?_=1\" type=\"audio/mpeg\"/><a href=\"https://andylee.pro/wp/wp-content/uploads/2017/05/dr-case-20170516-510-536pm-23m49s_converted.mp3\">https://andylee.pro/wp/wp-content/uploads/2017/05/dr-case-20170516-510-536pm-23m49s_converted.mp3</a></audio>\n<p>隨著醫學技術的進步，生活節奏的加快，晚婚晚育已然成為趨勢，随之带来的不孕不育问题從灣區十分緊俏的不孕不育中心便可一見端倪。黃帝內經指出「女七男八」，即女子的生命節律以七年為一個階段，男子則以八年為一週期來計算。</p>\n<p>「女子二七天葵至（女子十四歲月經來）；三七，腎氣平均，故真牙生而長極；四七，筋骨堅，發長極，身體盛壯；五七（三十五歲），陽明脈衰，面始焦，髮始墮。」「丈夫（男子）二八（十六歲），腎氣盛，天癸至，精氣溢瀉，陰陽和，故能有子；…… 五八（四十歲），腎氣衰，髮墮齒槁；」</p>\n<p>男女的生育都有最佳的年齡，錯過最佳時機生育功能便開始下降。對於不孕不育患者，西醫會推薦做試管嬰兒IVF (In Vitro Fertilization 人工受孕／體外受精)，一些人運氣好的可以很快成功，運氣不佳的多次進行IVF，對身體傷害很大。</p>\n<p>從中醫的角度理解不孕症：大多是因為子宮太寒。現代人乳製品（牛奶、奶酪、）吃得太多，引起濕在身體的累積，阻擋了心陽的下傳。心臟是身體熱的來源，心臟產生的熱會下傳給小腸，小腸的熱再去熱女子的子宮、男子的精宮，膀胱、大腸等。子宮不熱有諸多原因，例如：</p>\n<ul>\n<li>心臟不夠力。</li>\n<li>濕擋在中間，陽無法下傳。</li>\n<li>血瘀。</li>\n<li>肝血差（不運動，熬夜等），造成心血差，心血差造成心陽不足，因為心陽需要高質量的物質基礎（心血）才能實現能量的轉化。</li>\n<li>營養不夠均衡的素食飲食習慣。中醫認為紅肉（牛肉，羊肉）才補血，素食產品很難代替紅肉的功用。</li>\n</ul>\n<p>不孕不育症的患者越來越多，流行的治療方法也很多。那到底那些所謂的秘方、祖傳方與中醫辯證論治有什麼區別呢？</p>\n<p>祖傳秘方為通方，因為什麼人都能吃，所以藥性不能有偏頗，針對性也不強。通方的主要思維為補氣血，熱子宮，吃了對身體是會有幫助，但是不是一定能幫病人解決問題呢？不見得。</p>\n<p>案例一：脾氣虛的病人，由於中氣下陷造成的子宮下垂而無法懷孕成功，該病人並不一定表現出明顯的脾氣虛症狀，例如舌胖大，水腫，人疲累等，但受精卵每次著床，第八，九天就流掉了，病人也表示月經常常延遲，週期為在35天左右，病人描述的經血裡有血塊，其實那是胎衣。這樣的病人可以懷孕，但是守不住胎，對症的治療方法應該是針對中氣下陷下藥，盲目多次地做人工受孕（IVF）不但不會有結果，反而對病人的身體有很大的傷害。IVF先是給病人注射荷爾蒙，使身體暫時失去平衡，讓其產生多個卵子，由於母體還是會排斥受精卵，所以西醫會讓病人服用降低免疫力的藥，若是IVF進行的太多次還沒有成功，病人的身體會變得很虛弱，例如每天早上醒來會很疲累，常打噴嚏，過敏等。若是吃降低免疫力的藥還不能成功的，西醫會給類固醇藥，病人飲食稍不留心，臉就會腫的像豬頭，十分可憐。</p>\n<p>案例二：從這位病人症狀上看不出宮寒，小腸不夠熱的現象，但是有一個症狀很突出：每次月經來之前乳房很脹很痛，且腋下有硬塊。中醫認為心陽把乳水往下推，經任、衝二脈到子宮，子宮受熱於小腸，乳水經過蒸煮變為經血排出體外。乳房脹痛，腋下有硬塊都說明乳水下行得不通暢，這時我們不是要熱子宮，而是要先通乳房，用瓦楞子，炒麥芽，牡蠣等來通乳。若是心陽還不夠，那再進行下一步的治療。這位病人就服了一個星期的通乳藥就懷孕了。常常有病人問，「我的病要治多久？」，答案是每個人的情況不同，無法給出答案。</p>\n<p>不孕不育不一定是女方的問題，手粗糙乾裂，手腳冰涼，消化不好，常拉肚子的男士們要小心了，妻子不孕有可能是先生的問題。中醫認為精子產生的源頭在精宮，位於小腸和膀胱中間，與女人的子宮位置相似。當小腸的熱不夠溫煦精宮的時候，精子會有問題，雖然此時西醫的檢查精子數量和動能都沒有問題。</p>\n<p>給想現在或者將來生孩子的朋友們一個建議：不要等到想懷孕才來看醫生，現在來調理身體，來自家人和自己的壓力會小很多，自然懷孕的機會也會大很多。懷孕是兩個人的事，先生和太太任何一方都可能是問題的癥結所在，不要給女方施加太大的壓力。</p>\n<p>（語音檔案由FM96.1電台提供，文章摘錄自語音檔案內容，部分文字略有異同，敬請見諒。）</p>",
  "article_time": "2017年05月16日 17:06",
  "comments": [
    {
      "id": "782db526a3de869bb80f6729f546f934",
      "author": "逍遙中醫",
      "time": "2017年05月24日 20:22",
      "content": "<p>宮寒的女士，欲懷孕，除了看中醫吃中藥調理外，<br/>\n也需改變不良的飲食和生活習慣，<br/>\n這樣才是治病之本。</p>\n<p>如今，香港的女士也愛吃生冷凍品，<br/>\n月經腹痛嚴重，也不容易懷孕，<br/>\n艾灸肚腹部位，是一個不錯的暖宮外治法，<br/>\n也可教病人自己回家艾灸，十分有效。</p>",
      "level": 0,
      "highlight": false,
      "children": []
    },
    {
      "id": "2e892d3c4be65a433a7aeb7ca0baafc2",
      "author": "备孕调经",
      "time": "2017年06月23日 06:42",
      "content": "<p>您好，之前好像听您提过，女性的月经周期，左右卵巢会分别交替排卵一次，会引发什么问题呢？</p>",
      "level": 0,
      "highlight": false,
      "children": [
        {
          "id": "de7adad5daec2450e5147958bc32ab7d",
          "author": "andy",
          "time": "2017年06月23日 10:00",
          "content": "<p>左右卵巢交替排卵是正常的。</p>",
          "level": 1,
          "highlight": true,
          "children": []
        }
      ]
    },
    {
      "id": "f0bac8c624a3cab7c365efd7bddd4e91",
      "author": "陸仁賈",
      "time": "2017年07月03日 08:23",
      "content": "<p>“營養不夠均衡的素食飲食習慣。中醫認為紅肉（牛肉，羊肉）才補血，素食產品很難代替紅肉的功用。”想問一下李醫師, 不知道中醫對於食氣者是怎麼解釋的? 道家有避榖之術, 但是那是修道人, 下面這則新聞, 一般人食氣竟然也能生子, 不知該如何解釋:<br/>\n<a href=\"https://today.line.me/TW/pc/article/c450d0777e564400c43eee80c50f0a6e489144aea5fd4ab532b489a22d5c38dc\" rel=\"nofollow ugc\">https://today.line.me/TW/pc/article/c450d0777e564400c43eee80c50f0a6e489144aea5fd4ab532b489a22d5c38dc</a></p>",
      "level": 0,
      "highlight": false,
      "children": [
        {
          "id": "a3e46b4fca9833496762fb03fa538551",
          "author": "andy",
          "time": "2017年07月04日 19:56",
          "content": "<p>這個我不知道。臨床治療得靠大量的重複性，特殊個案值得研究，但大多無法延續到臨床治療。而這樣的食氣新聞報導，消息很不可靠，以前在中國大陸及印度也有類似的報導，結果後來被證實為做假炒作，所以，看看就好，不是完全不可能，但是臨床治療是不能依賴如此的訊息。</p>",
          "level": 1,
          "highlight": true,
          "children": []
        }
      ]
    },
    {
      "id": "75a5cb541406f9c9fa4794a71202947c",
      "author": "任勇伟",
      "time": "2018年07月28日 02:20",
      "content": "<p>李老师你好，我这现在有个31岁的女生，去年自然怀孕3个月就流产了，之后月经就后推迟，现在推迟一个月，月经颜色正常，有排出像膜团的东西，月经前有胸胀疼的现象，胸部没有硬块，睡眠五年一直不好，平躺下有心跳的感觉，平时手心脚心后背热，手心出汗，晨起睡不好有手麻，没有精神，平时走路身体发沉，舌诊，比较正常，没有齿痕，舌色不红，也没有厚白苔；脉诊，心脉跳的比较大，有往手掌上跳的感觉，整体左手大于右手，胃平时胀气，反酸，饿的时候中脘靠下痛，吃点东西就没事了，我治疗方案是，第一治疗失眠，回复体力，第二从脾气虚下手；心血不足导致失眠，心阳反逆导致后背手心 发热，她这个月经前胸胀疼，（我这最疑惑，是直接用通乳药，还是中焦有寒湿阻隔了心阳，）老师指导我一下<br/>\n我想的用黄连阿胶汤补心血加桂枝，炙甘草强心阳，然后加瓦楞子，炒麦芽通乳，治疗失眠<br/>\n脾虚用小建中汤加党参白术健脾<br/>\n胃反酸胀气，加吴茱萸，厚朴<br/>\n老师帮我看我的处方方向对不，我怕吃了胸更痛了，所以想让老师帮我看一下，谢谢</p>",
      "level": 0,
      "highlight": false,
      "children": [
        {
          "id": "7679a3d3c1d042260f26bc0c6045d287",
          "author": "andy",
          "time": "2018年07月30日 10:49",
          "content": "<p>你的思路不錯，只是不要一次解決那麼多問題，藥方會太雜，反而效果差。你可以思考一下，哪些問題得先解決，譬如如果乳房有阻塞，你得先通乳再強心，不然你一強心，病人乳房脹痛會加重，中下焦寒濕也一樣，如果沒有先減少中下焦寒濕就強心，心火反逆會加重，病人就更發熱、失眠等等。當然，想要真的去除乳房阻塞及中下焦寒濕，遲早也得強心，所以，當病人乳房脹痛及寒濕減少時，就可以開始強心，病人或許會覺得有些「退步」，你得先和病人解釋清楚，免得以為治療效果下降。</p>",
          "level": 1,
          "highlight": true,
          "children": []
        }
      ]
    },
    {
      "id": "fa0292e7577c067348d2066f8cc16bf5",
      "author": "CAT",
      "time": "2021年01月19日 20:27",
      "content": "<p>請問李醫師，炒麦芽是美國賣給人釀啤酒的malt 炒熟後用嗎？</p>",
      "level": 0,
      "highlight": false,
      "children": [
        {
          "id": "9e1c29e733aed64653f8f5d3ba52725d",
          "author": "李宗恩",
          "time": "2021年01月20日 08:38",
          "content": "<p>我不清楚釀啤酒的炒麥芽是哪一種。</p>",
          "level": 1,
          "highlight": true,
          "children": [
            {
              "id": "ed3af0e0b37b3b462a1d1c5cef665d5b",
              "author": "CAT",
              "time": "2021年01月20日 13:29",
              "content": "<p>像這個<br/>\n<a href=\"https://www.amazon.com/gp/product/B074D9F4R1?pf_rd_r=JZKTWSR565YZ6S9E1DCH&amp;pf_rd_p=5ae2c7f8-e0c6-4f35-9071-dc3240e894a8\" rel=\"nofollow ugc\">https://www.amazon.com/gp/product/B074D9F4R1?pf_rd_r=JZKTWSR565YZ6S9E1DCH&amp;pf_rd_p=5ae2c7f8-e0c6-4f35-9071-dc3240e894a8</a></p>\n<p>可能我應該問的是：炒麥芽是應該去中藥行買的東西還是是個平常的食物經過一點處理就可入藥？</p>",
              "level": 2,
              "highlight": false,
              "children": []
            },
            {
              "id": "a05b2864aa85e4dce5bc1ca6586dc948",
              "author": "CAT",
              "time": "2021年01月20日 22:22",
              "content": "<p>我講的是這個<br/>\n<a href=\"https://www.amazon.com/gp/product/B074D9F4R1?pf_rd_r=5WCTXPKMHR9RYVZE3G9R&amp;pf_rd_p=5ae2c7f8-e0c6-4f35-9071-dc3240e894a8\" rel=\"nofollow ugc\">https://www.amazon.com/gp/product/B074D9F4R1?pf_rd_r=5WCTXPKMHR9RYVZE3G9R&amp;pf_rd_p=5ae2c7f8-e0c6-4f35-9071-dc3240e894a8</a></p>\n<p>我想了解的是：麥芽是一種平常的食物還是個需要在中藥行才買的到的東西。</p>\n<p>謝謝</p>",
              "level": 2,
              "highlight": false,
              "children": [
                {
                  "id": "a87bd4d84a2060dfcc543e1f2b0216cd",
                  "author": "ET",
                  "time": "2021年01月21日 02:22",
                  "content": "<p><a href=\"https://zh.wikipedia.org/wiki/%E9%BA%A6%E8%8A%BD\" rel=\"nofollow ugc\">https://zh.wikipedia.org/wiki/%E9%BA%A6%E8%8A%BD</a></p>\n<p>你可以参考这个，基本上是一样的。</p>",
                  "level": 3,
                  "highlight": false,
                  "children": [
                    {
                      "id": "642874a5750c046feb9f4e2a0f338efc",
                      "author": "CAT",
                      "time": "2021年01月23日 11:20",
                      "content": "<p>謝謝! 那麼malt 買回來也是先泡水發芽然後再炒嗎？</p>",
                      "level": 4,
                      "highlight": false,
                      "children": []
                    },
                    {
                      "id": "b7ec069315567517199449bdfee2add7",
                      "author": "ET",
                      "time": "2021年01月23日 17:54",
                      "content": "<p>malt已经是发了芽的，应该是中药的“生麦芽”，你可以再炒成“炒麦芽”。可以参考以下：<br/>\n<a href=\"https://zhongyibaike.com/wiki/%E7%94%9F%E9%BA%A6%E8%8A%BD\" rel=\"nofollow ugc\">https://zhongyibaike.com/wiki/%E7%94%9F%E9%BA%A6%E8%8A%BD</a></p>",
                      "level": 4,
                      "highlight": false,
                      "children": []
                    }
                  ]
                }
              ]
            }
          ]
        }
      ]
    },
    {
      "id": "e67a106b62f36e195c8f45dd4e05185a",
      "author": "葛根",
      "time": "2021年07月16日 12:11",
      "content": "<p>李老师你好，为什么妇人篇已经怀孕了还出现附子汤，按道理子宫寒不是怀不了吗</p>",
      "level": 0,
      "highlight": false,
      "children": [
        {
          "id": "ad42a786a8013d7e4566defed6d70c04",
          "author": "李宗恩",
          "time": "2021年07月17日 16:57",
          "content": "<p>人體不是零或一，子宫寒不一定寒到不能懷疑。</p>",
          "level": 1,
          "highlight": true,
          "children": [
            {
              "id": "8fb09d2ab9521365998f8e36d5576c58",
              "author": "葛根",
              "time": "2021年07月17日 18:49",
              "content": "<p>谢谢李老师，是否已经怀了再受到寒也是有可能的？</p>",
              "level": 2,
              "highlight": false,
              "children": []
            }
          ]
        }
      ]
    }
  ],
  "page": 39,
  "order": 7,
  "filename": "data\\page39\\page39_order6_7679a3d3c1d042260f26bc0c6045d287.json"
}