{
  "article_url": "https://andylee.pro/wp/?p=5520",
  "title": "從「我們與惡的距離」談起",
  "content": "<figure class=\"wp-block-image\"><img alt=\"\" class=\"wp-image-4294\" decoding=\"async\" fetchpriority=\"high\" height=\"821\" sizes=\"(max-width: 1024px) 100vw, 1024px\" src=\"https://andylee.pro/wp/wp-content/uploads/2017/05/18556601_1702647753362670_5774095016947361042_o-1024x821.jpg\" srcset=\"https://andylee.pro/wp/wp-content/uploads/2017/05/18556601_1702647753362670_5774095016947361042_o-1024x821.jpg 1024w, https://andylee.pro/wp/wp-content/uploads/2017/05/18556601_1702647753362670_5774095016947361042_o-300x240.jpg 300w, https://andylee.pro/wp/wp-content/uploads/2017/05/18556601_1702647753362670_5774095016947361042_o-768x615.jpg 768w, https://andylee.pro/wp/wp-content/uploads/2017/05/18556601_1702647753362670_5774095016947361042_o.jpg 1530w\" width=\"1024\"/></figure>\n<p>最近台灣有一齣很火紅的電視劇「我們與惡的距離」，以精神疾病病患造成的社會問題為主題，討論當精神病患隨機殺人後，受害人家屬、被害人家屬、媒體、社會大眾、以及司法人士等等的互動，深入人性的善與惡，感動了很多觀眾，也引起許多法律及社會如何處理及幫助精神病患的話題。</p>\n<p>劇中強調精神病患必須長期接受藥物治療，不過，也特意凸顯出服用精神科藥物的嚴重副作用，譬如智力及行為能力大幅下降、身體協調變差等等。這齣電視劇把這樣的治療方法定位為「無法避免的壞處（necessary evil）」，因為沒有其它更好的辦法來幫助那些精神病患。換句話說，為了讓那些精神病患繼續生活下去，不去暴力傷害別人，唯一的辦法是用精神科藥物把他們的大腦給「廢了」，就好比用化學藥物為強暴犯「去勢」一樣的思維。</p>\n<p>真的沒有其它辦法了嗎？兩年前，我應公民人權協會（CCHR）、國際同濟會、國際獅子會的邀請，到台中參加公益講座「除了吃藥，我還能做什麼? — 探討精神障礙多重原因，藥物並非唯一選擇」，專題演講的題目為「給不想再吃精神科藥物的你 — 從中醫的成功個案臨床經驗談起」。在活動之前與之後的好幾個月，我和許多精神科臨床醫師交流討論，不少精神科醫師也深刻認知，這樣長期藥物治療並不是辦法，有些精神科醫師也開始拒絕使用化學藥物，嘗試使用另類療法，譬如音樂療法等等。</p>\n<p>其實，中醫是可以大幅幫助精神病患的，我幫助過不少精神病患，從憂鬱症（Depression）、躁鬱症（Bipolar Disorder)、自殺傾向（Suicidal）、注意力不足過動症（ADHD）、強迫症（OCD）、自閉症（Autism）、迫害妄想症（Paranoia），到有幻覺幻聽、無故打人罵人等等的精神問題。中醫認為，五臟六腑皆和我們有意識及無意識的心智活動有直接關聯，肝心脾肺腎、各主魂神意魄志，生理和心理互相影響，心理不同的問題會導致不同器官的生理問題，而不同器官的生理問題也會導致不同的心理問題，惡性循環下，導致身體及精神有嚴重的不正常表現。對於這樣生理心理互相的影響，中醫從生理下手，器官的問題轉好一些，對生理的負面影響會減少一些，生理問題輕微一些，器官問題也就再好一些。如此，利用中醫治療，打破生理與心理的惡性循環，轉為良性循環，精神問題逐漸減輕，乃至完全康復。</p>\n<p>這聽起來好像有些玄，其實，越來越多的醫學研究觀察注意到了這個關聯性。人體腸道內有數百萬神經元，不亞於腦內的神經功能，已經被現代醫學認為是「第二大腦」。大腸內的毒蛋白及其它有毒物質，被認為極有可能是老年癡呆症、帕金森氏症、自閉症等的根本原因。世界各地器官移植的病人，肝心脾肺腎或其它器官的移植，已經有數十萬個病例在器官移植後，發現個性、人格、興趣、技能、生活習慣等等不同心智活動的明顯改變，讓接受器官移植的病人變得與捐贈器官的人更加相似。「細胞層次記憶（cell level memory）」也慢慢被主流接受，認為每個細胞都會帶有某些記憶，對人體的整體功能有一定程度的影響。</p>\n<p>面對社會上越來越多的精神病患，目前精神科主流走上兩條路。一是使用更多、更強的化學藥物，這部分不需要再多討論，絕大多數的精神科醫師認為這是沒有辦法的辦法。二是重新使用以前流行過的電擊方法，換個方式，新的電擊方法變得比較「高科技」，可以把微小的儀器植入腦殼裡面，當儀器偵測到腦內「異常放電」現象，就依據事先設定的「程序」，放電電擊大腦特定部位，以「修正」、「掩蓋」精神科醫師認為的「異常放電」。這樣的方法，挺「科技」的，但是一點都不「科學」，和用化學藥物把精神病患「廢了」異途同歸，外來強加的放電，遲早有一天會把大腦搞得更換亂，產生更多、更大的問題。</p>\n<p>既然台灣公視製作組要探討精神病患的長期治療及衍生的社會問題，很有心的製作電視劇來引起各方專家及社會大眾的討論，那麼，是不是應該多花些時間及心力去深入了解中醫治療精神疾病的效果，以及那些因為中醫治療而康復、得以重回正常生活的病人故事呢？</p>",
  "article_time": "2019年04月26日 17:21",
  "comments": [
    {
      "id": "ab0bb2b084ecaef0d12771ef2067e23d",
      "author": "小宝宝",
      "time": "2019年04月27日 03:51",
      "content": "<p>很开心的 给李医师说，昨天朋友儿子高烧咳嗽发冷口渴有青褐色的鼻涕，地图舌，问好症状，开了大青龙汤。因为麻黄在北京属于有处方才能抓，只能换别的 。今天找另外一个很厉害的中医开了 一副，以大青龙为主加味的。麻黄9g，杏仁9g，生石膏30g,生甘草10g,前胡10g,白前10g,芦根30g,苏子10g,浙贝10g,僵蚕10g,桔梗10g,射干10g,炙杷叶10g,桑皮10g,辛夷花10,白芷10，鱼腥草25g,葶苈子10g,败酱草25g,青黛5g,煅蛤壳25g. 很多草药伤寒金匮没有见过，查查本草，有以清热解毒为主，没有用桂枝应该是因为孩子没有肌肉酸痛，而以肺为主。</p>\n<p>当辩证知道表寒里热，没有收到西医的病毒性感冒影响的时候，真是一种很大的进步。</p>",
      "level": 0,
      "highlight": false,
      "children": [
        {
          "id": "fd5bf394c129338f4400d89da82406ff",
          "author": "JonsonKu",
          "time": "2019年04月27日 16:15",
          "content": "<p>一个比较接近的案例。6岁半的孩子，高烧40度，西药退烧2天不成功。皮肤发烫，口渴爱喝冷水，后脑勺痛。人参白虎汤–4小碗，8个时辰烧退，胃口恢复。葛根汤–2小碗，汗出。桂枝汤喝3天调整下阴阳。楼上用了22味药材，2/3的药材与这个症状无关。</p>",
          "level": 1,
          "highlight": false,
          "children": []
        }
      ]
    },
    {
      "id": "3db3d6d0b5ce02b57371c66908979441",
      "author": "小宝宝",
      "time": "2019年04月28日 07:52",
      "content": "<p>嘿嘿…那些在中医堂坐诊的大夫开的吆，病发直接开大青龙汤就会好很多。这个老大夫还很厉害呢。</p>",
      "level": 0,
      "highlight": false,
      "children": []
    },
    {
      "id": "af58692aba330abdb75ac7b0826050cb",
      "author": "山林雾霭",
      "time": "2019年05月08日 21:04",
      "content": "<p>我想太多人并不了解中医能治疗精神类的疾病，更不了解人的心理和生理的相互影响，很多人觉得精神问题是基因的问题。大众媒体还是缺少以中医为切入点，来揭示各种社会问题的影视类节目。不知这部大火的电视剧有提出什么解决问题的想法吗？谢谢分享！</p>",
      "level": 0,
      "highlight": false,
      "children": [
        {
          "id": "7827a6525d8b02bcc6c0123a81a16f38",
          "author": "andy",
          "time": "2019年05月12日 19:35",
          "content": "<p>這部電視劇只表達了精神病患得接受治療，即使服用精神科藥物會有很多副作用，還是得繼續服用。電視劇製作小組應該多花些時間去了解中醫治療精神病患的情況，對社會大眾提出不一樣的解決方法。</p>",
          "level": 1,
          "highlight": true,
          "children": []
        }
      ]
    },
    {
      "id": "d27c230a71951c292cc1da0fa74b71ab",
      "author": "廖欣强",
      "time": "2019年05月29日 12:36",
      "content": "<p>老中医这部大陆国产剧，把中医描述得有点太过了，所有的故事情节表现的过于轻浮，整部剧情提到的都是如何成为大医名医，这也很符合当下的国情，整个社会都充满了急功近利的心态，拍出来的片子就是最好的证据，或许国内真的没有大师级的中医了，不然编剧导演怎么会把片子拍成这样呢？</p>",
      "level": 0,
      "highlight": false,
      "children": [
        {
          "id": "12316de77f3b8b980acc3a3320807880",
          "author": "andy",
          "time": "2019年05月30日 15:03",
          "content": "<p>許多人過度渲染及誇大中醫，這樣其實會害了中醫。</p>",
          "level": 1,
          "highlight": true,
          "children": []
        }
      ]
    },
    {
      "id": "c2ccf1f22a0b0d0135a8a3ca1c67e2f6",
      "author": "0909",
      "time": "2020年12月29日 09:02",
      "content": "<p>吃中药又不能报仇，不报仇又怎么会让心里好受呢。难道人生剧本能决定那么多事情，命中就注定要被他害吗。我知道报复的心会让人变得阴暗，不要执着于过去……这个世界是不是有很多冰冷的法则，法则规定了不能报仇？<br/>\n不好意思，冒昧说了这么消极的问题。</p>",
      "level": 0,
      "highlight": false,
      "children": [
        {
          "id": "5b23468714076dd1c6cf5daad302290e",
          "author": "慕中",
          "time": "2020年12月29日 20:32",
          "content": "<p>在旧约圣经律法時代中有以牙还牙以眼还眼的法则,到了新约恩典時代耶稣的教導却是打右脸给左脸。现代社会中处理纠纷,或者对簿公堂,或者尋求和解,但不论用何方式,想一切称心如意,确实有所不能及,即使对霸凌者施以法律之外所谓的復仇或報復亦然,因为你我仍有道德甚至良心生来俱有的约束。西药用阻断的方式快速压抑精神疾病病情,对患者本人还是比较不公平,即便可能短期中顧全了大部份人的共同利益。但中药的使用(我个人的经验而言）确实较全面照料了患者与家庭社会各面利益。以上仅为个人浅见供您参攷。</p>",
          "level": 1,
          "highlight": false,
          "children": []
        },
        {
          "id": "8a401b97d5eb9ad91ba2154d3d845930",
          "author": "周江浩",
          "time": "2022年04月25日 20:25",
          "content": "<p>我最近也看到一个视频：一位中年大叔被换了心脏后，精力旺盛，像个小年轻一样，性格也发生了些变化：以前很温顺的一个人，现在会跟人大骂甚至打架，以前对妻子不闻不问，现在会说甜言蜜语。后来得知，那个心脏是从一个年轻的社会小伙那里换过来的。（心主神？神主思维？）</p>",
          "level": 1,
          "highlight": false,
          "children": []
        }
      ]
    },
    {
      "id": "7619927201ceaba48e3803b8a77e3bbf",
      "author": "0909",
      "time": "2020年12月31日 03:10",
      "content": "<p>谢谢。然而，大家也只是一个自求多福，在恶人面前瑟瑟发抖的小绵羊，头上顶着正人君子的冠冕。毕竟谁愿意在斧头帮面前做出头鸟，去拯救世界呢。</p>",
      "level": 0,
      "highlight": false,
      "children": []
    },
    {
      "id": "5605a8b8498a92084166ac0832f2dca7",
      "author": "李晨",
      "time": "2020年12月31日 14:59",
      "content": "<p>李医生，我也想读书然后拿一个中医执照，做一些有意义的事情。<br/>\n 深圳汉唐中医诊所 的林宗毅，李较利，林传魁，两位台湾过来的医生看病功力怎么样呢？</p>",
      "level": 0,
      "highlight": false,
      "children": [
        {
          "id": "ab0be9dd32dbbc59a3eb105c114e6ce8",
          "author": "李宗恩",
          "time": "2020年12月31日 17:54",
          "content": "<p>我不清楚。一般而言，一位醫師功力好，四周的人大概都會知道，不難打聽。很少有什麼「隱姓埋名的高手」，即使醫師要病人幫忙保密、不要宣傳，一旦病人嚴重問題被醫師治好了，病人一定會大力要求生病的至親好友找這位醫師看診，這是人性，一傳十、十傳百，厲害的醫師想低調幾乎都是不可能的。</p>",
          "level": 1,
          "highlight": true,
          "children": []
        }
      ]
    }
  ],
  "page": 30,
  "order": 2,
  "filename": "data\\page30\\page30_order1_fd5bf394c129338f4400d89da82406ff.json"
}