{
  "article_url": "https://andylee.pro/wp/?p=13537",
  "title": "新年快樂",
  "content": "<figure class=\"wp-block-video\"><video controls=\"\" src=\"https://andylee.pro/wp/wp-content/uploads/2025/01/Happy-New-Year.mp4\"></video></figure>",
  "article_time": "2025年01月27日 09:07",
  "comments": [
    {
      "id": "7461a407a5286c19355440ca68ccbdd4",
      "author": "身未动、心已远",
      "time": "2025年01月27日 16:12",
      "content": "<p>新年快乐！老师你眼袋有点肿，注意休息好哦！</p>",
      "level": 0,
      "highlight": false,
      "children": [
        {
          "id": "388f70b7bb2f726759d9ea2ec3f8cc9e",
          "author": "李宗恩",
          "time": "2025年02月03日 13:03",
          "content": "<p>謝謝你的關心。</p>",
          "level": 1,
          "highlight": true,
          "children": [
            {
              "id": "ce8f8282e4d26531366f569a96929b98",
              "author": "我真滴好想吃鸡比饭",
              "time": "2025年02月10日 07:24",
              "content": "<p>新年快乐！老师您的眼袋有点大诶，按照我在某位老先生那里看到的说法，您这是子女很棒欸，您将会为您的子女为荣，所以眼袋捧起来哈哈哈哈，不过还是注意休息哈，期待您的每一个新视频哈</p>",
              "level": 2,
              "highlight": false,
              "children": [
                {
                  "id": "ff094f1d4b73cad0a31818027623375e",
                  "author": "李宗恩",
                  "time": "2025年02月10日 15:32",
                  "content": "<p>謝謝你的關心。</p>",
                  "level": 3,
                  "highlight": true,
                  "children": []
                }
              ]
            }
          ]
        }
      ]
    },
    {
      "id": "af0cf7bbfb21eeebf8c48bfeff3ebc05",
      "author": "已忘言",
      "time": "2025年01月27日 16:26",
      "content": "<p>李医师，祝您和贵诊所的所有工作人员新年快乐！感谢您们对中医的传承所做的付出!感谢您们对人类的健康做出的贡献!</p>",
      "level": 0,
      "highlight": false,
      "children": [
        {
          "id": "644af9107d674ba3a06a72908115737c",
          "author": "李宗恩",
          "time": "2025年02月03日 13:03",
          "content": "<p>新年快樂！</p>",
          "level": 1,
          "highlight": true,
          "children": []
        }
      ]
    },
    {
      "id": "f431b5c00aeb35f759496067f77d0e10",
      "author": "宇",
      "time": "2025年01月27日 16:50",
      "content": "<p>李医师，新年快乐！</p>",
      "level": 0,
      "highlight": false,
      "children": [
        {
          "id": "361ca7d9a3938021796cb2534ccb73c0",
          "author": "李宗恩",
          "time": "2025年02月03日 13:03",
          "content": "<p>新年快樂！</p>",
          "level": 1,
          "highlight": true,
          "children": []
        }
      ]
    },
    {
      "id": "803e356ccad46a920f140b370bfceada",
      "author": "jianghao",
      "time": "2025年01月27日 17:16",
      "content": "<p>李医师，新年快乐。</p>",
      "level": 0,
      "highlight": false,
      "children": [
        {
          "id": "243e04e00424e824522a462b9d62e473",
          "author": "李宗恩",
          "time": "2025年02月03日 13:04",
          "content": "<p>新年快樂！</p>",
          "level": 1,
          "highlight": true,
          "children": []
        }
      ]
    },
    {
      "id": "4a50e6364169650c4d144a7ed17206a6",
      "author": "过江之鲫",
      "time": "2025年01月27日 17:55",
      "content": "<p>新年快乐李医师，祝您医道精进，平安喜乐。</p>",
      "level": 0,
      "highlight": false,
      "children": [
        {
          "id": "cef5b76fec13d5bee33820159ac2eb30",
          "author": "李宗恩",
          "time": "2025年02月03日 13:04",
          "content": "<p>新年快樂！</p>",
          "level": 1,
          "highlight": true,
          "children": []
        }
      ]
    },
    {
      "id": "719eabd2da3acfb62ead9eb055792e1a",
      "author": "离中虚",
      "time": "2025年01月27日 18:04",
      "content": "<p>尊敬的李宗恩医师：  </p>\n<p>在新的一年里，愿您身体健康，平安喜乐！感谢您一直以来在医学领域的辛勤付出与无私奉献，您的仁心仁术为无数患者带来了希望与康复。愿您在未来的日子里，继续以精湛的医术和高尚的医德，照亮更多人的生命之路。同时，也愿您在工作之余，享受生活的美好，收获更多的幸福与满足。新年快乐，万事如意！  </p>\n<p>（李医师这段祝福语，是我用Deepseek应用软件写的：）哈哈哈）</p>",
      "level": 0,
      "highlight": false,
      "children": [
        {
          "id": "e43b227b4b751bd959f3b0bd0356e324",
          "author": "李宗恩",
          "time": "2025年02月03日 13:04",
          "content": "<p>新年快樂！</p>",
          "level": 1,
          "highlight": true,
          "children": []
        }
      ]
    },
    {
      "id": "3b9af4b49b199f024a88d5a51da4ef3b",
      "author": "黄晓芳",
      "time": "2025年01月27日 18:14",
      "content": "<p>李老師 乙巳新春 平安喜樂！</p>",
      "level": 0,
      "highlight": false,
      "children": [
        {
          "id": "8c0a7bf175e82f2038af5f4d81e212d0",
          "author": "李宗恩",
          "time": "2025年02月03日 13:04",
          "content": "<p>新年快樂！</p>",
          "level": 1,
          "highlight": true,
          "children": []
        }
      ]
    },
    {
      "id": "7dd93faf59b8031c8cb4a961b2a5a298",
      "author": "裘松茂",
      "time": "2025年01月27日 18:49",
      "content": "<p>李老师(医生)及诊所的工作人员，新年快乐呀，身体健康，万事如意，没有烦恼，阖家幸福，大家共同努力进步！</p>",
      "level": 0,
      "highlight": false,
      "children": [
        {
          "id": "83e79919e58a3d6f6641c815db28db21",
          "author": "一苇渡江",
          "time": "2025年01月28日 03:27",
          "content": "<p>恭祝博士阖家幸福！新春快乐！蛇年健康顺遂，平安喜乐，所求皆如愿，所行皆坦途！</p>",
          "level": 1,
          "highlight": false,
          "children": [
            {
              "id": "274e3084fe7c3e3e96a4acc31d9ea83b",
              "author": "李宗恩",
              "time": "2025年02月03日 13:05",
              "content": "<p>新年快樂！</p>",
              "level": 2,
              "highlight": true,
              "children": []
            }
          ]
        },
        {
          "id": "edbf4a983ec77c80b0041ac9158c0c43",
          "author": "李宗恩",
          "time": "2025年02月03日 13:04",
          "content": "<p>新年快樂！</p>",
          "level": 1,
          "highlight": true,
          "children": []
        }
      ]
    },
    {
      "id": "8537bbc301764fb58562994f0f5589c1",
      "author": "清源",
      "time": "2025年01月27日 19:26",
      "content": "<p>李醫師新年快樂呀，祝萬事順遂，闔家安康。</p>",
      "level": 0,
      "highlight": false,
      "children": [
        {
          "id": "46e581e77d2706785b78d4f3a2504bb4",
          "author": "李宗恩",
          "time": "2025年02月03日 13:04",
          "content": "<p>新年快樂！</p>",
          "level": 1,
          "highlight": true,
          "children": []
        }
      ]
    },
    {
      "id": "a303d8cbb7a2b6af592eb6ce73334194",
      "author": "三",
      "time": "2025年01月27日 20:21",
      "content": "<p>李老师新年快乐，身体健康。</p>",
      "level": 0,
      "highlight": false,
      "children": [
        {
          "id": "8515a4569a4ba11cd7fa1851d21443bb",
          "author": "李宗恩",
          "time": "2025年02月03日 13:04",
          "content": "<p>新年快樂！</p>",
          "level": 1,
          "highlight": true,
          "children": []
        }
      ]
    },
    {
      "id": "c329d9596ef3c71a08f7cac40d71f402",
      "author": "文凯",
      "time": "2025年01月27日 21:27",
      "content": "<p>李师，新年快乐！</p>",
      "level": 0,
      "highlight": false,
      "children": [
        {
          "id": "99a0d2e37681ef56a5593e1dacebe0fd",
          "author": "李宗恩",
          "time": "2025年02月03日 13:04",
          "content": "<p>新年快樂！</p>",
          "level": 1,
          "highlight": true,
          "children": []
        }
      ]
    },
    {
      "id": "ad72e43cdf2a8c9e7a079b627d8cf1d4",
      "author": "古道",
      "time": "2025年01月28日 01:03",
      "content": "<p>祝李博士及診所工作人員新年快樂</p>",
      "level": 0,
      "highlight": false,
      "children": [
        {
          "id": "0bc3a10281fc783f574bc87b586a149d",
          "author": "李宗恩",
          "time": "2025年02月03日 13:05",
          "content": "<p>新年快樂！</p>",
          "level": 1,
          "highlight": true,
          "children": []
        }
      ]
    },
    {
      "id": "7a0f8e76062f3800fc51180af49ba555",
      "author": "柯迩",
      "time": "2025年01月28日 04:31",
      "content": "<p>李醫師新年快樂！</p>",
      "level": 0,
      "highlight": false,
      "children": [
        {
          "id": "353b7fa137b1d3723eef9d698634a965",
          "author": "李宗恩",
          "time": "2025年02月03日 13:05",
          "content": "<p>新年快樂！</p>",
          "level": 1,
          "highlight": true,
          "children": []
        }
      ]
    },
    {
      "id": "9f4ae230fc7bae55c5a3717e90e3e3e9",
      "author": "大小灼",
      "time": "2025年01月28日 05:54",
      "content": "<p>新年快乐，好希望您长生不老</p>",
      "level": 0,
      "highlight": false,
      "children": [
        {
          "id": "2ad17580d286ebb05133d00b6f02c90f",
          "author": "李宗恩",
          "time": "2025年02月03日 13:05",
          "content": "<p>新年快樂！</p>",
          "level": 1,
          "highlight": true,
          "children": []
        }
      ]
    },
    {
      "id": "4b2f618ac34e23ce02de8c6db161d0d2",
      "author": "慕中",
      "time": "2025年01月28日 06:37",
      "content": "<p>與蛇俱進 蜕變新生！祝福李醫師蛇麼攏賀！</p>",
      "level": 0,
      "highlight": false,
      "children": [
        {
          "id": "4a5d2d27febdef372398ed4b9e514809",
          "author": "李宗恩",
          "time": "2025年02月03日 13:06",
          "content": "<p>新年快樂！</p>",
          "level": 1,
          "highlight": true,
          "children": []
        }
      ]
    },
    {
      "id": "d3720018b70b53e674ff0a5ead8d0fe6",
      "author": "郝敬磊",
      "time": "2025年01月28日 07:08",
      "content": "<p>李老師，祝您新年快樂！</p>",
      "level": 0,
      "highlight": false,
      "children": [
        {
          "id": "35f131d7e5aea6818187bbd86d0b74c1",
          "author": "李宗恩",
          "time": "2025年02月03日 13:06",
          "content": "<p>新年快樂！</p>",
          "level": 1,
          "highlight": true,
          "children": []
        }
      ]
    },
    {
      "id": "5ee5df4aa31dd4207f62915568d50b33",
      "author": "呼呼",
      "time": "2025年01月28日 07:21",
      "content": "<p>李医师，新年快乐！</p>",
      "level": 0,
      "highlight": false,
      "children": [
        {
          "id": "e38dc70606f84c832b05e14d6c8faa78",
          "author": "李宗恩",
          "time": "2025年02月03日 13:06",
          "content": "<p>新年快樂！</p>",
          "level": 1,
          "highlight": true,
          "children": []
        }
      ]
    },
    {
      "id": "8ce523e4a3c53265f02a17630165edab",
      "author": "小宇宙",
      "time": "2025年01月28日 09:42",
      "content": "<p>祝李师及家人新年快乐，祝诊所的同仁们新年快乐</p>",
      "level": 0,
      "highlight": false,
      "children": [
        {
          "id": "71b5b367dad5e4339d3dcc4de505724b",
          "author": "李宗恩",
          "time": "2025年02月03日 14:20",
          "content": "<p>新年快樂！</p>",
          "level": 1,
          "highlight": true,
          "children": []
        }
      ]
    },
    {
      "id": "8aaf48180bb6762e71ca6835a7db224f",
      "author": "R",
      "time": "2025年01月28日 16:34",
      "content": "<p>祝李医生新年快乐！蛇年大吉！万事如意！<br/>\n感谢你分享的信息，非常鼓舞人心！</p>",
      "level": 0,
      "highlight": false,
      "children": [
        {
          "id": "7cbdd35c829798e136f46f76b488d9da",
          "author": "李宗恩",
          "time": "2025年02月03日 14:20",
          "content": "<p>新年快樂！</p>",
          "level": 1,
          "highlight": true,
          "children": []
        }
      ]
    },
    {
      "id": "fcda03c1dd71e57c34cabf058c9409f0",
      "author": "杨学锐",
      "time": "2025年01月28日 17:26",
      "content": "<p>亲爱的李老师，新年快乐！<br/>\n祝您工作顺利，身体健康！</p>",
      "level": 0,
      "highlight": false,
      "children": [
        {
          "id": "2d9209514b42d48556d172742fc166ff",
          "author": "李宗恩",
          "time": "2025年02月03日 14:21",
          "content": "<p>新年快樂！</p>",
          "level": 1,
          "highlight": true,
          "children": []
        }
      ]
    },
    {
      "id": "785cb81d90c61058a5caabc42c1f7355",
      "author": "一壶酒",
      "time": "2025年01月28日 17:44",
      "content": "<p>李博士，新年快乐！</p>",
      "level": 0,
      "highlight": false,
      "children": [
        {
          "id": "08ccfa555b12104f12e65dcc1c4aa806",
          "author": "李宗恩",
          "time": "2025年02月03日 14:21",
          "content": "<p>新年快樂！</p>",
          "level": 1,
          "highlight": true,
          "children": []
        }
      ]
    },
    {
      "id": "899862505fef25c52b8ddc6d736c64f9",
      "author": "Dking",
      "time": "2025年01月28日 18:02",
      "content": "<p>祝李医生和诊所全体职工新年快乐哦</p>",
      "level": 0,
      "highlight": false,
      "children": [
        {
          "id": "0b864a091bd78c1fdb9299259cd775df",
          "author": "李宗恩",
          "time": "2025年02月03日 14:21",
          "content": "<p>新年快樂！</p>",
          "level": 1,
          "highlight": true,
          "children": []
        }
      ]
    },
    {
      "id": "76c4f1a03d56cceda3260d3e1f8a4028",
      "author": "韩晓龙",
      "time": "2025年01月29日 02:03",
      "content": "<p>李师，新年快乐！祝李师事业精进，身体健康。作为中医爱好者，给亲朋好友送李师的书我认为是最好的礼物，我已送出6本给有缘人。希望借此能为宣传正统中医出分力。</p>",
      "level": 0,
      "highlight": false,
      "children": [
        {
          "id": "ad64e9109a27919665ca1d43e5ae510b",
          "author": "李宗恩",
          "time": "2025年02月03日 14:26",
          "content": "<p>新年快樂！謝謝你幫忙宣傳中醫！</p>",
          "level": 1,
          "highlight": true,
          "children": []
        }
      ]
    },
    {
      "id": "6f295c0dfd1df358dd2b6931c3ec5156",
      "author": "王彦强",
      "time": "2025年01月29日 19:07",
      "content": "<p>李医师新年快乐！</p>",
      "level": 0,
      "highlight": false,
      "children": [
        {
          "id": "f5643cd12be949ceb83a03289c29f25a",
          "author": "李宗恩",
          "time": "2025年02月03日 14:26",
          "content": "<p>新年快樂！</p>",
          "level": 1,
          "highlight": true,
          "children": []
        }
      ]
    },
    {
      "id": "792c5e88e373ec09d14d2513eb57ea3e",
      "author": "橙子",
      "time": "2025年01月29日 21:13",
      "content": "<p>李医生新春快乐祝您乙巳年事事顺利，身体健康。</p>",
      "level": 0,
      "highlight": false,
      "children": [
        {
          "id": "647887c99025b4d7a64ce67413e3b2c5",
          "author": "李宗恩",
          "time": "2025年02月03日 14:38",
          "content": "<p>新年快樂！</p>",
          "level": 1,
          "highlight": true,
          "children": []
        }
      ]
    },
    {
      "id": "c06b6c1549c7e49f11d994a82ff8fde2",
      "author": "irishoo",
      "time": "2025年01月29日 21:41",
      "content": "<p>老师，新年快乐！老师有想在小红书上开频道吗？我在上面看到经常有美国的朋友询问中医，他们也想得到这类治疗到求助无门！我们也在小红书上教他们多喝热水跟预防痛经的小技巧</p>",
      "level": 0,
      "highlight": false,
      "children": [
        {
          "id": "a61f530ffdd1418e4e01994f9d5627c3",
          "author": "李宗恩",
          "time": "2025年02月03日 14:40",
          "content": "<p>新年快樂！小红書確實有宣傳效用，目前自己時間不足，不過，看到許多人轉貼文章及視頻。</p>",
          "level": 1,
          "highlight": true,
          "children": []
        }
      ]
    },
    {
      "id": "187dbea7bc045c769eb5ba9d272488fa",
      "author": "123",
      "time": "2025年01月31日 15:58",
      "content": "<p>李老师，新年快乐，感谢您为中医传承的付出</p>",
      "level": 0,
      "highlight": false,
      "children": [
        {
          "id": "2fbb60991a6c118ece3bed7a5bf0fb12",
          "author": "李宗恩",
          "time": "2025年02月03日 14:45",
          "content": "<p>新年快樂！</p>",
          "level": 1,
          "highlight": true,
          "children": []
        }
      ]
    },
    {
      "id": "13d210aa4c6127d21508612f0ff2eade",
      "author": "子剑",
      "time": "2025年01月31日 18:38",
      "content": "<p>李老师新年快乐～</p>",
      "level": 0,
      "highlight": false,
      "children": [
        {
          "id": "5591618ea541e4ed095f5582a0001a6a",
          "author": "李宗恩",
          "time": "2025年02月03日 14:47",
          "content": "<p>新年快樂！</p>",
          "level": 1,
          "highlight": true,
          "children": []
        }
      ]
    },
    {
      "id": "43a14379ce4de593e7e767bd678d6d68",
      "author": "WY",
      "time": "2025年01月31日 19:50",
      "content": "<p>祝李老师及家人新年快乐！祝诊所的老师们新年快乐！</p>",
      "level": 0,
      "highlight": false,
      "children": [
        {
          "id": "c3e8b6d83f63f0f5e68e1e4db3f2af2d",
          "author": "李宗恩",
          "time": "2025年02月03日 15:42",
          "content": "<p>新年快樂！</p>",
          "level": 1,
          "highlight": true,
          "children": []
        }
      ]
    },
    {
      "id": "dda3191896d7dcdac0de90f313335964",
      "author": "爱中医",
      "time": "2025年02月01日 12:23",
      "content": "<p>感谢李医师的新春祝福 我一直关注您的分享 受益匪浅 也祝所有来到这里的朋友新年快乐 我们虽然背景不同 但都希望通过李医师学习或解决人体平衡的方法和奥秘 您通过答疑 报告 带学生等方式传播中医 非常宝贵 但也有限</p>\n<p>英伟达图形卡加速在人工智能的应用掀起了人类新一轮技术革命 有幸参与其中 这不仅为各行各业带来了新的挑战 也创造了前所未有的机遇 尤其是对依赖大脑探索世界的人来说 人工智能无疑是一个强大的工具 各领域迭代加速</p>\n<p>希望李医师多参与训练中医人工智能的工作 （相信你已经参与）我相信能够服务全人类解决大众疾病的中医人工智能很快就会到来 希望你的加入能加速这个过程 培养出体现中医本来面目的人工大脑</p>\n<p>期待李医师和所有有缘人一起 借助人工智能继续探索未知领域 共同进步</p>",
      "level": 0,
      "highlight": false,
      "children": [
        {
          "id": "d2fd753f53633e0329330c6d0b123a2d",
          "author": "李宗恩",
          "time": "2025年02月03日 15:31",
          "content": "<p>是的，新一代的ChatGPT、DeepSeek等，把人工智能提升到前所未有的高度，對中醫勢必有影響。目前中國大陸宣傳中醫人工智能的公司，幾乎都停留在很粗淺的症狀對應及比重加權搜尋，那是三十年前的觀念，根本不是這十年來所謂的人工智能。當然，結合中醫及最新人工智能技術，不是一件簡單的工作，更何況真正的人工智能專家都忙於主流市場更能接受的項目，很少人有時間及意願來參與中醫人工智能開發。</p>",
          "level": 1,
          "highlight": true,
          "children": [
            {
              "id": "d0c4a662b8fe32f9d1b95281d7fe3cd6",
              "author": "爱中医",
              "time": "2025年02月03日 22:11",
              "content": "<p>感谢您的分享 的确 要训练出体现中医本来面目的专业模型还有很多挑战 资源 数据 算法等等 </p>\n<p>现在人工智能与中医的结合也越来越多 方向也多样 李医师从科技领域走进中医 如果再将中医精髓引入人工智能  中医必将会为更多人受益</p>\n<p>通用人工智能模型已经表现出辅助中医进行逻辑推理的潜在能力 有兴趣可以参考以下来自华兴医社的视频<br/>\n<a href=\"https://b23.tv/gHKmCd8\" rel=\"nofollow ugc\">https://b23.tv/gHKmCd8</a><br/>\n<a href=\"https://b23.tv/WLPFke5\" rel=\"nofollow ugc\">https://b23.tv/WLPFke5</a></p>\n<p>未来的专业模型更不可预测</p>",
              "level": 2,
              "highlight": false,
              "children": [
                {
                  "id": "b5d707ae165589c54da34c0776808fb4",
                  "author": "李宗恩",
                  "time": "2025年02月10日 14:25",
                  "content": "<p>謝謝你的分享，目前使用DeepSeek等來輔助看診，重點在於使用者，如果使用者知道如何引導系統來做複雜的思考，如果只是輸入單純的症狀組合，那麼就和網上搜尋資料差別不大。</p>",
                  "level": 3,
                  "highlight": true,
                  "children": []
                }
              ]
            }
          ]
        }
      ]
    },
    {
      "id": "88b89c2b0e0c4ac878bde96d844bb7b8",
      "author": "彬彬",
      "time": "2025年02月03日 16:30",
      "content": "<p>祝老师新年快乐。身体健康。</p>",
      "level": 0,
      "highlight": false,
      "children": [
        {
          "id": "4f40530a1d062f26717539a67bef2c71",
          "author": "李宗恩",
          "time": "2025年02月03日 19:32",
          "content": "<p>新年快樂！</p>",
          "level": 1,
          "highlight": true,
          "children": []
        }
      ]
    },
    {
      "id": "91370405f54df37910fcdb2f28781ec8",
      "author": "吾兮",
      "time": "2025年02月04日 04:01",
      "content": "<p>李博士<br/>\n祝您新年快乐、身体健康、巳巳如意</p>",
      "level": 0,
      "highlight": false,
      "children": [
        {
          "id": "6a32ed3f89aa6d0d4a3b993f05f68167",
          "author": "李宗恩",
          "time": "2025年02月10日 14:27",
          "content": "<p>新年快樂！</p>",
          "level": 1,
          "highlight": true,
          "children": []
        }
      ]
    },
    {
      "id": "e82c6b72914633ba5e01e067bd044c2a",
      "author": "Alena",
      "time": "2025年03月23日 22:58",
      "content": "<p>李医师，我发现一个问题：您的嘴唇稍微往右侧倾斜，还是要多注意自身身体保健，有时间的话可以艾灸/按摩悬钟穴。<br/>\n如果是视频角度/拍摄的问题，那我很抱歉，可以忽略我这个问题。</p>",
      "level": 0,
      "highlight": false,
      "children": [
        {
          "id": "8ced0870af29242e0e16a4d379f193f2",
          "author": "李宗恩",
          "time": "2025年03月30日 09:45",
          "content": "<p>謝謝你的關心，大部分人的臉都不是完全對稱的。</p>",
          "level": 1,
          "highlight": true,
          "children": []
        }
      ]
    }
  ],
  "page": 3,
  "order": 4,
  "filename": "data\\page3\\page3_order3_baf2efcc5f53f191340acbfd53c4cb31.json",
  "timestamp": 1744689843.1092458
}