{
  "article_url": "https://andylee.pro/wp/?p=3980",
  "title": "冷风直中面瘫成 行针用药妙义精",
  "content": "<p><strong>廣州中醫藥大學李赛美教授工作室的工作同仁們把我去年在重慶演講中的一個病例改成故事：</strong></p>\n<p><a href=\"http://mp.weixin.qq.com/s/8aQeDxpmecAju8awf6YqrQ\">冷风直中面瘫成 行针用药妙义精</a></p>\n<div class=\"rich_media_meta_list\"><span class=\"rich_media_meta rich_media_meta_text\" id=\"post-date\">2016-11-10</span> <span class=\"rich_media_meta rich_media_meta_text\">“一至”小组</span> <a class=\"rich_media_meta rich_media_meta_link rich_media_meta_nickname\" id=\"post-user\"></a>李赛美教授工作室</div>\n<div class=\"rich_media_content\" id=\"js_content\">\n<p>小编注：各位看官，久违了。经方学堂高人多，治病故事听过来。话说不久前的我们曾讲到学堂礼先生通经治乳痈，然意犹未尽也，所以今儿个小编就再次潜入学堂，给大家伙唠儿点礼先生治疗面瘫的小故事。</p>\n<p>且说这天经方学堂正好放假，礼先生正静心品茗，茶香扑鼻，可谓热天好享受。忽然传来了一阵敲门声，礼先生慢悠悠地起身开门，嘴里念叨着，治病急不得，急不得呦！门一打开，只见堂外正站着一个妇人，戴着毛帽，裹着围巾，披着厚厚的大衣，全身唯一能露出来的一双眼睛也被墨镜遮挡住了，好生奇怪的病人！礼先生不急不慢地把她请进了屋，刚转身给她泡茶去寒，那妇人便脱了毛帽，摘了墨镜，把长长的围巾从脸上一圈一圈地绕了下来。礼先生给她递了杯茶，仔细地望了望她的脸，只见这妇人右脸歪斜，嘴巴无法关闭，眼睛持续流泪，眼皮更是不停跳动。妇人急着想说话，无奈一直说不清，礼先生用宽厚的手掌舒了舒她的背，说:“你不要着急，我拿纸笔给你写下来。”原来，妇人因天气炎热，把冷气开得很强，这冷气直对着右脸吹，一觉醒来就成现在这个样子了。</p>\n<p>礼先生看完妇人的陈述，捋了捋胡须，沉思片刻说:“孩子你先放宽心，莫着急，你这是突发中风面瘫，我先给你扎针治治看？”于是礼先生先从左边取合谷穴，接着又从左边太阳穴进针，三寸针，平透入率谷。妇人感觉很奇怪，问礼先生:“医生，我明明是脸部歪到右边，为什么你只给我扎左边呢？”礼先生说:“你本身气血比较虚，再加上用冷气直接吹右脸，导致右脸正气更虚，所以右侧脸部歪斜。治疗时要先引正气再治患侧，等对侧看起来很正常时再针患侧。”</p>\n<p>之后几天，妇人每天都来学堂扎针。一个礼拜后，整体果然有所改善。接着，礼先生又给她开了葛根汤引“好的水”上头，加防风、荆芥开表。还考虑到妇人气血两虚兼有血痹，加上了丹皮、红花破血。同时，礼先生还巧妙地加入生半夏来祛水，把原本坏的水拿掉。服药两天后，妇人面部开始回正。礼先生继续下针，三天后已基本恢复，嘴巴可以闭紧了，眼睛除了偶尔跳动，也不再流泪了。看到妇人情况明显好转，礼先生知道这是患侧、健侧一起下针的好时机，需当机立断，继续针灸。一周后，妇人已然痊愈。因为担心会反复，礼先生又在人中和承浆增强固定。一来二去，看起来已经好得很彻底了。但礼先生认为她气血两虚的病因还在，想再开点当归补血汤养养身子。可惜，妇人之后再也没有登堂看病，回访也加以拒绝。</p>\n<p>据闻，一年后，该妇人滑雪时再次中风，症状与此次一模一样，自食苦果，后悔不已！实不可谓后期调护之不重要！</p>\n<p><img data-fail=\"0\" data-ratio=\"0.3699421965317919\" data-s=\"300,640\" data-src=\"https://mmbiz.qpic.cn/mmbiz_png/o8Q8S9KbCxhXSeR5xDOQoqiaJ0LCgLEobmtnETIsDHcGh1NibZYVyzEMg6ibsfMyWZDUFWnlZkyibUIqylGHBheC8Q/0?wx_fmt=png\" data-type=\"png\" data-w=\"865\" decoding=\"async\" src=\"https://mmbiz.qpic.cn/mmbiz_png/o8Q8S9KbCxhXSeR5xDOQoqiaJ0LCgLEobmtnETIsDHcGh1NibZYVyzEMg6ibsfMyWZDUFWnlZkyibUIqylGHBheC8Q/640?wx_fmt=png&amp;wxfrom=5&amp;wx_lazy=1\"/></p>\n</div>\n<p>编辑：刘超男、谢致学、方剑锋</p>\n<p>整理：高安然 库婉</p>\n<p>剪辑：杨晴</p>\n<p><strong>“经方学堂”APP，明师荟萃，敬请关注。</strong><strong>iOS用户敬请通过App Store搜索“经方学堂”，安卓用户可通过“应用宝”搜索“经方学堂”或扫描页面底部二维码安装。</strong><strong>名师风采，尽在指尖上的经方班。</strong></p>\n<p><img data-fail=\"0\" data-ratio=\"1.0070175438596491\" data-s=\"300,640\" data-src=\"https://mmbiz.qpic.cn/mmbiz/o8Q8S9KbCxgYNZvEaW7SMictibUMs8rwcGEAj7U65Xdy2zgibzAaswNiciaXv1E0BzibHwWlUntdvGTziclp6UzATDfCQ/0?wx_fmt=jpeg\" data-type=\"jpeg\" data-w=\"285\" decoding=\"async\" src=\"https://mmbiz.qpic.cn/mmbiz/o8Q8S9KbCxgYNZvEaW7SMictibUMs8rwcGEAj7U65Xdy2zgibzAaswNiciaXv1E0BzibHwWlUntdvGTziclp6UzATDfCQ/640?wx_fmt=jpeg&amp;wxfrom=5&amp;wx_lazy=1\"/></p>",
  "article_time": "2016年11月18日 12:56",
  "comments": [
    {
      "id": "0887fcf6d1cee8ae048ae42786a7eb74",
      "author": "赖震章",
      "time": "2019年03月31日 16:06",
      "content": "<p>李博你好，倪海厦老师所讲，合谷为麻醉，面口合谷收，我有个疑问，左边的脸不是要扎右边的合谷吗？</p>",
      "level": 0,
      "highlight": false,
      "children": [
        {
          "id": "1dda300504f5c2eff134f4076d6609f1",
          "author": "andy",
          "time": "2019年04月08日 21:07",
          "content": "<p>是用對稱治療，這裡是小編從我演講醫案內容中自己編撰出來的故事，並非原本的醫案，所以內容不一定正確。</p>",
          "level": 1,
          "highlight": true,
          "children": [
            {
              "id": "31337a38d3306eff12ea0e3d94e21f59",
              "author": "赖震章",
              "time": "2019年04月14日 06:14",
              "content": "<p>谢谢李博。</p>",
              "level": 2,
              "highlight": false,
              "children": []
            }
          ]
        }
      ]
    },
    {
      "id": "732afc759b5b795b96a445a1f4f1df4c",
      "author": "姜浩",
      "time": "2023年04月01日 17:17",
      "content": "<p>请问，李医生针灸隔一天一扎针和每天都扎针效果上有所差别么？  哪种行针对恢复更有易处。 谢谢您</p>",
      "level": 0,
      "highlight": false,
      "children": [
        {
          "id": "e658f9b5c4232d028ed45632a4330fd5",
          "author": "李宗恩",
          "time": "2023年04月13日 14:05",
          "content": "<p>這得看病人的體力及病情來決定，不一定是越常下針越好。</p>",
          "level": 1,
          "highlight": true,
          "children": [
            {
              "id": "d43effb0998441f48fe7f3a4e60152ed",
              "author": "姜浩",
              "time": "2023年04月13日 18:02",
              "content": "<p>谢谢您的回复。</p>",
              "level": 2,
              "highlight": false,
              "children": []
            }
          ]
        }
      ]
    },
    {
      "id": "5cf118fe516c38afb97e2a0a29c7bb2e",
      "author": "黄种人",
      "time": "2025年04月06日 23:23",
      "content": "<p>请教一下，如果是面瘫，歪向左边，下针来说。刚开始是先下左边合谷，再下右边的地仓透颊车吗？恢复一段时间后，等回正了，再两边合谷，两边地仓透颊车？最后承浆+人中固定？</p>",
      "level": 0,
      "highlight": false,
      "children": []
    }
  ],
  "page": 41,
  "order": 8,
  "filename": "data\\page41\\page41_order7_401a15ff45b970d24870aeb056617168.json",
  "timestamp": 1744776179.9236207
}