{
  "article_url": "https://andylee.pro/wp/?p=3983",
  "title": "國際醫藥大學 博士班課程：臨床案例討論",
  "content": "<p><a href=\"https://andylee.pro/wp/wp-content/uploads/2016/11/UEWM-CEU-2016-11-19.jpg\"><img alt=\"uewm-ceu-2016-11-19\" class=\"alignnone size-large wp-image-3982\" decoding=\"async\" fetchpriority=\"high\" height=\"683\" sizes=\"(max-width: 1024px) 100vw, 1024px\" src=\"https://andylee.pro/wp/wp-content/uploads/2016/11/UEWM-CEU-2016-11-19-1024x683.jpg\" srcset=\"https://andylee.pro/wp/wp-content/uploads/2016/11/UEWM-CEU-2016-11-19-1024x683.jpg 1024w, https://andylee.pro/wp/wp-content/uploads/2016/11/UEWM-CEU-2016-11-19-300x200.jpg 300w, https://andylee.pro/wp/wp-content/uploads/2016/11/UEWM-CEU-2016-11-19-768x512.jpg 768w, https://andylee.pro/wp/wp-content/uploads/2016/11/UEWM-CEU-2016-11-19-480x320.jpg 480w\" width=\"1024\"/></a></p>\n<p>上個週末（11月19日及20日），在<a href=\"http://www.uewm.edu\">國際醫藥大學</a>教了兩天的博士班課程「D<wbr/>AOM968- 臨床案例研究」，同時也是16個學分的CEU再教育課程。我上週三晚上才從亞洲回到美國，週四週五診所排滿了病人，還沒來得及休息一下調時差，就直接上兩個整天的課，確實有些疲憊。不過，學生的反應很好，也有很多的討論，還是蠻高興的，畢竟國際醫藥大學請我當博士院博士生導師，我是應該多為中醫教學盡些心力。</p>\n<p>這次上課的內容，是我在第六屆國際經方班演講教學題材的延伸，因為時間充裕，可以一個病例一個病例仔細的討論，同時也穿插了一些其它的內容，讓學生們不會因為一直討論病例而疲憊。</p>\n<p>病案討論</p>\n<p>心陽不足類病例</p>\n<ul>\n<li>Breast Tumor (乳房腫塊流膿發臭）</li>\n<li>Unknown Syndrome (極度上熱下寒）</li>\n<li>Thyroid Neoplasm (良性甲狀腺腫瘤）</li>\n<li>Heart Failure (心臟衰竭）</li>\n<li>Atrial Fibrillation / AF (結代脈）</li>\n<li>Chronic Myelognous Leukemia / CML (慢性白血病)</li>\n<li>Edema (嚴重腳水腫)</li>\n</ul>\n<p>急症病例</p>\n<ul>\n<li>Acute Appendicitis (急性闌尾炎)</li>\n<li>Pneumonia (肺炎)</li>\n<li>Acute Muscle Atrophy (嚴重急性肌肉流失)</li>\n<li>Chicken Pox (水痘)</li>\n<li>Allergy to Tick Bites (嚴重蟲咬過敏)</li>\n<li>Gouty Arthritis / Gout (痛風)</li>\n<li>Herpes Zoster (HZ) (嚴重帶狀皰疹發作）</li>\n<li>Deep Vein Thrombosis (深層靜脈血栓)</li>\n</ul>\n<p>神經與精神病例</p>\n<ul>\n<li>Movement Disorder &amp; Seizures （不自主運動障礙及癲癇）</li>\n<li>Absence Seizure （癲癇 / 失神性癲癇）</li>\n<li>ADHD （注意力不足過動症）</li>\n<li>Tourette Syndrome / Tic Disorders （妥瑞症）</li>\n<li>Bell’s Palsy / Facial Paralysis （面癱 / 臉部中風）</li>\n<li>Cervical Spine Injury （頸椎神經受損）</li>\n<li>Meningioma （腦膜瘤）</li>\n</ul>\n<p>其它病例</p>\n<ul>\n<li>Rhinosinusitis (鼻竇炎)</li>\n<li>Kidney Stone (腎結石)</li>\n<li>Microscopic Hematuria (鏡下血尿)</li>\n<li>Hemorrhoids (嚴重痔瘡)</li>\n</ul>\n<p> </p>",
  "article_time": "2016年11月22日 10:34",
  "comments": [
    {
      "id": "ca051786e8227fec9621011222ac1bd7",
      "author": "JonsonKu",
      "time": "2020年02月27日 01:59",
      "content": "<p>李醫師，有上課的細節或音頻嗎。謝謝哦！</p>",
      "level": 0,
      "highlight": false,
      "children": [
        {
          "id": "6a209507e1eb97972cb6f373718fdf41",
          "author": "andy",
          "time": "2020年02月27日 11:10",
          "content": "<p>這個課程沒有錄音錄影。</p>",
          "level": 1,
          "highlight": true,
          "children": []
        }
      ]
    }
  ],
  "page": 41,
  "order": 7,
  "filename": "data\\page41\\page41_order6_b4e59390a11deaf38641e4dffaddc0e4.json"
}