{
  "article_url": "https://andylee.pro/wp/?p=13155",
  "title": "頸動脈嚴重堵塞",
  "content": "<p>這位七十多歲的病人，動脈粥樣硬化，右側頸動脈95%堵塞，左側頸動脈75%堵塞，導致腦部缺血，頭腦萎縮，常常頭痛。另外，病人十多年前肺氣腫，現在仍易喘。</p>\n<p>病情挺嚴重的，西醫要求緊急手術。然而，更麻煩的是，病人有許多壞習慣，這麼多年來，每天喝半斤烈酒，抽一包半到兩包煙，非常愛吃很鹹的食物，譬如鹹菜鹹蛋等，幾乎不吃新鮮的青菜等。看診時，苦口婆心要他去掉壞習慣，結果兩個月下來，才勉強減量為每天二兩烈酒及半包煙，飲食依然過鹹。</p>\n<p>遇到病人自己不要命，醫生也只能盡力而為。藥方並不複雜，酸棗仁、川芎、炙甘草、知母、茯苓、吳茱萸、人參、紅棗、炙黃耆、三七、桃仁、紅花、當歸、白芍、生地、柴胡等加減。</p>\n<p>運氣還不錯，經過三個月左右的治療，病人右側頸動脈堵塞從95%減為60%，左側頸動脈堵塞從75%減為50%，也不再頭痛了。雖然頸動脈堵塞依然嚴重，病人仍需要繼續治療，但暫時無生命危險，不需要緊急手術。另外，病人看到身體的進步及希望，開始願意遵守醫生的指示，大幅減少生活上的壞習慣。</p>\n<p>病人得對自己的健康負責任，一方面以各種壞習慣來踐踏自己的健康，另一方面又希望只服用一些藥就可以身強體壯，那是癡人說夢。當然，有些人認為不要那麼麻煩，儘管隨意過日子，哪天掛了就掛了，逍遙自在。很可惜，只怕到時想走走不掉、不能走，心靈被困在一個殘破不堪的軀體裡，行動不便又飽受各種痛苦，不但苦了自己，更苦了家人。</p>",
  "article_time": "2024年04月09日 09:13",
  "comments": [
    {
      "id": "36dc1e9bdb406c943b178d4235939c62",
      "author": "厦门人",
      "time": "2024年04月09日 22:31",
      "content": "<p>每次看完文章 学中医的动力更足了</p>",
      "level": 0,
      "highlight": false,
      "children": []
    },
    {
      "id": "044a2ea0fa81ecceee5a8f7c438571db",
      "author": "白血病小男孩",
      "time": "2024年04月10日 04:50",
      "content": "<p>李医师 您好。我看了您治疗白血病小姑娘的案例。我家娃娃也是患上白血病，我们在深圳化疗，第一疗就发生肺炎感染。目前打了一个月抗生素没有稳定住。还请医师帮忙看看，救救这个孩子，跪谢！</p>",
      "level": 0,
      "highlight": false,
      "children": [
        {
          "id": "5d0ad72221199dd4dabf8ec688ce2b23",
          "author": "明遠",
          "time": "2024年04月10日 18:45",
          "content": "<p>有醫療需要，請聯絡診所info@youngQi.com。遠程看診得等候大半年，建議就近找中醫師看診。</p>",
          "level": 1,
          "highlight": false,
          "children": []
        },
        {
          "id": "679adbe1d27feb968447d6a07a0b9364",
          "author": "橙子",
          "time": "2024年04月11日 03:59",
          "content": "<p>可以试试联系李医生教的汤英医生，在河南通许第一人民医院</p>",
          "level": 1,
          "highlight": false,
          "children": []
        },
        {
          "id": "c3696fe8e31539c609a72432ace12d85",
          "author": "李宗恩",
          "time": "2024年04月12日 09:09",
          "content": "<p>請聯絡診所info@youngQi.com。遠程看診，得等候大半年，建議就近找中醫師看診。</p>",
          "level": 1,
          "highlight": true,
          "children": [
            {
              "id": "fa2cf45ed3b61845882e1a1b6e3138d0",
              "author": "白血病小男孩",
              "time": "2024年04月13日 12:43",
              "content": "<p>李医师您好！ 就近中医建议先西医化疗后再调理。 大致都是这样的情况，心如刀绞。</p>",
              "level": 2,
              "highlight": false,
              "children": [
                {
                  "id": "17a95ba4f46f00701ed9287ce3f3fbfe",
                  "author": "Iris",
                  "time": "2024年04月18日 05:52",
                  "content": "<p>江苏省中医医院的黄煌教授也是经方高手，你可以试试预约他的专家号，百度搜黄煌经方论坛里面有三个门诊预约方式…希望能帮到您</p>",
                  "level": 3,
                  "highlight": false,
                  "children": []
                }
              ]
            }
          ]
        },
        {
          "id": "d7578f6c9734b18dd8ddfae7261ddb28",
          "author": "哈啰",
          "time": "2024年04月13日 18:22",
          "content": "<p>好可怜，怎么那么小就得了这种病</p>",
          "level": 1,
          "highlight": false,
          "children": []
        },
        {
          "id": "29d4d542a9e34e96da528b1b1e6eb196",
          "author": "彭先生",
          "time": "2024年05月30日 12:05",
          "content": "<p>你还可以网上搜宋兆普，汝州金庚医院院长，纯中医，但不是纯经方家，他治愈过儿童白血病，你看一看它的医案，哔哩哔哩上都能搜到，他的号也难挂，但是这周能抢到下周的好号，不用等半年，他是全年无休，一个很负责的好中医，已经60多岁了。</p>",
          "level": 1,
          "highlight": false,
          "children": []
        }
      ]
    },
    {
      "id": "ced64dfb62c9509b2b66daedaf57f508",
      "author": "白血病小男孩",
      "time": "2024年04月10日 04:51",
      "content": "<p>娃娃白血病，还请帮忙看看！</p>",
      "level": 0,
      "highlight": false,
      "children": [
        {
          "id": "eea28fe986e7950afeafca0ecf65acf0",
          "author": "中医至上",
          "time": "2024年04月15日 01:02",
          "content": "<p>我目前找的是王建成医生，在北京，你如果需要可以留下你的联系方式我推荐给你</p>",
          "level": 1,
          "highlight": false,
          "children": [
            {
              "id": "ceda1966af11f343c82004b23d27161a",
              "author": "中医迷",
              "time": "2024年04月18日 20:00",
              "content": "<p>能告知一下王建成的诊所名称吗？谢谢！</p>",
              "level": 2,
              "highlight": false,
              "children": []
            }
          ]
        },
        {
          "id": "633db1b066f85f27fb769eab386fdaf8",
          "author": "polar bear",
          "time": "2024年04月23日 01:07",
          "content": "<p>你不想伤害孩子性命？可是你已经做了呢。你不是已经给孩子化疗了吗？让谁给你接手烂摊子？为什么不自己学？怕自己学不明白？你自己学了吗？就觉得自己学不明白，在一个评论区疯狂刷评论，有什么意义，李宗恩医师的病人很多，都是急症，凭什么给你提前插队？<br/>\n所以，自己好好学，关注好孩子的吃喝拉撒睡，才是正解，求人不如求自己。</p>",
          "level": 1,
          "highlight": false,
          "children": []
        }
      ]
    },
    {
      "id": "1d4432cc5666eb07e0fdbfa533b98a32",
      "author": "白血病小男孩",
      "time": "2024年04月10日 04:53",
      "content": "<p>救救白血病小男孩，愿倪师在世！</p>",
      "level": 0,
      "highlight": false,
      "children": [
        {
          "id": "bf5d985d1dd556865cb88e36093ea86a",
          "author": "哈啰",
          "time": "2024年04月10日 16:14",
          "content": "<p>李医生排队要排10个月的</p>",
          "level": 1,
          "highlight": false,
          "children": [
            {
              "id": "0d14d48f67d07fce3aff54e71345dcec",
              "author": "小蒙",
              "time": "2024年04月12日 07:26",
              "content": "<p>李医生，您好！想问问2岁小孩被开水烫伤后，伤口那里疤痕增生了，内服中药有用吗？外用的药或治疗方法有推荐的吗？增生那里很难看，可怜天下父母心，每次看到都很焦急。望李医生能指点一下，谢谢李医生！</p>",
              "level": 2,
              "highlight": false,
              "children": [
                {
                  "id": "bded73b7fdda6520a7eef285de499622",
                  "author": "李宗恩",
                  "time": "2024年04月12日 10:00",
                  "content": "<p>紫雲膏。</p>",
                  "level": 3,
                  "highlight": true,
                  "children": [
                    {
                      "id": "ef364395f8cd5d4edc172f9d79365e43",
                      "author": "小蒙",
                      "time": "2024年04月13日 10:17",
                      "content": "<p>谢谢李医生百忙之中抽空回复！小孩的疤痕增生很厚，有一年多了，希望这个药有用。再次感谢李医生</p>",
                      "level": 4,
                      "highlight": false,
                      "children": []
                    }
                  ]
                }
              ]
            }
          ]
        }
      ]
    },
    {
      "id": "ad7118971a1bfbbf58a722d853ad8605",
      "author": "公孙先生",
      "time": "2024年04月10日 10:27",
      "content": "<p>就在前几天<br/>\n亲戚家一位长辈（81岁）直肠癌转肝癌离世，前后一年的时间即便未让医院做任何的大动作（放化疗等），自己和家人都确实饱受痛苦。<br/>\n一位同事的母亲（70岁），溶血性贫血引发的一系列问题，因为感染肺积水进了ICU，西医院现在也默认放弃，让家属可以自行选择出院，至于出院后如果出现严重问题是否再送医就让家属自己抉择。前后2年的时间，在医院也是按了葫芦起了瓢，用抗凝血剂法华林，导致了骨质增生等等一系列的问题。也是病人及家属饱受折磨与痛苦。<br/>\n倪先生是比较反对医院体检的。那么请问李医生，针对年龄较大的人，平时应该如何对老人的身体健康情况进行一些监测呢？</p>",
      "level": 0,
      "highlight": false,
      "children": [
        {
          "id": "a44c7dc44861f825a3bea0eb9fecccc2",
          "author": "李宗恩",
          "time": "2024年04月12日 09:53",
          "content": "<p>一百多年來，西醫藉著科技發展而創造了很多檢查的方法，中醫不需要排斥那些方法。然而，檢查出來一些警訊時，病人及家屬的心態，以及如何治療，才是我們應該關注的重點。</p>",
          "level": 1,
          "highlight": true,
          "children": []
        }
      ]
    },
    {
      "id": "e9a152c546c1e6745a360ba7e8eefe6c",
      "author": "古怨",
      "time": "2024年04月10日 11:42",
      "content": "<p>李医生，您好，请问文武式易筋经和五脏逼毒法能将任何体内不干净的东西排出去吗？如果病人已经生病了能不能通过练易筋经和五脏逼毒法治愈？</p>",
      "level": 0,
      "highlight": false,
      "children": [
        {
          "id": "794d521d6451b0a2389f79ce86d06f9a",
          "author": "邓文正",
          "time": "2024年04月10日 19:13",
          "content": "<p>对唉，我也很想问，网上一直有人用这个来营销</p>",
          "level": 1,
          "highlight": false,
          "children": [
            {
              "id": "54fedd4eccc8d34cf5851ed2fc4905d6",
              "author": "polar bear",
              "time": "2024年04月23日 01:09",
              "content": "<p>这个能营销什么，倪师视频都有全集，而且教得挺细，想练就跟着练吧，不想练就算。不过，了胜于无</p>",
              "level": 2,
              "highlight": false,
              "children": []
            }
          ]
        },
        {
          "id": "68a790bf5ce9cc980b218c701c00a525",
          "author": "李宗恩",
          "time": "2024年04月12日 09:54",
          "content": "<p>運動及練功對身心有許多好處，然而，不一定能取代正式的治療。</p>",
          "level": 1,
          "highlight": true,
          "children": [
            {
              "id": "530addcef3cef966d89fd921abbd8c52",
              "author": "古怨",
              "time": "2024年04月16日 16:24",
              "content": "<p>李医生，请问一下，练功可以起到预防作用吗？比如进入传染病很多的地方以后，练功可以保护自己不被感染吗？</p>",
              "level": 2,
              "highlight": false,
              "children": [
                {
                  "id": "bafe0dc0f82ca29f59377374d4a6f163",
                  "author": "李宗恩",
                  "time": "2024年04月16日 19:33",
                  "content": "<p>練功和運動等，可以提升免疫能力，或者說中醫的衛氣，但不一定能強到不被感染。</p>",
                  "level": 3,
                  "highlight": true,
                  "children": [
                    {
                      "id": "467c227411b613437b93feb0a238f5e1",
                      "author": "古怨",
                      "time": "2024年04月17日 05:54",
                      "content": "<p>好的，谢谢李医生</p>",
                      "level": 4,
                      "highlight": false,
                      "children": []
                    }
                  ]
                }
              ]
            }
          ]
        }
      ]
    },
    {
      "id": "488a0ca6fc5e292764671e2a40506842",
      "author": "风风",
      "time": "2024年04月10日 20:50",
      "content": "<p>李医生好，请问诊所有骨折骨裂的外敷方吗，可以说一下配方吗。<br/>\n还有就是脚骨裂做过手术后休养时有什么需要注意的吗（可以服用桂枝汤加补骨脂这一类的药方吗，外敷有需要注意的吗），谢谢李医生。</p>",
      "level": 0,
      "highlight": false,
      "children": [
        {
          "id": "2449e7d3be75e5a432ea4c30b9fc3306",
          "author": "李宗恩",
          "time": "2024年04月12日 09:57",
          "content": "<p>應該找中醫師看診，並不是每個病例都用一樣的外敷或內服中藥。譬如，有時候骨折恢復不能過快，過快反而容易使得骨頭連結的角度錯誤，特別是小孩子。</p>",
          "level": 1,
          "highlight": true,
          "children": []
        }
      ]
    },
    {
      "id": "fdd69ca95631be8b7b5536e97e51ef26",
      "author": "蒲公英",
      "time": "2024年04月11日 06:32",
      "content": "<p>希望跟着李博士把中医学好！</p>",
      "level": 0,
      "highlight": false,
      "children": []
    },
    {
      "id": "5dc75118ae087251acc75088f48b8b71",
      "author": "离中虚",
      "time": "2024年04月11日 16:24",
      "content": "<p>有个建议<br/>\n能不能把网站/近期回复/做成滚条式或者其他模式<br/>\n这样的能看到李医师您的更多回复<br/>\n不然一个一个文章寻找很麻烦<br/>\n望采纳/谢谢</p>",
      "level": 0,
      "highlight": false,
      "children": [
        {
          "id": "07c1ba99e78736a7067a93e69c1635e6",
          "author": "离中虚",
          "time": "2024年04月11日 18:17",
          "content": "<p>近期留言</p>",
          "level": 1,
          "highlight": false,
          "children": [
            {
              "id": "e0ac5511952ce33fd18d416542d7e945",
              "author": "756786867",
              "time": "2024年04月12日 18:52",
              "content": "<p>老师不需要有那个义务；能在此学习已是万幸兄台适止吧</p>",
              "level": 2,
              "highlight": false,
              "children": [
                {
                  "id": "5f1cdeb403b06671454c046b9333917d",
                  "author": "离中虚",
                  "time": "2024年04月12日 20:55",
                  "content": "<p>好的</p>",
                  "level": 3,
                  "highlight": false,
                  "children": []
                }
              ]
            }
          ]
        }
      ]
    },
    {
      "id": "1e0f597ec7ad69ef52a8efeea8c64b35",
      "author": "王庆泽",
      "time": "2024年04月11日 23:52",
      "content": "<p>李医师，炙黄芪和生黄芪有什么区别？</p>",
      "level": 0,
      "highlight": false,
      "children": [
        {
          "id": "eb829359c08901e1ebe16260ce6cada8",
          "author": "李宗恩",
          "time": "2024年04月12日 09:59",
          "content": "<p>這種問題，你可以自己上網或看書查詢。做學問，自己得用心，不是隨口問別人。</p>",
          "level": 1,
          "highlight": true,
          "children": [
            {
              "id": "d9cd64b20b0b68ad8501f7881d681210",
              "author": "王庆泽",
              "time": "2024年04月14日 07:06",
              "content": "<p>谢谢教诲李医师，学习提高自己。</p>",
              "level": 2,
              "highlight": false,
              "children": []
            }
          ]
        }
      ]
    },
    {
      "id": "addc05b1612c90c7c2290e85589d241c",
      "author": "756786867",
      "time": "2024年04月12日 18:45",
      "content": "<p>当病患心和脾家同时都非常虚弱，然后腹肿大有水湿失眠等······。我们是应该首先先强心补肝血为主，还是以强脾家为主去利水呢？</p>\n<p>以心家为主的话就会不得不经过脾的运化吸收这条必经之路。用到滋补的药使得脾脏更加虚弱本身就是消化吸收水湿泛滥如今又增添一项新活，脾脏就会虚不受补上火类的出现了。虽说可以补但是剂量上非常受限疗程非常久。</p>\n<p>是不是心阳没有强到全身四肢全身角落，依然可以先以强脾家为主去利掉全身水湿括鼓大的腹水呢？<br/>\n还是说水湿是水道不通是一个病标，如果作为一个标的话是不是就无关心家脾家。那我们是否可以直接先理气排水先去标再强脾最后再做补益心阳呢？</p>\n<p>非常期望老师批判建议；谢谢老师！</p>",
      "level": 0,
      "highlight": false,
      "children": [
        {
          "id": "5ddd8b9644d39f984124712c7c24d69b",
          "author": "李宗恩",
          "time": "2024年04月15日 09:03",
          "content": "<p>這樣討論意義不大，每個病例不一樣，各方面問題嚴重程度也不一樣。</p>",
          "level": 1,
          "highlight": true,
          "children": []
        }
      ]
    },
    {
      "id": "8a16c3a7f5fd24c5c8356c70a3b3c163",
      "author": "白血病小男孩",
      "time": "2024年04月13日 12:20",
      "content": "<p>就近医生都说先西医化疗完后再中医调理，我不想再伤娃娃性命。</p>",
      "level": 0,
      "highlight": false,
      "children": [
        {
          "id": "71c1ef7fbbdc6a6764d4bb3ce2f01c30",
          "author": "灯火印象",
          "time": "2024年04月13日 15:53",
          "content": "<p>可以先去找经方家藏云彩医生试试，不过他的号也不太好预约</p>",
          "level": 1,
          "highlight": false,
          "children": []
        },
        {
          "id": "9c9f8e7d6542779d8f8f7c1d93104b7e",
          "author": "美天",
          "time": "2024年06月04日 18:17",
          "content": "<p>专业的中医师是不会支持化疗的，倪师视频说的很清楚，被西医动过的，会增加治疗的难度。可以李医生的号先登记约，在国内先找个靠谱的中医先看。<br/>\n江苏省中医医院的黄煌教授，这位医生倪师视频有担过他，说他也是很不错的经方家、</p>",
          "level": 1,
          "highlight": false,
          "children": []
        }
      ]
    },
    {
      "id": "af1ef3c6569065545f3211b9d7c91fe9",
      "author": "756786867",
      "time": "2024年04月13日 19:09",
      "content": "<p>请教老师，少阳是现代语言的遍及全身的淋巴系统吗？链接传递脏腑之间信号的吗？寒湿结于脏腑之间让两者失去联系互动也是在少阳范畴吧？谢谢老师！</p>",
      "level": 0,
      "highlight": false,
      "children": [
        {
          "id": "a5809c647b7d08d2be6fe1b8154bc68c",
          "author": "李宗恩",
          "time": "2024年04月15日 09:15",
          "content": "<p>不要過度連結六經與現代醫學的解釋，可以做適度的聯想，但不代表真的能一對一的對應。</p>",
          "level": 1,
          "highlight": true,
          "children": []
        }
      ]
    },
    {
      "id": "abe8ba46289e4bee8a9981512f6d5e14",
      "author": "中虚为明",
      "time": "2024年04月14日 08:59",
      "content": "<p>李医师您好，关注您很久了，目前正在自学中医，倪师的视频已经看完一遍，准备看教材后再深入学习，想请教一下您，西医对于前列腺钙化灶这种病名，平时病人症状是小便有时会有刺痛感，尿急，尿频，腹股沟有胀痛等，经方考虑是活血化瘀吗？猪苓汤可以用吗？如果您可以给些专业的意见，小弟感激不尽，谢谢您。</p>",
      "level": 0,
      "highlight": false,
      "children": [
        {
          "id": "1d213d6daf3d14816ca26097d95544ce",
          "author": "756786867",
          "time": "2024年04月14日 16:22",
          "content": "<p>是真的有看完一遍吗</p>",
          "level": 1,
          "highlight": false,
          "children": [
            {
              "id": "b9a13ef9b42c89921c72b9b76edbd6df",
              "author": "中虚为明",
              "time": "2024年04月15日 17:34",
              "content": "<p>惭愧，只是当看电视剧一样看完了一遍</p>",
              "level": 2,
              "highlight": false,
              "children": []
            }
          ]
        },
        {
          "id": "8653eed59cfb1032a694011e375326ba",
          "author": "Elysia",
          "time": "2024年04月15日 03:28",
          "content": "<p>没有严谨诊断就医治，是对病人的伤害</p>",
          "level": 1,
          "highlight": false,
          "children": [
            {
              "id": "3e861eaacb560a7324d5b985443069e8",
              "author": "中虚为明",
              "time": "2024年04月15日 17:35",
              "content": "<p>好的，谢谢您</p>",
              "level": 2,
              "highlight": false,
              "children": []
            }
          ]
        },
        {
          "id": "a76f440dd2f079aa296e554856b0f4ad",
          "author": "李宗恩",
          "time": "2024年04月15日 09:21",
          "content": "<p>你停留在症狀對應方劑的思維裡，應該從綜合症狀表現反推病人內在的問題。有很多原因可以導致你列出的症狀，不是聽到西醫的病名，就直接想到活血化瘀。</p>",
          "level": 1,
          "highlight": true,
          "children": [
            {
              "id": "d451086c88f945fbd09f6546484f42f3",
              "author": "中虚为明",
              "time": "2024年04月15日 17:36",
              "content": "<p>非常感谢，这为我接下来的学习思考指引了方向，再次感谢李医师</p>",
              "level": 2,
              "highlight": false,
              "children": []
            }
          ]
        }
      ]
    },
    {
      "id": "304bc5daff5da8bb976bebab1175936a",
      "author": "知守",
      "time": "2024年04月14日 09:49",
      "content": "<p>【啃硫黄乱象频出！是治病还是索命？-哔哩哔哩】 <a href=\"https://b23.tv/Nas1dLW\" rel=\"nofollow ugc\">https://b23.tv/Nas1dLW</a></p>",
      "level": 0,
      "highlight": false,
      "children": [
        {
          "id": "5bebacc2e84fe9c5d128471fe02e1396",
          "author": "李宗恩",
          "time": "2024年04月15日 09:30",
          "content": "<p>這是個大問題，網上一堆亂七八糟的訊息，很多人為了吸引關注，什麼事都做得出來。生硫磺不能亂服用，純度及劑量也很重要，宣傳一天一百多克生硫磺的博客主，應該予以懲治。實際上，倪老師在臨床使用生硫磺時很小心，也很少使用超過一次兩三克，然而，倪老師教學視頻被人剪接成片段時，他半開玩笑的方式，確實會引起爭議。</p>",
          "level": 1,
          "highlight": true,
          "children": []
        }
      ]
    },
    {
      "id": "f5bc5150f99a29fb55e40d7c2985e37c",
      "author": "已忘言",
      "time": "2024年04月14日 17:29",
      "content": "<p>李博士您好！请问除了倪师的五本书，有必要研读其他古代经方家的书么？例如唐容川和傅青主等人的</p>",
      "level": 0,
      "highlight": false,
      "children": [
        {
          "id": "5e5b70f8b8c98cfa79ac0fdbd556a7ef",
          "author": "李宗恩",
          "time": "2024年04月15日 09:31",
          "content": "<p>如果你深入研讀倪老師教材許多次，也有足夠的理解，那麼再研讀參考其他大醫的文獻，當然是有幫助的。</p>",
          "level": 1,
          "highlight": true,
          "children": []
        }
      ]
    },
    {
      "id": "484e5f9856530a0196434cd3e85cc15c",
      "author": "任",
      "time": "2024年04月14日 19:29",
      "content": "<p>您好李大夫，请问白癜风喝中药能治愈吗？去年十一月份脸上出现了一小片白斑，当时没太再意！到了春节时眉毛上又出现了一片而且眉毛也白了一些，于是我就去找中医看，开了中药煎汤喝，但是现在身上会痒，这是病进还是病退的表现？谢谢李博士大夫。</p>",
      "level": 0,
      "highlight": false,
      "children": [
        {
          "id": "87cec314a3b0b57fd3750d754fb6c3dd",
          "author": "李宗恩",
          "time": "2024年04月15日 09:32",
          "content": "<p>白癜風不好治癒，但一般情況下可以控制。</p>",
          "level": 1,
          "highlight": true,
          "children": [
            {
              "id": "f7d62f92cd246787828cd88efbb7bbe4",
              "author": "任",
              "time": "2024年04月15日 17:50",
              "content": "<p>现在好多人长白癜风，这是跟食品有关系吗？还是其它因素？</p>",
              "level": 2,
              "highlight": false,
              "children": [
                {
                  "id": "631328bf8e949246355fb9fe671f0c40",
                  "author": "李宗恩",
                  "time": "2024年04月16日 13:47",
                  "content": "<p>西醫所謂的免疫系統疾病，除了天生遺傳外，大多都和食品和生活環境有關，只是很難確認和什麼東西有直接的關係。</p>",
                  "level": 3,
                  "highlight": true,
                  "children": [
                    {
                      "id": "035054242e8c1bb556cf97e3dad0b4b9",
                      "author": "任",
                      "time": "2024年04月17日 06:51",
                      "content": "<p>白癜风不治疗会不会有生命危险或者出现其它疾病？</p>",
                      "level": 4,
                      "highlight": false,
                      "children": []
                    },
                    {
                      "id": "c225f3ddce1421db1fa781488c73bc5c",
                      "author": "李宗恩",
                      "time": "2024年04月17日 09:13",
                      "content": "<p>你應該找中醫師看診，而不是在網上詢問。</p>",
                      "level": 4,
                      "highlight": true,
                      "children": []
                    }
                  ]
                }
              ]
            }
          ]
        }
      ]
    },
    {
      "id": "9aab15bcc857c42e02ef4fd357c33b43",
      "author": "陈",
      "time": "2024年04月14日 23:14",
      "content": "<p>李医生你好，我想请问下倪老师视频中泡药酒所说的白酒是国内的黄酒还是白酒，亦或者两者都差不多？</p>",
      "level": 0,
      "highlight": false,
      "children": [
        {
          "id": "7a45fc887bc408e7804d2cec1eca1723",
          "author": "李宗恩",
          "time": "2024年04月15日 09:32",
          "content": "<p>白酒。</p>",
          "level": 1,
          "highlight": true,
          "children": []
        },
        {
          "id": "c376b6f2c1d18a704df916ef25b9fe2e",
          "author": "如一",
          "time": "2024年04月15日 23:32",
          "content": "<p>李老师<br/>\n一、您说过癫痫等头部有痰饮的疾病，本质上是脾虚，脾脏功能弱，导致身体内部的痰饮等脏东西无法被回收，请问心脏内部或者周围有痰饮的心脏病，这种痰饮用金匮胸痹篇的方法解决之后(当然也可能是血瘀，也许还需要活血化瘀，甚至强心阳苦温化湿），是不是还得健脾，从本质上去掉病根，也就是说与癫痫的根源比较相似？<br/>\n二、倪师说女性得心脏病，多数是情志原因，生气导致的，您在十三届国际经方班举的案例，全部都是女性患者，这些患者的共同特性是心阳虚，对于情志原因，按理说怒伤肝，是不是说肝伤了以后，肝血虚掉，引发心血虚，进而导致心阳虚，也就是说情志因素的心脏病，可能罪魁祸首还是肝脏，表证或者说急症体现在心脏方面，最终还是得治疗肝脏？<br/>\n三、您常说肝血虚掉后，心血也会虚，进而心阳虚，心血不是指心阴吗，前面都是肝阴心阴，怎么后面跳到心阳了？这是不是说，阴阳本质是一体两面，阴出问题会影响到阳，阳出问题也会影响到阴？</p>",
          "level": 1,
          "highlight": false,
          "children": [
            {
              "id": "615d9449c78f7b52d6bea618a4b8928e",
              "author": "李宗恩",
              "time": "2024年04月16日 13:50",
              "content": "<p>（1）得治療脾虛，但只治療脾虛是不夠的（2）治療心臟時，大多都得兼顧肝家（3）心血虛了，心陽也就虛了。</p>",
              "level": 2,
              "highlight": true,
              "children": []
            }
          ]
        }
      ]
    },
    {
      "id": "14a7aa2fa7db5406a151cde5cdb75370",
      "author": "如一",
      "time": "2024年04月16日 12:08",
      "content": "<p>李老师，刘力红先生拿农历八月的大潮来解释日脯潮热，他说江水的大潮是推力和阻力在特定时间行成的，两个力必须恰到好处才能行成潮水，按照他的意思，日脯潮热是阴阳相互作用的结果，午后，阳开始入阴，当阴不足的时候，阳会遇到阻力，阴因为不足导致容纳性较差，即有推力，这么理解对吗？</p>",
      "level": 0,
      "highlight": false,
      "children": [
        {
          "id": "b0e7173895e1bbd80bdca069c5fa28b1",
          "author": "李宗恩",
          "time": "2024年04月16日 13:51",
          "content": "<p>可以這樣聯想。</p>",
          "level": 1,
          "highlight": true,
          "children": [
            {
              "id": "58119ed7f685bb7a9c92be9469d68451",
              "author": "天也红",
              "time": "2024年04月21日 18:27",
              "content": "<p>李博士你好，本人对六经略有研究。奈何家境贫困，现欲将研究成果出售，不知李博士有意否。</p>",
              "level": 2,
              "highlight": false,
              "children": []
            }
          ]
        }
      ]
    },
    {
      "id": "c3698f2cf2dfe3e264425444a5ae9eab",
      "author": "桔子树",
      "time": "2024年04月16日 04:08",
      "content": "<p>身边有亲人癌症离世，真的能明白文章最后的那句话。相信李宗恩看过太多太多这种痛苦，医生这个职业真的很伟大！</p>",
      "level": 0,
      "highlight": false,
      "children": []
    },
    {
      "id": "81b01382774ef9ee9f9001a2323012f6",
      "author": "小雨滴",
      "time": "2024年04月16日 21:48",
      "content": "<p>李老師好，我是小雨滴。今天想請教問題如下：<br/>\n苓桂術甘湯可以治療中焦水飲心下痰饮，茯苓甘草湯可以治心下動悸有停水，<br/>\n除了書中標注的計量不同外，從兩個藥物配比看，後者去掉了白術換成了生薑。<br/>\n為啥心下有動悸沒放白術？即然有水存在，白術不正好祛濕嗎？<br/>\n反过来苓桂術甘湯加入生姜散胃里的水，是否可以起到治疗心下有水飲的動悸？<br/>\n谢谢老師～～～</p>",
      "level": 0,
      "highlight": false,
      "children": [
        {
          "id": "aa6deeaea301e1a0c2a3a61a69673146",
          "author": "李宗恩",
          "time": "2024年04月17日 09:00",
          "content": "<p>書裡的方劑，是為了教學而列的「招式」，不是絕對的，也不是症狀連連看。既然你了解白朮和生薑的作用，臨床上當然可以靈活應用。</p>",
          "level": 1,
          "highlight": true,
          "children": []
        }
      ]
    },
    {
      "id": "7dbe94bdbd932dbc8735d674d9ede151",
      "author": "X",
      "time": "2024年04月16日 23:35",
      "content": "<p>李医生您好，想请教一个问题：<br/>\n最近在体检时发现左侧肾脏有一个囊肿，这几年有长大的趋势，于是我向常去的中医和西医都询问了相关的问题，但是他们的回复都是不清楚为什么会有囊肿，西医的说法是这就是个水泡，如果长大了需要开刀切除，中医的说法是不清楚为什么会有这个，也不清楚为什么会长大，想请教一下您在临床中有碰到过肾脏囊肿的病人多偏向于有什么生活习惯或者是什么才会导致有长出囊肿？我想知道它是怎么来的，为什么会长大，什么样的生活方式和环境可以让他缩小。</p>",
      "level": 0,
      "highlight": false,
      "children": [
        {
          "id": "583763f8b7e320fe9c983b6c75d08762",
          "author": "李宗恩",
          "time": "2024年04月17日 09:01",
          "content": "<p>每個病人情況不一樣。</p>",
          "level": 1,
          "highlight": true,
          "children": []
        }
      ]
    },
    {
      "id": "3d9c30645b6c166a61b4a252eb703c55",
      "author": "学徒林",
      "time": "2024年04月17日 01:11",
      "content": "<p>李医生您好<br/>\n事情是这样的，上次疑似阳（身体痛，咽喉痛，发烧39.5）之后，用了葛根汤加减退烧，当时药是8点多喝完的，9点多的时候感觉好了很多，中间喝了点粥，但半夜1点多的时候吐了，也感觉人更舒服了</p>\n<p>对于这个吐是所谓的瞑眩反应，给邪以出路吗？还是葛根汤调动人体阳气外出抗邪，导致中焦暂时阳气不足，脾胃功能下降，不能运化水谷，导致的吐？还是有其他的原因？</p>",
      "level": 0,
      "highlight": false,
      "children": [
        {
          "id": "2d08abac3afc1de3c52a9f3e5789193e",
          "author": "李宗恩",
          "time": "2024年04月17日 09:03",
          "content": "<p>胃氣不足，無法受食，但這樣的吐不一定不好，可以把胃中得腐食也吐出來。</p>",
          "level": 1,
          "highlight": true,
          "children": [
            {
              "id": "2070d4db3b4e75399f08946f01ec6101",
              "author": "学徒林",
              "time": "2024年04月17日 19:50",
              "content": "<p>谢谢李医生</p>",
              "level": 2,
              "highlight": false,
              "children": []
            }
          ]
        }
      ]
    },
    {
      "id": "99130d87f2feee34057ee7eb3dc7f32c",
      "author": "756786867",
      "time": "2024年04月17日 04:45",
      "content": "<p>向老师请教一下关于通利水道</p>\n<p>老师，我看您好多通利水道的时候，利水系列中药开的还挺多，可是去水的时候并没有兼顾补津液啊好的坏的津液一起利掉了，在大多数有阴虚的情况下这样不会更加伤阴吗，您也只是加红枣，生姜，炙甘草而已啊，并没有兼顾其他脏腑。<br/>\n伤阴太多会接连伤到血分啊。<br/>\n还是说先宁可他阴虚，病人只要能撑得住，只要水去掉。脾脏恢复胃口好起来他自己从食物中获取，这种急下存阴方式呢？</p>",
      "level": 0,
      "highlight": false,
      "children": [
        {
          "id": "172dcbfc53bd65628f4e974cd5e8c8e1",
          "author": "李宗恩",
          "time": "2024年04月17日 09:12",
          "content": "<p>中醫利水，不是西醫的利尿，是雙向調整，一般情況下並不會耗損好的津液。</p>",
          "level": 1,
          "highlight": true,
          "children": [
            {
              "id": "f6f512e82ff31d3889f3b49eadd99bd1",
              "author": "756786867",
              "time": "2024年04月17日 17:27",
              "content": "<p>谢谢老师。</p>",
              "level": 2,
              "highlight": false,
              "children": []
            },
            {
              "id": "f3b1f2df2ddd5690b06cef40a52d5d1e",
              "author": "Erica",
              "time": "2025年02月13日 03:30",
              "content": "<p>请问李医生，请问具体要怎么理解这个水和湿，水我理解是无法气化的物质是冷的，这个湿是水多了形成的一种什么形态的物质呢，据倪师说是更粘稠的，那它是一种类似痰的物质吗？那是不是可以说痰都是有水积累多了成为湿，同时在结合热或寒形成的？<br/>\n例如在出汗的这个问题上，倪师说出汗排出去的都是津液并非湿，但是如果人不出汗湿气又会累积的越来越重，这岂不是说出汗其实也是可以排小部分湿气的？并非绝对的说湿气一定是通过利尿排除去的。</p>",
              "level": 2,
              "highlight": false,
              "children": [
                {
                  "id": "e12717675e6b227c3bc52346e3bc2169",
                  "author": "李宗恩",
                  "time": "2025年02月18日 08:56",
                  "content": "<p>濕指的是本來該代謝處理而沒有處理的物質。</p>",
                  "level": 3,
                  "highlight": true,
                  "children": []
                }
              ]
            }
          ]
        }
      ]
    },
    {
      "id": "567c74e465f5842fe9fba2d8686e1d8c",
      "author": "白栩仰",
      "time": "2024年04月17日 19:11",
      "content": "<p>李老師您好，可否告訴下引藥入子宮和督脈最有效的是哪兩味藥材嗎，謝謝李老師！</p>",
      "level": 0,
      "highlight": false,
      "children": [
        {
          "id": "ae93f33287f1bdb3d6cfeb2bdd38e879",
          "author": "李宗恩",
          "time": "2024年04月22日 13:22",
          "content": "<p>這得看你要做什麼，引藥不是一定能起到作用。</p>",
          "level": 1,
          "highlight": true,
          "children": [
            {
              "id": "589c0b8ae1e098c0bf91e5614391f63c",
              "author": "白栩仰",
              "time": "2024年04月22日 23:59",
              "content": "<p>督脈的是在跟診中臨床上看到一些病人到椎管膜瘤或者囊腫，一般用秦艽引藥進入，看到的效果很是特別理想，想瞭解下在李老師的臨床中哪個藥材更有效。<br/>\n子宮的是在聽李老師的訪談中介紹到一個頑固型子宮内膜增厚的醫案，提到藥進入子宮不是很容易，但有很好的引藥可以達到。想知道一下。謝謝李老師！</p>",
              "level": 2,
              "highlight": false,
              "children": []
            }
          ]
        }
      ]
    },
    {
      "id": "d5f214247f111fa4dcf56f3346c79919",
      "author": "子淇",
      "time": "2024年04月17日 22:37",
      "content": "<p>李医师，您好！看倪医师汉唐的网页有写，每天早晨起床服用六味地黄丸，晚上吃疏肝解毒的，对身体有保养的作用。麻烦问下李医师，阴虚体质的可以吃六味地黄丸吗？另外疏肝解毒的方便推荐一下吗</p>",
      "level": 0,
      "highlight": false,
      "children": [
        {
          "id": "eddcc3f45e9ab5788877fcc92bf2cb4f",
          "author": "李宗恩",
          "time": "2024年04月22日 13:31",
          "content": "<p>沒有醫生看診下，不建議自己早晚服用六味地黄丸或護肝丸，這是本末倒置。</p>",
          "level": 1,
          "highlight": true,
          "children": []
        }
      ]
    },
    {
      "id": "5b29b92c489cfb20ff43d81a69ec08cd",
      "author": "送你座帆船",
      "time": "2024年04月19日 02:36",
      "content": "<p>李医师你好，假如病人少阴病自利而渴，病人有口渴的症状提示津液不足，假设这种情况下病人有太阳中风的症状，用桂枝附子汤加茯苓。我的想法是炮附子固表其中加茯苓让病毒从小便走，这个想法成不成立呢？</p>",
      "level": 0,
      "highlight": false,
      "children": [
        {
          "id": "cde2e140d95daf771c85889f05f0f9ae",
          "author": "李宗恩",
          "time": "2024年04月22日 13:36",
          "content": "<p>建議你好好研讀倪老師中醫教材，思而不學則殆。</p>",
          "level": 1,
          "highlight": true,
          "children": [
            {
              "id": "2077c04a9a4b911b210f3e9f9b38197d",
              "author": "送你座帆船",
              "time": "2024年04月22日 20:21",
              "content": "<p>每天都有在看，重复的看，但每看一遍都感觉不一样，会思考到另一个境界，可能有一天就会悟出来了</p>",
              "level": 2,
              "highlight": false,
              "children": []
            }
          ]
        }
      ]
    },
    {
      "id": "ab539f30ce3b9c6a1aa517f46bae1b18",
      "author": "黄子聪",
      "time": "2024年04月19日 05:53",
      "content": "<p>李师你好，这个病人用了三七等攻淤的药，却没有用到热药，不用担心淤血会散成小块到处游走吗？用了柴胡是因为动脉是属三焦系统吗，还是因为别的呢？</p>",
      "level": 0,
      "highlight": false,
      "children": [
        {
          "id": "9ef6f5889dca6164e043305747e13534",
          "author": "李宗恩",
          "time": "2024年04月22日 14:52",
          "content": "<p>不是什麼情形下的血瘀都得使用熱藥，得看病人有沒有寒症表現。</p>",
          "level": 1,
          "highlight": true,
          "children": [
            {
              "id": "5a461207264bffec224b1273adbc890f",
              "author": "黄子聪",
              "time": "2024年04月24日 07:16",
              "content": "<p>原来如此，多谢李师！</p>",
              "level": 2,
              "highlight": false,
              "children": []
            }
          ]
        }
      ]
    },
    {
      "id": "5b05ba0fba74d8302f2715202cfdcd54",
      "author": "陸小闞",
      "time": "2024年04月21日 23:47",
      "content": "<p>李医生，现在网上看到你和叶医生的视频，听到有测阳气指数的，请问这个阳气指数在哪里测？我翻了你们的网页，也没找到</p>",
      "level": 0,
      "highlight": false,
      "children": [
        {
          "id": "08289a3f85609091b75f01c76374d975",
          "author": "李宗恩",
          "time": "2024年04月22日 15:49",
          "content": "<p>網頁早就改版了，把那些功能拿掉了。</p>",
          "level": 1,
          "highlight": true,
          "children": []
        }
      ]
    },
    {
      "id": "d49e0c320c0db0744ab6510ec83e6a4c",
      "author": "陸小闞",
      "time": "2024年04月23日 21:59",
      "content": "<p>好的</p>",
      "level": 0,
      "highlight": false,
      "children": []
    },
    {
      "id": "d3c315e28112053b93fbde370eb537c5",
      "author": "宇",
      "time": "2024年04月28日 01:01",
      "content": "<p>李医师您好，非常感谢您的提供这些医案让我们学习！看完医案后想向您请教一下，这个病人的颈动脉堵塞是如何形成的？（一开始我是考虑肝血虚引起的心阳不足，进而无力将血液充分泵向全身或是跳跳停停导致的血液粘稠淤积，但是发现药方只着重于养肝血并没有用一些强心阳的热药，并且也用到了白芍，看起来病人似乎没有很严重的心脏问题。所以想向您请教这个案例的肝血虚是如何造成动脉血栓的形成的？）</p>",
      "level": 0,
      "highlight": false,
      "children": [
        {
          "id": "db3fe530bcb96efe97591efff1f8c47c",
          "author": "李宗恩",
          "time": "2024年04月29日 12:26",
          "content": "<p>頸動脈堵塞，有很多可能的原因，不是單純肝虛虛就如何如何。心臟有問題，也非不能用白芍。</p>",
          "level": 1,
          "highlight": true,
          "children": []
        }
      ]
    }
  ],
  "page": 4,
  "order": 10,
  "filename": "data\\page4\\page4_order9_4dcb42d16c0764e97a2d00753170094c.json",
  "timestamp": 1740715602.8256633
}