{
  "article_url": "https://andylee.pro/wp/?p=13095",
  "title": "台北簽書會 – 3/30週六 2pm~4pm",
  "content": "<p>3月30日將在台北為《養兒育女必備中醫知識》及《當張仲景遇上史丹佛》兩本書舉辦簽書會。</p>\n<p>時間：3月30日週六，2pm~4pm</p>\n<p>地點：華山青鳥書店 Bleu&amp;Book | Taipei</p>\n<p>地址：台北市中正區八德路一段1號2樓（華山文創園區）</p>\n<p>行程：</p>\n<p>2:00-2:10pm 開場演講</p>\n<p>2:10-2:50pm 讀者問答</p>\n<p>2:50-3:00pm 合照 </p>\n<p>3:00-4:00pm 簽書</p>\n<p>出版社洽詢了多處活動場地，因檔期較近，選擇不多，決定在華山青鳥書店舉辦簽書會。場地典雅溫馨，又在文藝氣息濃厚的文創園區裡，但地方不大，有興趣參加的讀者們，最好能準時到會場，以免晚點而無法擠進會場。</p>\n<p>備註：基於各地不同的醫療法規，以及我個人的行程限制，非在診所期間，一律不看診。</p>\n<figure class=\"wp-block-image size-large\"><a href=\"https://andylee.pro/wp/wp-content/uploads/2024/03/品好店_web_青鳥書店_22090810310705060-scaled.jpeg\"><img alt=\"\" class=\"wp-image-13098\" decoding=\"async\" fetchpriority=\"high\" height=\"689\" sizes=\"(max-width: 1024px) 100vw, 1024px\" src=\"https://andylee.pro/wp/wp-content/uploads/2024/03/品好店_web_青鳥書店_22090810310705060-1024x689.jpeg\" srcset=\"https://andylee.pro/wp/wp-content/uploads/2024/03/品好店_web_青鳥書店_22090810310705060-1024x689.jpeg 1024w, https://andylee.pro/wp/wp-content/uploads/2024/03/品好店_web_青鳥書店_22090810310705060-300x202.jpeg 300w, https://andylee.pro/wp/wp-content/uploads/2024/03/品好店_web_青鳥書店_22090810310705060-768x517.jpeg 768w, https://andylee.pro/wp/wp-content/uploads/2024/03/品好店_web_青鳥書店_22090810310705060-1536x1034.jpeg 1536w, https://andylee.pro/wp/wp-content/uploads/2024/03/品好店_web_青鳥書店_22090810310705060-2048x1379.jpeg 2048w\" width=\"1024\"/></a></figure>",
  "article_time": "2024年03月05日 08:58",
  "comments": [
    {
      "id": "096167434cf5bc614d90a3d0e68babc9",
      "author": "送你座帆船",
      "time": "2024年03月05日 16:44",
      "content": "<p>看完书了，唉可惜身在大陆，不然两本我都拿去签</p>",
      "level": 0,
      "highlight": false,
      "children": [
        {
          "id": "d3214674e475ec95788c5a3770c5ac1e",
          "author": "感谢感谢！",
          "time": "2024年03月11日 21:19",
          "content": "<p>你好朋友！能告诉我哪里可以挂李宗恩老师的号吗？我想看肺和肝的病。吃了天南海北十几位医生的药了都没有效果。</p>",
          "level": 1,
          "highlight": false,
          "children": [
            {
              "id": "0b77f0f6d724e321f99c3a82dbee30e0",
              "author": "送你座帆船",
              "time": "2024年04月12日 10:58",
              "content": "<p>这个网站写有的，你找找看，但是要去美国</p>",
              "level": 2,
              "highlight": false,
              "children": []
            }
          ]
        }
      ]
    },
    {
      "id": "86f60240e7bdb1b7cd654ca20e99d5f9",
      "author": "Bright Chang",
      "time": "2024年03月05日 18:43",
      "content": "<p>請問一下</p>\n<p>要如何報名？<br/>\n還是不用報名<br/>\n直接去現場</p>\n<p>謝謝</p>",
      "level": 0,
      "highlight": false,
      "children": [
        {
          "id": "911f3a28a5e0fd24c3d6868455f6b1b2",
          "author": "李宗恩",
          "time": "2024年03月06日 10:26",
          "content": "<p>不用事先報名。</p>",
          "level": 1,
          "highlight": true,
          "children": [
            {
              "id": "bc1f5fc3316df88f095488e6fdf65581",
              "author": "Bright Chang",
              "time": "2024年03月06日 13:56",
              "content": "<p>謝謝回覆</p>",
              "level": 2,
              "highlight": false,
              "children": []
            },
            {
              "id": "9de6a6393922d96f9e63515a11f409ae",
              "author": "暗香疏影",
              "time": "2024年03月07日 07:06",
              "content": "<p>您好，师伯！我是施老师的学生，不知称呼您师伯对不对，亦或是师叔^_^！其实在报名施老师学习班之前就在岐黄关注您的视频，《当张仲景遇上斯坦福》大陆版的看不过瘾又买了台湾版，非常感谢倪师带出您二位老师，您二位的教学内容和讲学方式完美的结合让我受益匪浅，从半年前啥都不懂的小白，到现在以自己和家人身体为研究、诊断和调理对象，基本掌握了中医治疗思路，只可惜施老师现在台湾半隐居状态没有办法跟诊，不知道师伯啥时候正事开班开放跟诊，非常期盼！</p>",
              "level": 2,
              "highlight": false,
              "children": [
                {
                  "id": "d21224a0aa901a70313b9b15b2e288fc",
                  "author": "Color",
                  "time": "2024年03月11日 01:59",
                  "content": "<p>暗香疏影,請問你在哪裡報讀施老師的學習班?</p>",
                  "level": 3,
                  "highlight": false,
                  "children": [
                    {
                      "id": "18c1ec0351e6c833c39eb755aaa78bb9",
                      "author": "暗香疏影",
                      "time": "2024年03月15日 07:25",
                      "content": "<p>您说的意思我明白，我的意思是干姜用多胃过热，因为胃的过热会影响肝胆药方的作用！</p>",
                      "level": 4,
                      "highlight": false,
                      "children": []
                    },
                    {
                      "id": "605ac94a0ba1808bbac6674df790f87c",
                      "author": "暗香疏影",
                      "time": "2024年03月15日 07:52",
                      "content": "<p>听李博士的话，把倪师和李博士视频多研究几遍，再耐心等待李博士开班是最好的安排^_^</p>",
                      "level": 4,
                      "highlight": false,
                      "children": []
                    }
                  ]
                },
                {
                  "id": "4cf364e432b6a74a8761a4c780040c75",
                  "author": "李宗恩",
                  "time": "2024年03月14日 12:30",
                  "content": "<p>目前仍在計劃教學及未來跟診的可能性。</p>",
                  "level": 3,
                  "highlight": true,
                  "children": []
                },
                {
                  "id": "8b470fef332e4e34a322652a1136ab9a",
                  "author": "当归",
                  "time": "2024年03月19日 16:02",
                  "content": "<p>你好，我也是学习这两位老师的课程的，很想跟你交流交流学习心得，如何联系你，麻烦你给联系方法告知。谢谢</p>",
                  "level": 3,
                  "highlight": false,
                  "children": [
                    {
                      "id": "0a52ce27aa60336e25c0f64e75633ca0",
                      "author": "暗香疏影",
                      "time": "2024年04月23日 23:46",
                      "content": "<p>你好当归，cd93949您可以加我！</p>",
                      "level": 4,
                      "highlight": false,
                      "children": []
                    }
                  ]
                }
              ]
            },
            {
              "id": "9d5f27b12fd8c0f59c1f85289fdcf272",
              "author": "暗香疏影",
              "time": "2024年03月09日 04:02",
              "content": "<p>您好李博士，今天看您往期视频说脑积水药方里不可加生姜，是为什么？生姜辛温发散，同时可以去胃里的水，为什么脑积水不可用？请您解答一下，谢谢</p>",
              "level": 2,
              "highlight": false,
              "children": [
                {
                  "id": "7d83820cb239e186682a4ab781551a73",
                  "author": "李梁",
                  "time": "2024年03月09日 08:49",
                  "content": "<p>这个很好理解，从中医的生理病理学上面结合生姜的特性，但并非所有的脑积水的病人都不能使用生姜，在阶段性治疗的过程中生姜还是有一定的作用！</p>",
                  "level": 3,
                  "highlight": false,
                  "children": [
                    {
                      "id": "46dfb6a67bfe3d93db7f4982724a732b",
                      "author": "暗香疏影",
                      "time": "2024年03月10日 01:27",
                      "content": "<p>谢谢解答，但并没有解决我的疑问！^_^</p>",
                      "level": 4,
                      "highlight": false,
                      "children": []
                    },
                    {
                      "id": "1db99c6e3fd60ec459556249427736fd",
                      "author": "暗香疏影",
                      "time": "2024年03月10日 01:40",
                      "content": "<p>所以还是请老师辛苦解答一下为准！</p>",
                      "level": 4,
                      "highlight": false,
                      "children": []
                    },
                    {
                      "id": "6d462dcba78a900c152ac6177873fb2d",
                      "author": "李梁",
                      "time": "2024年03月12日 10:05",
                      "content": "<p>我不清楚你看的老师视频完整性是否齐全，同时你也没能告诉我老师讲脑积水那位病人的辩证方向以及整体方向怎么走的趋势，以及切入点是哪个或者哪几个，只是简单说了一句西医脑积水很忌讳生姜，所以我并不能很好的回答你，但我想如果你能揣摩到老师背后用药的含义，我想这个问题很简单。李宗恩老师的医案我看了非常多，学到的也很多，通常比较喜欢看稍微复杂或者说第一眼给我的感觉是往这个方向去考虑，或者是说首先需要打开这扇门的时候跟李宗恩老师选择的方向或者钥匙不一样的案例，搞清楚这些哪些该用哪些不该用不说能做百分百，起码能到十之八九！</p>",
                      "level": 4,
                      "highlight": false,
                      "children": []
                    }
                  ]
                },
                {
                  "id": "ab4fba0e7d995f1858b5a2b9a3fbf4dd",
                  "author": "李宗恩",
                  "time": "2024年03月14日 13:24",
                  "content": "<p>不是腦積水不加生薑，是生薑會減弱生半夏的藥性，如果要依靠生半夏來去腦積水，那最好不要加生薑，除非有另外的考量。</p>",
                  "level": 3,
                  "highlight": true,
                  "children": [
                    {
                      "id": "6a8c732332f5537a1873d10303994677",
                      "author": "中醫愛好者",
                      "time": "2024年03月15日 05:15",
                      "content": "<p>李醫師你好，那我想延伸這個問題，再想請問一下， 我如果拿到的生半夏是已經乾燥過的，但是沒有炮製過的，生半夏，是可以治療腦積水的嗎？還是一定要拿那種土裡剛出來的才可以治療腦積水？</p>",
                      "level": 4,
                      "highlight": false,
                      "children": []
                    },
                    {
                      "id": "abc3cbaec9bc4618ae8da6ddec56506a",
                      "author": "李宗恩",
                      "time": "2024年04月11日 09:16",
                      "content": "<p>生半夏本來就得先曬乾，成為中藥材，不是直接非得拿新鮮的來使用。</p>",
                      "level": 4,
                      "highlight": true,
                      "children": []
                    },
                    {
                      "id": "d338eb2d9e1d5496e273cd009aeaff41",
                      "author": "暗香疏影",
                      "time": "2024年03月15日 07:36",
                      "content": "<p>谢谢李博士答疑解惑，我猜大概是这个意思，因为您讲了能勉强去脑里面痰饮的只有生半夏，既然是勉强那加了生半夏几乎就没有作用了！</p>",
                      "level": 4,
                      "highlight": false,
                      "children": []
                    }
                  ]
                }
              ]
            },
            {
              "id": "d29f8d530c91ef9e054c10336b19b1bf",
              "author": "张晋藩",
              "time": "2024年03月13日 04:17",
              "content": "<p>您好李博士我想请问如何从中医角度看待肺纤维化和胸膜增厚？中医治疗从哪方面下手？您能帮忙解释一下吗？</p>",
              "level": 2,
              "highlight": false,
              "children": [
                {
                  "id": "459097642ad1beff801b0e719db12307",
                  "author": "李宗恩",
                  "time": "2024年03月14日 15:19",
                  "content": "<p>中醫不是以西醫病名來診斷。</p>",
                  "level": 3,
                  "highlight": true,
                  "children": []
                }
              ]
            },
            {
              "id": "b309fcda70262bbbeabb72d1f293bc71",
              "author": "张芳",
              "time": "2024年03月14日 12:09",
              "content": "<p>李医师好！很遗憾不能去现场，书已通过代购购买。想问一下，孩子肺炎伴哮喘了，正在住院，每天挂7～8个水，小脸蜡黄，好可怜，想让您帮忙看看，下个月我的复诊可以让给孩子吗？</p>",
              "level": 2,
              "highlight": false,
              "children": [
                {
                  "id": "0c7702fb0ee9ec1100844d7988aaaa81",
                  "author": "李宗恩",
                  "time": "2024年03月14日 15:24",
                  "content": "<p>你應該聯絡診所前台，不是在這裡訊問，這是基本的尊重。</p>",
                  "level": 3,
                  "highlight": true,
                  "children": []
                }
              ]
            }
          ]
        }
      ]
    },
    {
      "id": "7c08fa9295e154d31cbec489864fd96a",
      "author": "vyjony",
      "time": "2024年03月05日 21:32",
      "content": "<p>大陆买书不好买，已经预定，网上需要等好长时间……</p>",
      "level": 0,
      "highlight": false,
      "children": [
        {
          "id": "766572fd12fb7e3f19fd6277876bf059",
          "author": "罗",
          "time": "2024年03月09日 18:29",
          "content": "<p>亲，在哪预定的，分享一下呗谢谢啦</p>",
          "level": 1,
          "highlight": false,
          "children": [
            {
              "id": "cd296256f23bfbddb1c558f59b897bce",
              "author": "邓文正",
              "time": "2024年03月13日 20:25",
              "content": "<p>可以在淘宝买，有挺多卖的。淘宝搜书名就可以了</p>",
              "level": 2,
              "highlight": false,
              "children": []
            }
          ]
        }
      ]
    },
    {
      "id": "1a118f95953c5fb47302bd5b2a5b8465",
      "author": "简单",
      "time": "2024年03月05日 21:36",
      "content": "<p>李老师您好，请问一下外感的白苔和里寒的白苔看起来有什么区别吗？</p>",
      "level": 0,
      "highlight": false,
      "children": [
        {
          "id": "3ae4c07659f3adea47219909aa976a30",
          "author": "李宗恩",
          "time": "2024年03月06日 10:29",
          "content": "<p>你的思路是相反的，應該是看到一個舌苔表現，去探討病人身體可能有什麼問題，再結合其它各種症狀表現，判斷病人的情況，進而決定治療方式。一個外感的病人，也可能本來就裡寒，你如何從單一的舌苔就判斷外感與否。</p>",
          "level": 1,
          "highlight": true,
          "children": []
        }
      ]
    },
    {
      "id": "5838bb9f722fa99b55123f2b1fc6a294",
      "author": "黄先生",
      "time": "2024年03月05日 21:47",
      "content": "<p>请问李先生，大陆广西南宁有一位台湾女中医师余鑫君，自称为倪师80年代徒弟。<br/>\n目前已开班授课10余期，但在汉唐官网跟诊记录以及您整理的倪师通讯录中，均未发现有此人，是否打着倪师旗号行骗？？特此向您求证，感激不尽！</p>",
      "level": 0,
      "highlight": false,
      "children": [
        {
          "id": "59379a4bbe9707de6ecf03d610979ad9",
          "author": "李宗恩",
          "time": "2024年03月06日 10:33",
          "content": "<p>無法確認，倪老師80年代在台灣，兩岸沒有什麼交流，他那時只有台灣的學生。但我說過，不要再問這種問題，沒有意義。就算是倪老師學生，也不代表臨床功力高，能正確解釋倪老師的教學內容。倪老師學生中，也有些人藉倪老師名聲來斂財的。</p>",
          "level": 1,
          "highlight": true,
          "children": [
            {
              "id": "fbdc556879451fb81a846a2da100ed30",
              "author": "黃先生",
              "time": "2024年03月07日 01:31",
              "content": "<p>谢谢Dr.lee ，祝您一切順利</p>",
              "level": 2,
              "highlight": false,
              "children": []
            }
          ]
        }
      ]
    },
    {
      "id": "f1156199f70ee562582c259756dead5f",
      "author": "已忘言",
      "time": "2024年03月05日 23:28",
      "content": "<p>李医师您好！在学习倪师人纪课程时，对人体的生理变化总是理解得不系统，对病理学的理解也比较割裂，请问您有什么建议么？</p>",
      "level": 0,
      "highlight": false,
      "children": [
        {
          "id": "24e49bd114a5593e75d9e14421aa51f1",
          "author": "李宗恩",
          "time": "2024年03月06日 10:36",
          "content": "<p>多研讀幾次，多去了解真實的病例。</p>",
          "level": 1,
          "highlight": true,
          "children": []
        }
      ]
    },
    {
      "id": "b350610656f559134c5a3a053170b3f9",
      "author": "RIGHTJANE",
      "time": "2024年03月05日 23:39",
      "content": "<p>之前只看过《当张仲景遇上斯坦福》，刚京东下单《养儿育女必备中医知识》。看李博士的书，就像听聊天，一点不累</p>",
      "level": 0,
      "highlight": false,
      "children": [
        {
          "id": "cfab2b2da9c8341f790df1cc2ebfefbe",
          "author": "李宗恩",
          "time": "2024年03月06日 10:37",
          "content": "<p>謝謝你的支持及鼓勵。</p>",
          "level": 1,
          "highlight": true,
          "children": [
            {
              "id": "ccad52edc44bfa534dd84cb18b726bae",
              "author": "王里仁",
              "time": "2024年03月06日 17:32",
              "content": "<p>尊敬的李博士您好，我想请问我看了您新冠通方麦冬和杏仁用在一起，各自有什么不同作用吗？我自己看了本草，没怎么看明白麦冬和杏仁的区别？望告知。感恩</p>",
              "level": 2,
              "highlight": false,
              "children": [
                {
                  "id": "6ba180fa36f0fe79cd5b77c0c3e05013",
                  "author": "李宗恩",
                  "time": "2024年03月14日 12:24",
                  "content": "<p>麥冬偏向養陰潤肺，杏仁偏向平喘潤腸。</p>",
                  "level": 3,
                  "highlight": true,
                  "children": []
                },
                {
                  "id": "394ced8bc629b82aa6ee45d3248dcdf8",
                  "author": "暗香疏影",
                  "time": "2024年03月15日 07:58",
                  "content": "<p>杏仁有一些类似麻黄开肺气作用，同时有润降作用，就像李博士讲的平喘润肠！吃多也会出现心跳过快，我试药时因为空腹直接嚼了吃差点把自己送走^_^</p>",
                  "level": 3,
                  "highlight": false,
                  "children": []
                }
              ]
            }
          ]
        }
      ]
    },
    {
      "id": "fe6120ce9cecd9dbf7099c886396bce3",
      "author": "简单",
      "time": "2024年03月06日 19:18",
      "content": "<p>李老师你好，白虎汤怕太寒了加人参，让胃的津液足。这个地方怎么理解？胃津液足就不怕寒了吗？</p>",
      "level": 0,
      "highlight": false,
      "children": [
        {
          "id": "e2597ab2a276fb36bc47e1e6dcfa0a66",
          "author": "756786867",
          "time": "2024年03月11日 04:46",
          "content": "<p>阳明胃太热把津液烤干了人参补回来，石膏消渴去热补肺津液，阳明证肺里面的津液才能消渴，石膏同时可以补肺津液。我说的对吗?宗恩老师</p>",
          "level": 1,
          "highlight": false,
          "children": [
            {
              "id": "989d9a99b761c859fcf47c7432949d8f",
              "author": "李梁",
              "time": "2024年03月12日 10:21",
              "content": "<p>石膏相对来说只是为了更好的灭火，帮助加入的人参能更好恢复津液！多说一句，这也是为什么我们这里的中医师总喜欢用大剂量的南派的麦冬去替代的原因！不可否认南派的麦冬的确能在某一个程度上能顾及到补水灭火的功效，但是即使调整剂量也相当于是从顶配变成了低配版</p>",
              "level": 2,
              "highlight": false,
              "children": []
            }
          ]
        },
        {
          "id": "6eaf9b8a027db1f898fe9be3f6d124a1",
          "author": "756786867",
          "time": "2024年03月11日 04:57",
          "content": "<p>哦，还有人参也可以补到肺津液</p>",
          "level": 1,
          "highlight": false,
          "children": []
        },
        {
          "id": "21545f620718cb92a61a919811f7fae6",
          "author": "李宗恩",
          "time": "2024年03月14日 12:28",
          "content": "<p>人參益氣生津，津液足，寒熱較易維持穩定，你可以用物理學上的熱質量來想像。</p>",
          "level": 1,
          "highlight": true,
          "children": []
        }
      ]
    },
    {
      "id": "cbbf4efd684cc65a4b9d1bdc56a31d14",
      "author": "吾兮",
      "time": "2024年03月07日 03:33",
      "content": "<p>李老师你好，我父亲血糖饭后23，近期刚发现，他没吃西药，我让他多锻炼，少吃含工业糖的东西。<br/>\n   这样对我父亲有危险吗，他有20多年的高血压在吃降压药。让我父亲打文式易筋经可以吗</p>",
      "level": 0,
      "highlight": false,
      "children": [
        {
          "id": "a9d0fcc4a14fa0e634662aa21c6c0d99",
          "author": "李宗恩",
          "time": "2024年03月14日 12:29",
          "content": "<p>只憑兩三句的敘述，無法評估，我也不在網上針對個案一一討論。</p>",
          "level": 1,
          "highlight": true,
          "children": []
        }
      ]
    },
    {
      "id": "100b7a829473ecc5191ace97327de96c",
      "author": "chr1234",
      "time": "2024年03月07日 03:46",
      "content": "<p>请问李医生大概准备什么时候正式开始中医的教学传承，到时候是会在大陆，台湾还是美国进行教学呢</p>",
      "level": 0,
      "highlight": false,
      "children": [
        {
          "id": "957ebedabc2f053faf8fecdd521437e1",
          "author": "李宗恩",
          "time": "2024年03月14日 12:29",
          "content": "<p>仍在計劃中。</p>",
          "level": 1,
          "highlight": true,
          "children": []
        }
      ]
    },
    {
      "id": "57c7d0e19176450ab04e53b1b033c9d1",
      "author": "WJJ王嘉俊",
      "time": "2024年03月07日 04:42",
      "content": "<p>李醫師您好：因痰濕引起的實，類似西醫的結節。在甲狀腺這類可配和一些藥引到三焦。那在肺中的結節如何引導來到肺中？我問過別家中醫的觀念，我並不覺得make sense 。其實如果病人有明顯的症狀就好辨證論治。有種病人問啥都還好，就令人頭大。</p>\n<p>問題關鍵詞「引藥入肺」</p>\n<p>謝謝</p>",
      "level": 0,
      "highlight": false,
      "children": []
    },
    {
      "id": "f02adec8c2b4f57b30e17c19575be373",
      "author": "暗香疏影",
      "time": "2024年03月07日 07:20",
      "content": "<p>您好，师伯！我是施老师的学生，不知称呼您师伯对不对，亦或是师叔^_^！其实在报名施老师学习班之前就在岐黄关注您的视频，《当张仲景遇上斯坦福》大陆版的看不过瘾又买了台湾版，非常感谢倪师带出您二位老师，您二位的教学内容和讲学方式完美的结合让我受益匪浅，从半年前啥都不懂的小白，到现在以自己和家人身体为研究、诊断和调理对象，基本掌握了中医治疗思路，只可惜施老师现在台湾半隐居状态没有办法跟诊，不知道师伯啥时候正事开班开放跟诊，非常期盼！</p>",
      "level": 0,
      "highlight": false,
      "children": []
    },
    {
      "id": "617755219d30818096113e4479d2afbd",
      "author": "送你座帆船",
      "time": "2024年03月07日 09:15",
      "content": "<p>希望李医师下次可以出一些高阶的书，中医也好，哲学也好</p>",
      "level": 0,
      "highlight": false,
      "children": [
        {
          "id": "144b91c210ef04c1032345d8e19aff8a",
          "author": "李宗恩",
          "time": "2024年03月14日 12:55",
          "content": "<p>規劃中。</p>",
          "level": 1,
          "highlight": true,
          "children": []
        }
      ]
    },
    {
      "id": "57a29d09835646629856fd16c8f8c5b4",
      "author": "记得吃早餐",
      "time": "2024年03月08日 09:04",
      "content": "<p>李医生你好，我最近在网上又找到了赵绍琴医生其他的书籍？请问还需要发过去参考一下吗？</p>",
      "level": 0,
      "highlight": false,
      "children": [
        {
          "id": "95c02f61eef0e98325c1f38203876866",
          "author": "R",
          "time": "2024年03月10日 01:28",
          "content": "<p>你好！如果可以的话请发给我一份吧，谢谢！xiaochunlin84000@gmail.com</p>",
          "level": 1,
          "highlight": false,
          "children": []
        },
        {
          "id": "a1db8966302115b3c2907538cf4c1676",
          "author": "李宗恩",
          "time": "2024年03月14日 13:02",
          "content": "<p>你可以發給診所前台。</p>",
          "level": 1,
          "highlight": true,
          "children": []
        }
      ]
    },
    {
      "id": "cba0c15cd3c8868740ecb3e143ae22cb",
      "author": "平平淡淡",
      "time": "2024年03月08日 19:30",
      "content": "<p>李医师您好，倪师说心脏有问题的时候会手脚麻木，快要中风的时候也会手指麻木，那怎么看是心脏问题引起的还中风引起的，谢谢</p>",
      "level": 0,
      "highlight": false,
      "children": [
        {
          "id": "17263ad0fd83262a8694207db186c7e0",
          "author": "李宗恩",
          "time": "2024年03月14日 13:03",
          "content": "<p>中醫不是只看一兩個症狀，得綜合其它症狀表現。另外，如果是中風手麻，那不是快中風，是已經輕微中風了。</p>",
          "level": 1,
          "highlight": true,
          "children": []
        }
      ]
    },
    {
      "id": "6b2d6d21e032519f8ac47aecfcd3871a",
      "author": "三伏",
      "time": "2024年03月09日 06:15",
      "content": "<p>李医生您好，倪老师推荐课程的学习顺序是针灸、黄内、本草、伤寒、金匮，我可以先学本草、伤寒、金匮吗？</p>",
      "level": 0,
      "highlight": false,
      "children": [
        {
          "id": "fbc17aae581d1118116aea15e47944f3",
          "author": "哈啰",
          "time": "2024年03月10日 03:28",
          "content": "<p>我听一些医生说先学本草伤寒，有了一定的医术后再学黄帝内经会对内经理解的更深刻一些，不知道这观点对不对</p>",
          "level": 1,
          "highlight": false,
          "children": [
            {
              "id": "71c57e8018029ac3e3a08ae58d5033c1",
              "author": "756786867",
              "time": "2024年03月11日 23:52",
              "content": "<p>先看宗恩老师的以前讲解视频。</p>",
              "level": 2,
              "highlight": false,
              "children": []
            }
          ]
        },
        {
          "id": "32bd09066012045e2f8d54b689e9911a",
          "author": "李宗恩",
          "time": "2024年03月14日 13:27",
          "content": "<p>不建議。</p>",
          "level": 1,
          "highlight": true,
          "children": []
        }
      ]
    },
    {
      "id": "649b20e7e417e596ac8c130be7dc8dcc",
      "author": "Penny Zhang 张晓攀",
      "time": "2024年03月09日 06:54",
      "content": "<p>李老师您好，请教一个辩证问题，还望老师指教一二。<br/>\n患者痰多，口舌易生疮，先白痰后黄痰，脉速，舌苔白厚，舌尖红，口渴，想吃冰饮但是吃了寒凉就会去厕所。我理解为肺热，但是患者胃部寒凉，腰部寒凉，此刻便抓不到辩证的方向，如果温中用干姜归脾汤类，肺会更热(听过您的演讲理解到肺有5个叶片，会有寒热并结的情况，并非单纯的寒or 热，很感谢您为倪师的视频做了更深一步的补充)。若从中焦寒湿去疏通中焦，让心火可以下移而非上行的方向思考，不敢用干姜，五苓散也没有好的效果。因此会觉得矛盾，对中医的理解还很不够，比较纠结想不通got lost。希望老师看到可以点拨一二。先行拜谢老师了。<br/>\n提前预祝老师签书会圆满！</p>",
      "level": 0,
      "highlight": false,
      "children": [
        {
          "id": "40f2595529059e7f8446136f31ec2ed3",
          "author": "李梁",
          "time": "2024年03月12日 10:32",
          "content": "<p>看你的问题，痰液先白后黄很简单这个肺家寒热转化的问题你不处理掉，即使按你说的祛除中下焦的寒湿你心阳大概率也不能很好的下得去。</p>",
          "level": 1,
          "highlight": false,
          "children": []
        },
        {
          "id": "1c438d6bf6d6e567631c71774200583b",
          "author": "李宗恩",
          "time": "2024年03月14日 13:30",
          "content": "<p>中下焦寒涼，導致心火胃火返逆，這應該不難解決。</p>",
          "level": 1,
          "highlight": true,
          "children": []
        }
      ]
    },
    {
      "id": "fab65ae3efc64a6b7fb5f0693c28f09f",
      "author": "黃先生",
      "time": "2024年03月09日 17:50",
      "content": "<p>Dr，Lee老师好，之前看過您關於精神病\\躁鬱症的年輕女孩的診斷視頻，主要辨證為上下焦不通，後面喝了奶茶又復發的那位，想咨詢下您後續治療的效果如何？？<br/>\n母親20年前就被診斷精神病，20年間多次往返精神病院，自學中醫後才發現精神病和腫瘤兼職是西醫的搖錢樹。<br/>\n仔細研讀您的視頻，和我母親的症狀完全一樣！ 因此想咨詢您後續治療效果如何？</p>",
      "level": 0,
      "highlight": false,
      "children": [
        {
          "id": "afb1e354ada764aed10fd27b59a743ec",
          "author": "李宗恩",
          "time": "2024年03月14日 13:33",
          "content": "<p>這位病人病情進步很多，但仍無法完全停藥，偶爾會反覆，但症狀比以前好很多。</p>",
          "level": 1,
          "highlight": true,
          "children": [
            {
              "id": "b479a545e3fe9475dfc46c931e48a1ab",
              "author": "北辰",
              "time": "2024年03月14日 18:45",
              "content": "<p>李老师，如何去判断一个人是否真正痊愈呢？尤其是遇到那种疑难杂症，很多国内医案都是将病症这层“表”消除后就不在记录，您与倪海厦老师的医案也是介绍某些疾病的治疗思路，但是当症状消除后我们如何来把他的脏腑机能这个“本”来调养，这类后期调养的医案我了解的并不多。就像您以前直播说过很少有医家会进行常年的追踪这让我们也不确定他是否真正痊愈。因为当病症被治愈后患者无论是作息还是日常生活都无法得到监视，要是还和得病前胡吃海塞不自律会让本来“愈合”的脏腑再次受到伤害而使病情反复。就如同那位得了抑郁症的小女孩病情控制住了，但是喝过奶茶后容易复发。类似这样的后期调养防止复发是不是记录较少呢？<br/>\n还有一点就是可能因为这样后期调养的案例很少所以会误导一些中医爱好者“原来癌症吃一个月就能好了和没事人一样了”，从而夸大疗效导致自己误用错用。外加在网络上只看到倪海厦老师说“大胆用生附硫磺”、李可老先生说“大剂量才管用”这样吸引眼球的字眼而产生生附硫磺120g这样一系列问题，您说是否与许多人不知道这和后期调养这一环节有关呢？</p>",
              "level": 2,
              "highlight": false,
              "children": [
                {
                  "id": "a6fbdc4689fb35239db51e995ee5803d",
                  "author": "李宗恩",
                  "time": "2024年04月11日 09:08",
                  "content": "<p>有些病症比較容易判斷「痊癒」，譬如肺炎，病人肺家症狀消除了，其它大部分的表現也正常了，我們可以說病人肺炎痊癒了。然而，有些病症不容易或者無法說「痊癒」，而是以分數的觀念來紀錄，譬如糖尿病，是身體綜合問題的表現，即使西醫血糖檢測正常了，不代表「痊癒」，只能說身體分數提高到一個程度，沒有血糖過高的症狀表現，但不代表脾家或其它臟腑完全正常了。長期追蹤很重要，診所許多病人會一直保持聯絡，或者偶而因其它問題來看診，因此得以長期紀錄病人的情況。</p>",
                  "level": 3,
                  "highlight": true,
                  "children": [
                    {
                      "id": "ead0b5fa0cb7f7bef3fc5ef43e303571",
                      "author": "北辰",
                      "time": "2024年04月16日 22:31",
                      "content": "<p>谢谢您的回答，李老师。临床治疗确实是一个复杂且漫长的过程</p>",
                      "level": 4,
                      "highlight": false,
                      "children": []
                    }
                  ]
                }
              ]
            }
          ]
        }
      ]
    },
    {
      "id": "365fb1b414281c81708e0f4a981425e9",
      "author": "吴洪涛",
      "time": "2024年03月10日 01:01",
      "content": "<p>怎么样联系你</p>",
      "level": 0,
      "highlight": false,
      "children": []
    },
    {
      "id": "cbbab5156651f5b5339b0c356213a685",
      "author": "三伏",
      "time": "2024年03月10日 22:14",
      "content": "<p>李医生你好，大陆买不到生半夏，生附子这些药材，只能改为姜半夏，炮附子，因为制过的药材药效会变弱，我可以加大一点这些炮制药材的剂量吗？</p>",
      "level": 0,
      "highlight": false,
      "children": [
        {
          "id": "1ac44e3f737f25c5d59bd3a0176cbd93",
          "author": "邓文正",
          "time": "2024年03月11日 17:00",
          "content": "<p>谁告诉你买不到的，网上一堆卖的，为了验证是不是真货。我吃了一颗生半夏，喉咙马上刺痛的不得了，缓了两天才好</p>",
          "level": 1,
          "highlight": false,
          "children": [
            {
              "id": "353c7bd5504d09a6a5838afeeb9cc6a5",
              "author": "吾兮",
              "time": "2024年03月13日 04:31",
              "content": "<p>用生姜解他的药性，我母亲自己给野生的生半夏用手把皮，突然手痒，我就跟他说用生姜摸手，摸了一会发现好多了，在过一会就没事了</p>",
              "level": 2,
              "highlight": false,
              "children": []
            }
          ]
        },
        {
          "id": "086ab0a0392b60d339c89162ec2250cb",
          "author": "756786867",
          "time": "2024年03月11日 21:50",
          "content": "<p>大堆卖的</p>",
          "level": 1,
          "highlight": false,
          "children": []
        },
        {
          "id": "37a03543c3050f4c2e8492aaa65f8b2b",
          "author": "李梁",
          "time": "2024年03月12日 10:50",
          "content": "<p>看你用来做什么！单从某一程度上来讲，可以通过改变某一位药的剂量来达到与另外一味药在治病中所需要的共性所在，譬如你说的姜半夏与生半夏！但是另外一个程度上来说，又可以是截然不同的两味药，譬如你说的炮附子与生附子！以我自己举例，我最近也是很苦恼在生白术的购买渠道上，自己每次跟自己开的药物都写的生白术，结果拿到手变成白术耕炒，期间去问为何更改我的药味，还被痛骂一顿说白朮炒跟不炒区别几乎没有区别，还来一句两者都能健脾除湿，我也的确不想花费精力跟一个甚至不如一个自学中医爱好者的所谓中医师去解释这个问题！这也是整个大陆普遍中医师的问题所在，只知其一不知其二！</p>",
          "level": 1,
          "highlight": false,
          "children": [
            {
              "id": "464539903dda38d6139d3fd573b82f05",
              "author": "吾兮",
              "time": "2024年03月13日 04:36",
              "content": "<p>你可以在卖中药的人手里买生白术，我现在就在卖中药人手里买，就是价钱贵一些，比如亳州、荷花药材市场，有好多供应商，药材的品治得自己去筛选，我就认识一个卖草药的他什么药都有</p>",
              "level": 2,
              "highlight": false,
              "children": []
            }
          ]
        },
        {
          "id": "0dce14313b947f38a8a0bfd993352d82",
          "author": "李宗恩",
          "time": "2024年03月14日 13:44",
          "content": "<p>大陸買得到生附子及生半夏，國家藥典也准許使用。加大炮附子的劑量，不等於使用生附子。</p>",
          "level": 1,
          "highlight": true,
          "children": []
        }
      ]
    },
    {
      "id": "75279df191fa0114a7d9b1fbd02ff879",
      "author": "756786867",
      "time": "2024年03月11日 05:12",
      "content": "<p>老师，除去十二经络，面诊与五脏区域对应划分是怎样呢；额头肾脏，嘴唇下方心脏；左脸颊肺脏【为什么？】；右脸颊肝【是因为肝脏长在右边原因吗？】；鼻头脾脏；还是以上5个方向我都弄错了呢?谢谢老师</p>",
      "level": 0,
      "highlight": false,
      "children": [
        {
          "id": "f7e9b818b6eed3c0cda8da451b2c179a",
          "author": "李宗恩",
          "time": "2024年03月14日 14:06",
          "content": "<p>倪老師簡單解釋過，但他的解釋和一般中醫討論的不一樣，我建議你一般網上查詢的對應部位為主。</p>",
          "level": 1,
          "highlight": true,
          "children": []
        }
      ]
    },
    {
      "id": "f4e875839e800684dfee20300e1a171c",
      "author": "joy",
      "time": "2024年03月11日 18:53",
      "content": "<p>李医师，麻烦请教一下，怎么判断小朋友肚子里有没有蛔虫？之前看到一个说法是“山根青不是直直的有弯钩状的”也是肚子里有虫的一个表证，这个是不是一个观察的方法呢？</p>",
      "level": 0,
      "highlight": false,
      "children": [
        {
          "id": "faa9e5fda4c2b92e1a44a49e7420f46c",
          "author": "756786867",
          "time": "2024年03月11日 23:47",
          "content": "<p>老师蛔虫这类应该也属于湿跟脾脏有相关吧。？小时候吃的宝塔糖拉出来真的是在动的虫子。</p>",
          "level": 1,
          "highlight": false,
          "children": []
        },
        {
          "id": "ff6ed4009bb31882caa51f2f87e94a42",
          "author": "李宗恩",
          "time": "2024年03月14日 14:33",
          "content": "<p>中醫斷定蛔蟲的方法不是完全準確。</p>",
          "level": 1,
          "highlight": true,
          "children": []
        }
      ]
    },
    {
      "id": "25154f8a099d9a361e119015078a7d17",
      "author": "暗香疏影",
      "time": "2024年03月12日 06:15",
      "content": "<p>您好李博士，听您讲肝胆药很难吃且胃部反应不佳，这个胃部反映不佳是因为肝胆药寒凉的原因吗？前两天因吃过多山楂导致半夜胃疼呕吐，呕吐物上层清色胃液下层黄色胆汁（很苦且色黄应该是胆汁），结合自己有胆结石病史且前段时间右肋胆区定点隐痛，右肩部疼，包括睡眠诊断等均符合肝胆病犯的特征，目前为止吃药大概有一周，期间胃部有痞感，舌苔白厚（吃药两天出现，之前薄白苔），这个反应是不是就是因为药物寒凉导致？因前两年贪吃冷饮胃一直偏寒喜热饮，所以怕胃不舒服在药方里加了干姜，量不是很大，整体药方还是偏寒，想请问一下，这时候的治疗方向应该是加大温药比例还是就按现在药方（先牺牲一下胃，后期再调回来？）如果此时加大温药是否对肝胆药方有影响？另外能不能麻烦您详细解答一下服用肝胆药期间不舒服的一些常见症状、原因以及后期弥补方法！谢谢</p>",
      "level": 0,
      "highlight": false,
      "children": [
        {
          "id": "7fde62880090a981f9719d769ac17a6a",
          "author": "李宗恩",
          "time": "2024年03月14日 14:49",
          "content": "<p>熱藥和涼藥不是相互抵銷，不是加大生薑乾薑的劑量就可以讓藥方不涼。</p>",
          "level": 1,
          "highlight": true,
          "children": []
        }
      ]
    },
    {
      "id": "b4afaa1109b15a3252bc4cd962c7ec52",
      "author": "飞飞飞",
      "time": "2024年03月12日 08:38",
      "content": "<p>李老师，想让您给一点点治疗思路。我爸，近60，类似于疑难杂症<br/>\n1.无脉，不是反关脉，脉只有寸部有，大概3-4至。合谷穴有脉（脉跳的比较强）。<br/>\n主症：盗汗几十年<br/>\n副症：冬季百分百手冻疮，同时其他季节看起来也略微红肿（热但不痛）<br/>\n其他一切都还好。<br/>\n比较病态辩证：<br/>\n胃口很好，很瘦（体力劳动）舌苔白厚腻（工作环境是久坐湿地类）小便淡白且偏多<br/>\n其他的从十问的角度看都偏向于正常。<br/>\n我开过比较治标的处方21天：桂枝龙骨牡蛎炮附+去湿的;吃的时候不盗汗，同时冻疮会缓解，但不吃的时候3周后又会复发盗汗。<br/>\n也开过当归四逆+龙骨牡蛎2天，但是吃完盗汗更严重。同时脸色苍白，就叫他停了。<br/>\n我现在只能判断里寒，不能判断要从哪个脏腑开始下手。<br/>\n目前想的是一月一次当归羊肉汤食疗。未来开药可能会先清一下肝胆，但除了清肝胆暂时就没别的思路了。<br/>\n请李老师给一点其他的大方向思路。</p>",
      "level": 0,
      "highlight": false,
      "children": [
        {
          "id": "40c75b3c60e4d25e0d74b5932603fa5b",
          "author": "李宗恩",
          "time": "2024年03月14日 14:50",
          "content": "<p>我不在網上針對個案一一討論。</p>",
          "level": 1,
          "highlight": true,
          "children": []
        }
      ]
    },
    {
      "id": "0d47251d8d2b5d6edc6689b5f28cfb8e",
      "author": "乐浩",
      "time": "2024年03月12日 16:57",
      "content": "<p>李医生，您好。有种罕见病叫粘多糖贮积症，从中医角度来看，它的前因后果是怎么回事？治疗方向在哪里？</p>",
      "level": 0,
      "highlight": false,
      "children": [
        {
          "id": "df3b371a0d03ae3526f47336fd48d74c",
          "author": "李宗恩",
          "time": "2024年03月14日 14:50",
          "content": "<p>中醫不是以西醫病名來診斷。</p>",
          "level": 1,
          "highlight": true,
          "children": []
        }
      ]
    },
    {
      "id": "14af2b072d693e0fba7bb255258dfb58",
      "author": "long",
      "time": "2024年03月12日 21:07",
      "content": "<p>李老师，您好<br/>\n    肺癌晚期的中药治疗一年后CT复查缩小95%.继续中药治疗半年后再CT复查缩小慎微,倪师的视频说有效果就不要改处方，像这种缩小慎微是不是要更改处方了呢？</p>",
      "level": 0,
      "highlight": false,
      "children": [
        {
          "id": "d9cdf7f0bcdf142ff60d986a0a6bfa55",
          "author": "李宗恩",
          "time": "2024年03月14日 14:53",
          "content": "<p>不知道病人情況下，無法回答。癌症腫塊沒有縮小，不一定代表藥方無效，如果不服藥，腫塊可能快速增長，但在不知道病情下，猜想是沒有意義的。</p>",
          "level": 1,
          "highlight": true,
          "children": [
            {
              "id": "de2e3e5167771e6ae82b9a5ee8dddb16",
              "author": "long",
              "time": "2024年03月21日 02:08",
              "content": "<p>1)我看倪师视频和医案中在治疗肺癌时，有时用炮附子有时用生付子，有时两个一起用再加上牡蛎，我理解是因为病人的心阳不足用生付，肾阳不足用炮付，两个都不足就生炮一起用，不知理解有没有错误，忘指教<br/>\n2)我买了您的书是大陆简体版的，不知道和台湾繁体版是否内容一样，有没有删减呢？</p>",
              "level": 2,
              "highlight": false,
              "children": [
                {
                  "id": "4ddb7ff93f6d20781a76d41945775bc9",
                  "author": "李宗恩",
                  "time": "2024年04月11日 11:18",
                  "content": "<p>（1）不是什麼症狀就用什麼中藥材（2）簡體版有略加修改。</p>",
                  "level": 3,
                  "highlight": true,
                  "children": []
                }
              ]
            }
          ]
        }
      ]
    },
    {
      "id": "3d6e523cceb03fc4c75270a57a6bc092",
      "author": "夏至",
      "time": "2024年03月12日 23:31",
      "content": "<p>老师好，小明友反复的高烧，退烧后四五个小时又高热，怕热又怕冷是炎症吗？</p>",
      "level": 0,
      "highlight": false,
      "children": [
        {
          "id": "a63de4624b6a8569caf1d531da9085f0",
          "author": "李宗恩",
          "time": "2024年03月14日 14:54",
          "content": "<p>中醫不用發炎這個名稱，更不是這樣治病。</p>",
          "level": 1,
          "highlight": true,
          "children": [
            {
              "id": "bbb4ac6ee3275a817556d628daa5cb32",
              "author": "夏至",
              "time": "2024年03月17日 05:54",
              "content": "<p>老师好，我外孙女周五下午四点钟开始又是高烧，我没有用退烧的方剂，用的是先在碗里放50毫升温开水，再把我女儿的金戒指用火烧红了放进水里面，一分钟后取出戒指把水让小朋友喝下去，当时是五点十分喝下去的然后奇迹发生了，五分钟后开始出汗温度开始下降，断断续续的出了许多的汗，一直持续到夜里三点就这样连续五天的高烧彻底退了。因为小朋友每天夜里睡着了会自己坐起来左看看右看看，不说话我抱着拍拍又睡了，半个小时就有一次，我改用祝由术收的惊，今天已经是完全好了，倪海厦老师说过金石类的中药都有镇静心神的作用，我觉得金戒指也是可以镇静心神的。老师可以帮我分析一下吗？</p>",
              "level": 2,
              "highlight": false,
              "children": []
            }
          ]
        }
      ]
    },
    {
      "id": "293550caf03721f759fb31ca8a9f0f02",
      "author": "过江之鲫",
      "time": "2024年03月13日 17:30",
      "content": "<p>请教一下李博士，我观察到一个现象，如果不经意间突然想到了色情的东西，心会突然一惊。我的假设是，人性奋时气和血鼓动，使其具备行房能力，如果心血不足鼓动则血下流产生的心惊，肾水扰动心神。不知道对不对</p>",
      "level": 0,
      "highlight": false,
      "children": [
        {
          "id": "10cb1aff1d89ce4dd95f4681bef8277a",
          "author": "李宗恩",
          "time": "2024年03月14日 15:21",
          "content": "<p>應該不是。</p>",
          "level": 1,
          "highlight": true,
          "children": [
            {
              "id": "d81f4af669c8e9cd903372dfd25cc87e",
              "author": "夏至",
              "time": "2024年03月15日 12:23",
              "content": "<p>老师好，上周日晚上我女婿吊单杠摔倒了，当时我外孙女看到了吓着了，哭的很厉害，因为我们只顾着她爸爸了，周一晩上开始小朋友就开始发高烧了，当时是无汗高热怕冷头疼，我用的是葛根汤，吃了没有效果，但是第二天八点钟开始自己退烧了，下午二点开始又高烧39.3，我看她汗出不来改用的是麻黄汤，但是汗出来了就是温度不降，第三天上午八点又退烧了，并且上午都是在没有药物的作用下退烧的，然后下午三点又高烧了39.1度无汗，并且是夜里突然就闭着眼睛往床下走，当时我一把抱住了她才没有摔倒了，没有办法的情况下硬着头皮又给她喝了100毫升麻黄汤，还是汗出来了温度不降，夜里又是突然就坐起来二次东看看西看看，我抱着她哄哄又睡觉了，到了第四天上午七点又是自己出汗降温了，如此循环往复今天是第五天了，我今天用的是老祖宗的收惊的方法，不知道行不行，以前都是发烧了一碗葛根汤就好了，新冠那么严重全国流行的时候都是一碗麻黄汤就好了，小朋友十岁了，就是发烧高热夜里睡不好，早上温度下来到三十七，食欲不好，但是精神很好。今天是第五天了，现在是下午三点多，现在好像是又有点开始了，希望老师帮我分柝一下，感谢您！</p>",
              "level": 2,
              "highlight": false,
              "children": [
                {
                  "id": "eb9d3f4a6b41a8c8835b6c39a8b31bea",
                  "author": "暗香疏影",
                  "time": "2024年03月15日 09:35",
                  "content": "<p>李博士不在这里看诊的，其实不管用什么方法能解决问题就行，我们老祖宗的智慧可不止医药方面哦！</p>",
                  "level": 3,
                  "highlight": false,
                  "children": []
                },
                {
                  "id": "2923ef6359c5b1e7e80201c466885f0f",
                  "author": "王俄焱",
                  "time": "2024年03月16日 04:06",
                  "content": "<p>吓到了，你要看看别的方式</p>",
                  "level": 3,
                  "highlight": false,
                  "children": []
                },
                {
                  "id": "26421da4835ab1f2949c14ab2b071786",
                  "author": "Xiaomi",
                  "time": "2024年03月16日 21:26",
                  "content": "<p>《黃帝內經•靈樞第四十四•順氣一日分為四時》里提到有旦慧、晝安、夕加、夜甚的不同表現。</p>",
                  "level": 3,
                  "highlight": false,
                  "children": []
                },
                {
                  "id": "6bbb4a80cb999a9b7c282abf97d2f1de",
                  "author": "李宗恩",
                  "time": "2024年04月11日 09:15",
                  "content": "<p>我不在網上針對個案一一討論。</p>",
                  "level": 3,
                  "highlight": true,
                  "children": []
                }
              ]
            }
          ]
        }
      ]
    },
    {
      "id": "9b136d92e22fe246516fa7e0296bef25",
      "author": "新元",
      "time": "2024年03月13日 18:47",
      "content": "<p>李医生，您好！您写的这本书基本上看完了，看完后收获非常大，这本书里没有或很少提及小孩咳嗽和便秘的问题，我儿子大便基本上两三天才一次，有时四天一次，还有已经断断续续咳嗽差不多一年了，基本上除了咳嗽没有其他症状，也找了专业中医师看诊了，好了一段时间后还是断断续续的咳嗽，不知道什么原因，麻烦您有时间写篇关于小孩咳嗽的文章吗？谢谢</p>",
      "level": 0,
      "highlight": false,
      "children": [
        {
          "id": "7acc484f9059ecd126bc927c586ed155",
          "author": "李宗恩",
          "time": "2024年03月14日 15:23",
          "content": "<p>討論感冒的部分即包含咳嗽，只是治療咳嗽得需要較多的基本知識，不是三言兩語就可以解釋清楚的。</p>",
          "level": 1,
          "highlight": true,
          "children": []
        }
      ]
    },
    {
      "id": "5557450d9a13df344cf05a3d55dc51d0",
      "author": "飞飞飞",
      "time": "2024年03月14日 09:24",
      "content": "<p>还有一个关于针灸的小疑问。<br/>\n倪师在子母穴的加强手法会先下表里经的本穴。<br/>\n但胆为病经的视频里是先下行间（肝子穴）这种是类似于大敦太痛，肝喜疏可下子穴的理论<br/>\n还是说不用那么龟毛，对于本穴是井的情况，子也好，母也罢，目的是引出了表里经的健康气？</p>",
      "level": 0,
      "highlight": false,
      "children": [
        {
          "id": "a3a8b6b58db46634c6f4a233ee0dbec8",
          "author": "李宗恩",
          "time": "2024年03月14日 15:25",
          "content": "<p>不是。</p>",
          "level": 1,
          "highlight": true,
          "children": []
        }
      ]
    },
    {
      "id": "750dfe9576790f84092cce16292dfdaa",
      "author": "李梁",
      "time": "2024年03月14日 20:51",
      "content": "<p>深思熟虑许久，还是冒昧决定打算问下宗恩老师最近不光是在岐黄学员中争议也是在大陆中医届里面探讨的一个问题！随着大陆中药价格的不断上涨，酸枣仁的价格一味飙升，甚至炒到了1500元人民币一公斤！的确在遇到经济困难的病患，10几克的酸枣仁几乎犹如塞牙缝，同理我们也深知任何一个方剂的药味的替代所需要考虑的问题太多多，也绝非仅仅是药物有共性就偏向替换一味药材！即使替换也有不同的效果存在，很难做到十全十美！更不是照葫芦画瓢！那么反过头想请教下宗恩老师，我的个人理解酸枣仁汤中的酸枣仁的确是一个几乎不能用其他药物做到与之媲美的，而在大陆中不少中医师有提到用到南派的合欢皮以及首乌藤跟鸡血藤来与之替代，但是我个人认为是不太完全对的，那么单存从引血归肝的角度来说，想听听宗恩老师的意见！(这里我希望其他的同学如果看到，能够做到不是照葫芦画瓢，能够活学活用)</p>",
      "level": 0,
      "highlight": false,
      "children": [
        {
          "id": "1482143319de05d58c9ef6239a7467d0",
          "author": "李宗恩",
          "time": "2024年04月11日 09:14",
          "content": "<p>這得看你為什麼要用酸棗仁，不是拿什麼其它藥材來直接取代。譬如合歡皮有疏肝解鬱的功能，在某些方面可以代替酸棗仁，但如果你希望引血歸肝，那就不容易拿來取代酸棗仁。</p>",
          "level": 1,
          "highlight": true,
          "children": []
        }
      ]
    },
    {
      "id": "49b90f4dc060bc0776fc4155c4058b6a",
      "author": "徐智祥",
      "time": "2024年03月15日 08:12",
      "content": "<p>李医师，您对高科技比较了解，如今ai发展的很快，那么有可能在未来的十几年里ai取代中医吗？另外现代医学有没有可能在未来十几年内与中医汇通呢？</p>",
      "level": 0,
      "highlight": false,
      "children": [
        {
          "id": "23557414d0b2cf832583f1268122fece",
          "author": "李宗恩",
          "time": "2024年04月11日 09:20",
          "content": "<p>有可能，但最大的瓶頸不是人工智能的研究開發，而是真的有卓越療效的中醫師和醫案有限，很難訓練人工智能。</p>",
          "level": 1,
          "highlight": true,
          "children": []
        }
      ]
    },
    {
      "id": "bfa5acdac535e92148a6c82a8d125954",
      "author": "暗香疏影",
      "time": "2024年03月15日 09:23",
      "content": "<p>很多视频上李博士强调多次的问题（不在网页上看诊、附子半夏怎么用、乌头蜜怎么用等等问题都有详细解答和说明），但是在这里还有人一遍遍问，李博士还要一遍遍不厌其烦的回答，真的是太辛苦！对自己负责同时减轻李博士负担，让李博士腾出更多时间做其他事，建议各位真想好好学中医的把倪师和李博士的视频多看两遍，其实很多答案都在视频中有回答！</p>",
      "level": 0,
      "highlight": false,
      "children": []
    },
    {
      "id": "492f75528c3f002e302e426d619cbcf7",
      "author": "李梁",
      "time": "2024年03月15日 10:16",
      "content": "<p>李宗恩老师，今天我想跟您分享一个让我对大陆中医抱有很遗憾的一个医疗案例！就在刚不久，在我当地中医院的国医堂的发生一件事情，一位年近70的重症心脏病患者在当地中医院所谓知名中医师的治疗下很遗憾的离开了人世，很巧不巧的是居然仅仅在服用了一天两次的汤药下，出现了严重的心痛，立刻在转往西医的路上遗憾的走掉了！虽然事情被压下去，但是内幕早已经就传出所服用的汤剂为破格救心汤！（我在这里希望同学能够理性看待，我并没有任何的恶意！），抛开我所了解的这些情况，我们不能判断这件医疗案例到底本质上是哪里出了问题，又或者是病人本身的问题也好，还是医生冒然使用破格救心汤的问题所在！虽然是不公平的，但是为之让我一颤！那么我们假如按照第二种概率来推测，破格救心汤是以四逆汤为打底方进行一系列的加减！而且剂量上明显是非常大的！炮附子常常都是60g起步，干姜也用到了60g，炙甘草也用到60g，而传出的消息是炮附子用到了200g！如此大的剂量很难以去想象这位中医师当时是怎么考虑的！我想这位中医师是不是仅仅学到了破格救心汤在回阳救逆上的许多成功案例，只是照本宣科进行套用，冒然的使用200g的炮附子，造成了非常遗憾的后果！这件医疗事件的背后的的确确充满了讽刺的味道，大陆的中医师的确要走的路还很漫长！如果仅仅只是一味觉得某个方剂在弄个症上面有着非常不错的成功医案，就直接拿给对的上号的病人去服用，这不仅仅是这位大陆中医师缺乏急诊的临床辩证与缺乏深厚的中医功底，这也是折射出当代普遍大陆中医师照本宣科对病人不负责任的医德败坏！结尾处如果李宗恩老师方便，想恳请您以客观理性的角度来浅谈一下您对破格救心汤在回阳救逆上的实质性功效！感激不尽！</p>",
      "level": 0,
      "highlight": false,
      "children": [
        {
          "id": "c46f83befd1057f8839dd59350f38d5e",
          "author": "李宗恩",
          "time": "2024年04月11日 09:23",
          "content": "<p>謝謝你的分享。</p>",
          "level": 1,
          "highlight": true,
          "children": []
        }
      ]
    },
    {
      "id": "2f9a3d3610573b8f90e2adba143d8483",
      "author": "简单",
      "time": "2024年03月15日 21:12",
      "content": "<p>李老师，请问麻黄附子细辛汤和小建中汤可以出现在同一张方子中吗？刚听到您讲去中下焦寒湿麻黄附子细辛汤要配合桂枝汤去芍药才能让热力更好的保留在中下焦。那么假如一个人他中下焦很寒，她脾胃吸收很差。是分开来一步一步来先去寒湿再建脾胃？还是可以同时开？</p>",
      "level": 0,
      "highlight": false,
      "children": [
        {
          "id": "08431668e4ca8844dcfa8a2d4bdec884",
          "author": "李梁",
          "time": "2024年03月19日 06:29",
          "content": "<p>这得看病人情况！</p>",
          "level": 1,
          "highlight": false,
          "children": []
        },
        {
          "id": "cff8985a32aa3b833d2903963a7e1dcc",
          "author": "李宗恩",
          "time": "2024年04月11日 09:31",
          "content": "<p>你的思維停留在方劑對應症狀，你得深入了解病人問題所在。譬如，病人脾胃吸收很差，你得判斷是脾胃本身功能不佳，還是中焦寒而限制了脾胃功能，或者其它原因。當你了解其中的癥結，也就知道如何一步一步來處理。</p>",
          "level": 1,
          "highlight": true,
          "children": []
        }
      ]
    },
    {
      "id": "9b74b655edb194a183c5f51c91456f0a",
      "author": "嘉乐",
      "time": "2024年03月15日 22:03",
      "content": "<p>李医生你好，大数据最近给我刷到一些呼吸暂停综合征引起的窒息案例，我想询问一下以中医的角度如何看待类似的症状呢，根治情况怎么样？</p>",
      "level": 0,
      "highlight": false,
      "children": [
        {
          "id": "c1cc00df65e3cf386bd58ee569e624ff",
          "author": "李宗恩",
          "time": "2024年04月11日 09:54",
          "content": "<p>有許多的可能成因，譬如脾虛濕重、腎不納氣等等。</p>",
          "level": 1,
          "highlight": true,
          "children": []
        }
      ]
    },
    {
      "id": "7525022dda3e323c4cbe096e74c689b0",
      "author": "小雨滴",
      "time": "2024年03月16日 12:31",
      "content": "<p>李老師您好，我是小雨滴。今天請教的問題如下：<br/>\n西醫經常通過ct診斷血管或肝等部位出現鈣化，鈣化按照中醫的維度成因是痰濕麼？<br/>\n謝謝老師，老師再見</p>",
      "level": 0,
      "highlight": false,
      "children": [
        {
          "id": "f1b0bb6c835a4f6e2a62a83d375d892d",
          "author": "李宗恩",
          "time": "2024年04月11日 09:55",
          "content": "<p>可以從痰濕的角度來比較。</p>",
          "level": 1,
          "highlight": true,
          "children": []
        }
      ]
    },
    {
      "id": "35d7275e69ef40ed2b018127132ba365",
      "author": "可乐很苦",
      "time": "2024年03月17日 01:41",
      "content": "<p>关于大陆输液乱象<br/>\n新冠陆续又开始它的表演了,几乎周围的大部分人都喜欢输液.发热输液更是人满为患.年轻人认为输液好得快,能够快速回到工作岗位.有些中老人甚至认为用医保不用花钱,感觉疲劳就去输氨基酸.有的老人新冠输液半个月了医生说肺部还有阴影需要继续输液.我也不是特别知道输液会带来哪些对人体的副作用.头孢这类抗生素难道真的对新冠有用?可恶的西医.希望李博士出教程学习中医知识.</p>",
      "level": 0,
      "highlight": false,
      "children": []
    },
    {
      "id": "3c952a38e9f91225a69a6ed90c7733c8",
      "author": "x",
      "time": "2024年03月17日 08:00",
      "content": "<p>李医生您好，想请教关于人纪中苓桂术甘汤的问题:<br/>\n1.伤寒和金匮中关于苓桂术甘汤的剂量有所不同，一个是4322，一个3332，是因为伤寒中因为若吐若下后用这个方剂，所以才重用茯苓吗？<br/>\n2.人纪视频中写的是甘草，这里是炙甘草还是用甘草？倪师也说过甘草有蓄水的作用，和方中的利水不是有冲突吗，想请教下这两个问题您的看法。</p>",
      "level": 0,
      "highlight": false,
      "children": [
        {
          "id": "6baeb40afec8074efb772989e852cf28",
          "author": "李宗恩",
          "time": "2024年04月11日 10:03",
          "content": "<p>已經說過很多次，不要被古書中的劑量給綁住，現代的藥材和古代已經有不少差別，重點在於病人對各個中藥的反應。古書中的方劑，是為了教學解釋而條例的，不是一成不變，苓桂术甘湯中，使用甘草還是炙甘草，得看你想偏重什麼。</p>",
          "level": 1,
          "highlight": true,
          "children": []
        }
      ]
    },
    {
      "id": "027413baac7ec963c4eb10b71208784e",
      "author": "暗香疏影",
      "time": "2024年03月18日 08:17",
      "content": "<p>请教一下李博士，现在外面最难买的药应该要属酸枣仁了，价高还买不到真的，即便真的品质却非常次，要不就真假参半，到有些品质有一定保证的药店（比如某同*堂，那价格吓死几个人），在酸枣仁汤方里它又是主药，不知道这个药可否有比较合适的平替方案？</p>",
      "level": 0,
      "highlight": false,
      "children": [
        {
          "id": "97c9e5fa73ba60169c8fc7c1fa78172c",
          "author": "李梁",
          "time": "2024年03月19日 06:25",
          "content": "<p>这个问题我也很希望李宗恩老师稍微做一下简单的解答！在李宗恩老师回答之前，我个人对你的问题见解是你需要用到酸枣仁做何目的！倘若真是需要用到酸枣仁汤剂，的确很难找出单味的药材来比似酸枣仁！本身这味药就是属于非常轻补的药材，酸收引血归肝的同时又能宁心安神，倘若真用熟地佐白芍等加入的一些南派养心安神的药味，功效上亦不能画等号，且也失去方剂本身的含义！</p>",
          "level": 1,
          "highlight": false,
          "children": []
        },
        {
          "id": "d51186aafcb50499f2ac5a42813f1f88",
          "author": "李宗恩",
          "time": "2024年04月11日 10:04",
          "content": "<p>這得看你為什麼要使用酸棗仁湯，沒有酸棗仁，也可以從其它臟腑起手。</p>",
          "level": 1,
          "highlight": true,
          "children": []
        }
      ]
    },
    {
      "id": "4a74b2f36ab3f06aeea46c26daae3615",
      "author": "三伏",
      "time": "2024年03月18日 21:52",
      "content": "<p>李医生您好，大陆的部分医生不建议从未接触过中医的人将倪老师的课程作为入门课程来学习，但是倪老师在课堂上有说过他会将所有的学生都当成没有中医基础的学生来教，李医生您怎么看</p>",
      "level": 0,
      "highlight": false,
      "children": [
        {
          "id": "98a7faaf4eb84693830b25cddc96fc89",
          "author": "李宗恩",
          "time": "2024年04月11日 10:56",
          "content": "<p>倪老師中醫教材，很適合初學者。</p>",
          "level": 1,
          "highlight": true,
          "children": []
        }
      ]
    },
    {
      "id": "6faa5544dad32a1ff2b74858dafc5e2d",
      "author": "简单",
      "time": "2024年03月18日 23:41",
      "content": "<p>李老师您好，射干麻黄汤是用于治疗肺家的寒症，但是射干这味药却是清火的，这个地方我不太理解请老师指教。那是不是说射干麻黄汤本身去寒饮的同时已经兼顾到去除肺家化热的问题了呢？</p>",
      "level": 0,
      "highlight": false,
      "children": [
        {
          "id": "3529302428998220e2bc24d288cc63fb",
          "author": "李梁",
          "time": "2024年03月19日 22:18",
          "content": "<p>不是你这么理解，射干麻黄汤证主要是用于寒痰堆积与肺底，倘若病人真的需要但是肺部却有寒热转化，得看你如何加减配伍，这个才是最重要的！</p>",
          "level": 1,
          "highlight": false,
          "children": []
        },
        {
          "id": "28a4ff0bbc6fef818646320f0167cff0",
          "author": "李宗恩",
          "time": "2024年04月11日 11:02",
          "content": "<p>射干本身偏寒涼，但在射干麻黃湯中有其它中藥材配合，借重射干祛痰結的作用。</p>",
          "level": 1,
          "highlight": true,
          "children": []
        }
      ]
    },
    {
      "id": "89e54cae5866594238a37492be4f5204",
      "author": "青青子衿",
      "time": "2024年03月21日 19:05",
      "content": "<p>李博士妳好~之前視頻中有聽到妳講過要給小朋友做出壹套啓蒙中醫學習資料，請問有好消息了嗎？現在內陸這邊中小學教育在民間反響很不好，作爲家長（當然也是傳統文化和中醫藥的愛好者）我更想讓孩子從小就能建立起正確的文化價值觀取向，學習更有意義的知識。</p>",
      "level": 0,
      "highlight": false,
      "children": [
        {
          "id": "771f90afbded3fbf83f1442fb37de3bf",
          "author": "李宗恩",
          "time": "2024年04月11日 13:32",
          "content": "<p>規劃中。</p>",
          "level": 1,
          "highlight": true,
          "children": []
        },
        {
          "id": "e9c61fce34d7a5793f0afb7e2cbdea0e",
          "author": "Demi妈妈",
          "time": "2024年04月28日 20:39",
          "content": "<p>同样很期待能有小朋友可以看的中医启蒙书，孩子很喜欢中医</p>",
          "level": 1,
          "highlight": false,
          "children": []
        }
      ]
    },
    {
      "id": "dcb814dee9497b9fecd8a3820c817216",
      "author": "福缘善庆",
      "time": "2024年03月21日 22:33",
      "content": "<p>李医生你好，我想预约您的远程看诊，不知途径，请问应该在哪里排队？</p>",
      "level": 0,
      "highlight": false,
      "children": [
        {
          "id": "b5be10710190bbcaabbed35231a54816",
          "author": "明遠",
          "time": "2024年03月22日 15:56",
          "content": "<p>請聯絡診所 <a href=\"mailto:info@youngQi.com\">info@youngQi.com</a>，告知您想預約李醫師遠程看診，診所會回覆您遠程看診日期以及進行的方式。</p>",
          "level": 1,
          "highlight": false,
          "children": [
            {
              "id": "abcdfa07171453602e4e4bd73a0b5075",
              "author": "福缘善庆",
              "time": "2024年03月24日 12:30",
              "content": "<p>谢谢告知</p>",
              "level": 2,
              "highlight": false,
              "children": []
            }
          ]
        },
        {
          "id": "f5b0b119fcc5bbcc70074c54fbfe9ce0",
          "author": "李宗恩",
          "time": "2024年04月11日 13:51",
          "content": "<p>請和診所聯絡info@youngQi.com</p>",
          "level": 1,
          "highlight": true,
          "children": []
        }
      ]
    },
    {
      "id": "9e643f2670ef24ccff1333195fdb3fe8",
      "author": "Jona",
      "time": "2024年03月21日 23:01",
      "content": "<p>李医生你好，请问可以讲解一下关于“腺样体肥大”和“扁桃体肥大”的相关知识吗？中国大陆很多孩子深受这两种疾病的困扰，家长也四处寻方，西医一直鼓吹手术切除，但我们希望更多的孩子能从根本上治疗这个问题，无奈穿州过省也未能好好解决孩子的根本问题，恳请李医生出一些相关讲解的视频，帮助孩子，也帮助家长理解这个病是怎么回事，谢谢哈！</p>",
      "level": 0,
      "highlight": false,
      "children": [
        {
          "id": "c457b8383f99d4b1a8d1534a2cace7f3",
          "author": "夏至",
          "time": "2024年03月24日 03:27",
          "content": "<p>腺样体扁桃体肥大可以用推拿治疗的，我外孙女就是推拿治好的</p>",
          "level": 1,
          "highlight": false,
          "children": []
        },
        {
          "id": "b319127f23bd91d5f055225413f5eb1b",
          "author": "李宗恩",
          "time": "2024年04月11日 13:52",
          "content": "<p>多半和脾虛濕重有關。</p>",
          "level": 1,
          "highlight": true,
          "children": []
        }
      ]
    },
    {
      "id": "f40bceb42f5a63078b1aaa0a72fa779b",
      "author": "Demi妈妈",
      "time": "2024年03月26日 23:35",
      "content": "<p>李医生您好，很幸运知道了您，已看完《当张仲景遇上斯坦福》，请问《养儿育女必备中医知识》有可能今年在大陆出版吗？谢谢</p>",
      "level": 0,
      "highlight": false,
      "children": [
        {
          "id": "486c6e175ac2f7c5047f81681ce73790",
          "author": "北辰",
          "time": "2024年03月27日 19:00",
          "content": "<p>淘宝就可以买到</p>",
          "level": 1,
          "highlight": false,
          "children": []
        },
        {
          "id": "3adf6d7ee32951f8a5c55fa1390ab8ec",
          "author": "李宗恩",
          "time": "2024年04月11日 15:24",
          "content": "<p>同樣的問題，不要重複詢問。</p>",
          "level": 1,
          "highlight": true,
          "children": []
        }
      ]
    },
    {
      "id": "6e6937d41e540a2cc4829bf65516e29e",
      "author": "飛飛",
      "time": "2024年03月30日 01:17",
      "content": "<p>你好李醫師，請問人在台灣有辦法找你遠程看診嗎？ 之前在台北漢唐中醫看診時在診所內的書裡有看到有這樣的病例，想知道什麼樣的情況下才能看到李醫師的門診</p>",
      "level": 0,
      "highlight": false,
      "children": [
        {
          "id": "641e462e11bdf1d5962dca13cc583848",
          "author": "明遠",
          "time": "2024年04月10日 18:51",
          "content": "<p>有醫療需要，請聯絡診所info@youngQi.com。</p>",
          "level": 1,
          "highlight": false,
          "children": []
        },
        {
          "id": "524069418b720a5ef616ad25f8834d73",
          "author": "李宗恩",
          "time": "2024年04月11日 15:35",
          "content": "<p>請聯絡診所info@youngQi.com</p>",
          "level": 1,
          "highlight": true,
          "children": []
        }
      ]
    },
    {
      "id": "198cb0e2841d362de86273bee2c25141",
      "author": "Dana",
      "time": "2024年04月09日 07:22",
      "content": "<p>李醫師，您好！<br/>\n很可惜無緣參加您的簽書會。<br/>\n有在massager留文，請教您中醫醫療問題。靜待您的有空撥冗回覆。感謝</p>",
      "level": 0,
      "highlight": false,
      "children": []
    }
  ],
  "page": 5,
  "order": 3,
  "filename": "data\\page5\\page5_order2_0b77f0f6d724e321f99c3a82dbee30e0.json"
}