{
  "article_url": "https://andylee.pro/wp/?p=13106",
  "title": "從助孕安胎到坐月子",
  "content": "<figure class=\"wp-block-image size-large\"><a href=\"https://andylee.pro/wp/wp-content/uploads/2024/03/PXL_20240315_183337352-EDIT-EDIT-scaled.jpg\"><img alt=\"\" class=\"wp-image-13105\" decoding=\"async\" fetchpriority=\"high\" height=\"767\" sizes=\"(max-width: 1024px) 100vw, 1024px\" src=\"https://andylee.pro/wp/wp-content/uploads/2024/03/PXL_20240315_183337352-EDIT-EDIT-1024x767.jpg\" srcset=\"https://andylee.pro/wp/wp-content/uploads/2024/03/PXL_20240315_183337352-EDIT-EDIT-1024x767.jpg 1024w, https://andylee.pro/wp/wp-content/uploads/2024/03/PXL_20240315_183337352-EDIT-EDIT-300x225.jpg 300w, https://andylee.pro/wp/wp-content/uploads/2024/03/PXL_20240315_183337352-EDIT-EDIT-768x575.jpg 768w, https://andylee.pro/wp/wp-content/uploads/2024/03/PXL_20240315_183337352-EDIT-EDIT-1536x1150.jpg 1536w, https://andylee.pro/wp/wp-content/uploads/2024/03/PXL_20240315_183337352-EDIT-EDIT-2048x1534.jpg 2048w, https://andylee.pro/wp/wp-content/uploads/2024/03/PXL_20240315_183337352-EDIT-EDIT-640x480.jpg 640w\" width=\"1024\"/></a></figure>\n<p>這對三十歲左右的年輕夫妻，去年三月底來診所初診。太太身體衰弱，半天不到就累得做不了什麼事，這讓在高科技公司上班的先生很擔心。他們也希望中醫調理身體一陣子後，能順利懷孕生小孩，畢竟已經在矽谷安居樂業了，希望邁進人生下一個階段，當上為人父母。</p>\n<p>這位太太對中藥的反應挺好的，沒服用多少付中藥，體力和心情就轉好許多。當我們還在討論再過一陣子後，把治療轉向助孕，病人在五月底就懷孕了。在懷孕的過程中，病人有些常見的狀況，從身體疲勞、害喜嚴重，到擔心血糖血壓等等西醫常提到懷孕時可能發生的症狀。懷孕的多個月中，我們見招拆招，也和這對新手父母聊了許多教養孩子的話題。</p>\n<p>病人順利生下一個健康的兒子，自己也聽從建議，好好服用中藥坐月子，產後身體恢復得不錯。孩子六週大時，夫婦兩特意帶著小寶寶來診所，和診所同仁們分享他們的喜悅。</p>\n<p>臨床看診，面對人生的生老病死，幫忙病人把新生命帶到這個世界，是件很喜悅的事情。這麼多年來，幫助了不少夫婦懷孕生產，從無卵子到有健康卵子，從無精子到有正常精子，從人工受孕失敗到自然懷孕，從不斷流產到順利保胎，從西醫認為不可能懷孕的高齡女士，到懷孕中問題不斷，再到成功生下健康的孩子等等。中醫不但助生，生產後以中醫方式坐月子調養，身體恢復快速，許多女士生產後的健康和身材比懷孕前還好！</p>",
  "article_time": "2024年03月19日 16:30",
  "comments": [
    {
      "id": "9be9b4b7ef3e092dab8b9bb944774822",
      "author": "Huang",
      "time": "2024年03月19日 17:58",
      "content": "<p>太太身體衰弱，半天不到就累得做不了什麼事<br/>\n沒服用多少付中藥，體力和心情就轉好許多<br/>\n把治療轉向助孕，病人在五月底就懷孕了<br/>\n好好服用中藥坐月子，產後身體恢復得不錯</p>",
      "level": 0,
      "highlight": false,
      "children": []
    },
    {
      "id": "33d65d153b7a595793810329ed649c74",
      "author": "ieitZYB",
      "time": "2024年03月19日 19:34",
      "content": "<p>治病太累了，还是多些这类让人喜悦的好。</p>",
      "level": 0,
      "highlight": false,
      "children": [
        {
          "id": "fb21fc9f09508c3d337db251844e6773",
          "author": "李梁",
          "time": "2024年03月19日 22:28",
          "content": "<p>李宗恩老师，这位病人前期是不是也只是用了一些比较轻巧的药味去打通奠定病人的的基础，然后在见招拆招，文中对病人没有过多的描述，您能否简单给后续的跟进做一个大方向的让我们了解一下</p>",
          "level": 1,
          "highlight": false,
          "children": []
        }
      ]
    },
    {
      "id": "e9e72e2abdd070926da80e22e3b74335",
      "author": "吾兮",
      "time": "2024年03月19日 19:41",
      "content": "<p>李老师您好，我自己亲身体验的情况，我在去年三月份的时候搬到楼上住了，房子是三室的，西北、西南、东南这三个房间是卧室，但正东是厕所，我以前后背痒就三处位置痒别的地方都不痒、去年搬到楼上住过了一个多月，后背比以前痒的加重好多，吃过祛风祛湿的药效果不理想、去年过年的时候回东北老家待了一个月，后背又回到没有主楼的状态，回家什么药也没吃，今年回到楼上的时候过了个一个礼拜左右后背又痒的加重好多，我听倪师讲厕所在正东对长男喉咙、鼻子、气管、皮肤毛孔会出现问题，我这情况喝汤药会有好的效果</p>",
      "level": 0,
      "highlight": false,
      "children": []
    },
    {
      "id": "e2a2f5ead6174ad901ea6d3b477abeee",
      "author": "金波",
      "time": "2024年03月19日 20:18",
      "content": "<p>隔一段时间就能看到网站更新，就好像倪师还栩栩如生活在人间。李先生继承倪师，助孕，月子调理，就像天使，无不体现着大医的仁爱。希望李医师保重身体，长寿，多多造福有缘分的病人。<br/>\n购买倪师24本全集，一直在读着，页眉写满了心得，体会，和发挥感悟。昨晚阅读古典诗词，读到杜甫的“望岳”诗，突然很有感触，倪师就是泰山啊。就顺手翻译了此诗，做为对倪师的感恩。</p>\n<p>附：<br/>\n古诗新译：泰山很大<br/>\n        一一纪念倪师去世23年</p>\n<p>你问我路过泰山有什么感觉，<br/>\n那逼人的翠色映入脑海，绵延不绝。<br/>\n浑厚呵！大自然的匠斧神工<br/>\n赋予它清晨莽苍，黄昏婀娜！<br/>\n层层白云，涤荡胸中沟壑，<br/>\n翩翩归鸟，飞入游子视野。<br/>\n什么时候才能够登上那顶峰<br/>\n俯视群山，笑傲杏坛群雄？</p>\n<p>       2024.03.20，于襄阳汉江码头</p>\n<p>原诗：望岳   <br/>\n       杜甫</p>\n<p>岱宗夫如何？齐鲁青未了<br/>\n造化钟神秀，阴阳割昏晓<br/>\n荡胸生曾云，决眦入归鸟<br/>\n会当凌绝顶，一览众山小</p>",
      "level": 0,
      "highlight": false,
      "children": [
        {
          "id": "a1f182ada42a2b24616110d3f43d2195",
          "author": "李宗恩",
          "time": "2024年04月11日 11:09",
          "content": "<p>謝謝你的支持及鼓勵。提醒一下，所謂倪老師全集及授權賣藥，都是盜版及盜用的。</p>",
          "level": 1,
          "highlight": true,
          "children": [
            {
              "id": "7bd9a948d6e238dcef7ac3b5d8b723f7",
              "author": "小木123",
              "time": "2024年04月14日 22:41",
              "content": "<p>李宗恩老师，打扰了，本人甲亢数十年，心跳快，手抖，大脖子突眼，易出汗，很怕热，手脚热，大便一天四五次，睡觉到天亮，怀孕三个月阴道出血持续二十天左右，孕五月又阴道出血四天，然后破水了，西药自然引产，因为中药助孕和保胎的缘故，所以我认为孩子顺下来还是活的，会哭会动，孩子月份小，医院处理了！<br/>\n妇产科和内科医生说我流产是因为甲亢没控制好，又不吃西药才导致的！麻烦问问李宗恩老师，是这样吗？我记得倪师说过怀孕最忌吃西药，因为西药是寒的，长期吃会导致下焦寒，我记得倪师说怀孕流血是肝脾两虚，期间用了胶艾汤没止住血，本地中医开了安胎药还是流血！我就好奇我为什么怀个孕老是流血甚至胎膜早破！老人家一直说是太凉了，让我吃公鸡炖桂圆红枣！另外在羊水流光的情况下，通过喝椰子水，豆浆能补充羊水吗？麻烦了！</p>",
              "level": 2,
              "highlight": false,
              "children": [
                {
                  "id": "9d7bc3d1cff7b98049f70053c6a7f1a8",
                  "author": "李宗恩",
                  "time": "2024年04月15日 09:32",
                  "content": "<p>我不在網上針對個案一一討論。</p>",
                  "level": 3,
                  "highlight": true,
                  "children": [
                    {
                      "id": "4829376b0077043ebc6fcccffae43583",
                      "author": "小木123",
                      "time": "2024年04月15日 21:42",
                      "content": "<p>好的，谢谢！</p>",
                      "level": 4,
                      "highlight": false,
                      "children": []
                    }
                  ]
                }
              ]
            }
          ]
        }
      ]
    },
    {
      "id": "e5f065c5067853b9e1a694bd604cd4d0",
      "author": "三伏",
      "time": "2024年03月19日 22:06",
      "content": "<p>李医生您好，为什么有的病人喝葛根黄岑黄连汤的时候感觉是甘甜的，有的病人却感觉奇苦无比，难以忍受。</p>",
      "level": 0,
      "highlight": false,
      "children": [
        {
          "id": "87a0637f3afa87be900a48f7ca5743e2",
          "author": "李宗恩",
          "time": "2024年04月11日 11:10",
          "content": "<p>病人的味覺往往和正常人不一樣。</p>",
          "level": 1,
          "highlight": true,
          "children": []
        }
      ]
    },
    {
      "id": "e3028f412a12501edbe5654a8cbbfe7c",
      "author": "中医至上",
      "time": "2024年03月19日 23:31",
      "content": "<p>您好，请问倪师24本全集是在哪里买的，可否推荐。</p>",
      "level": 0,
      "highlight": false,
      "children": [
        {
          "id": "825f110d5b8e4df512a883d06fc25a5f",
          "author": "聞覚",
          "time": "2024年03月21日 01:54",
          "content": "<p>您好，这位朋友。在这里您能获取到您想要的人纪学习资料（包括电子版和纸质版）。欢迎和我们一起来学中医吧，线上学习，还有线下授课和跟诊，纯公益哦！https://mp.weixin.qq.com/s/lgfwPzRNuKPc_ztiw__C7Q</p>",
          "level": 1,
          "highlight": false,
          "children": []
        },
        {
          "id": "e4ae8d11cd5b9ba89d4db9886b5a9a17",
          "author": "聞覚",
          "time": "2024年03月21日 01:56",
          "content": "<p>岐黄圣贤公益平台</p>",
          "level": 1,
          "highlight": false,
          "children": []
        }
      ]
    },
    {
      "id": "4e6f3bfb3718a5d34a887b6d17281ab1",
      "author": "金波",
      "time": "2024年03月20日 03:54",
      "content": "<p>倪师的命</p>\n<p>倪海厦老师是个通才，但他却只活了59岁。应验了“六十甲子少一春”的谶语。对于倪师的死网上众说纷纭，有人说他是因劳累过度，也有人说他是被害的等等。而倪师自己也曾公开表示过59岁有一劫。</p>\n<p>倪师出生于1954年阳历1月1日，这个日期来自网络，我也不知道真假，但有不少大师都认为可信度较高，我也就暂且相信。时辰方面多数大师推为己酉时，对这点我有不同的观点。</p>\n<p>如果是己酉时的话，己土合用神甲木正印破格，在中年辛酉、庚申大运财来坏印时就更惨，他不可能会在那个时候这么好学、上进、有名气。</p>\n<p>按我的水平来看，我认为是壬寅时居多，所以上面四柱图片中我拟定为壬寅时。壬寅时的话天干透出壬癸水有保护甲木的作用，遇到金来可以泄金生木，这样辛酉、庚申运虽然受点挫折但一样能功成利就。</p>\n<p>他这个命丁火生于子月水冷金寒之时，有甲木正印透出并通根于时支寅，而丁火也自坐巳火有根，得甲寅正印化杀生身，这完全符合学者命的格局。</p>\n<p>日时丁壬相合虽然说不能化木，但壬水其情向木，而且天干六合的人一般人缘好，这点也符合倪师的实际情况。不过怎讲都好，这个命还是身弱，加上官杀混杂，大运一路也是金水，当官就是不能的了，如果此命运走东南应该是有点官职的。</p>\n<p>1980年倪师时值辛酉运全家移民美国，在美国取得中医学博士学位之后，本想在美国创一番事业，但最后以失败告终，在1988年又退回台湾发展。辛酉运辛金克甲木，酉金合巳火用神又克寅木，加上美国不是他的用神地也有原因。</p>\n<p>到庚申运后，他的名气越来越大，事业颇有起色，庚申运虽然天干庚甲冲，地支也申寅冲，但有申子半合水局形成水木火相生这点比较吉利。但申冲寅，寅巳申三形事实存在，有吉的一面，也会有凶的一面。</p>\n<p>1995年庚申大运乙亥年，水木用神到位，倪师在美国成立汉唐中医学院。2000年庚申大运庚辰流年，申子辰三合水局，倪海厦被选任为佛罗里达州卫生署中医委员会最高委员会委员，职掌所有中医师鉴定资格、更新执照与医师再教育计划等相关业务。同时，佛罗里达州州长任命他担任佛州针灸委员会委员及副主席。</p>\n<p>2004年之后倪海厦就一直在台北生活，直到2012年1月29日去世。</p>\n<p>这个命走到己未可以讲是人生最差的运了，主要是己来合甲，未来害子，可以讲用神木及木的原神水皆伤。走到己未运的辛卯年（2012年1月19日还属2011年）的最后一个月，这年辛金克木，年运卯未不叫半合，而是入库，他终于去世。</p>\n<p>其实如果倪师肯躲一下，避过这年，运交戊午，虽然说是子午冲。但寅午半合为用，戊癸合杀留官，他应该还能活很久的。</p>\n<p>据他的一些学生所说，他短命是因为太拼，一天只睡三四个钟，休息很少而造成的。站在命学的角度来讲，如果后面没有了好运，那就拼一把，在死前将要做的事做完，免得留下遗憾。但如果后面还有好运，那就没有必要的了。</p>\n<p>倪师一生怎评价呢？这么说吧，我能理解他，但也为他感到惋惜。他在成长的过程中经过一些波折，起起落落。波折可以讲是他的动力，当然，兴趣也是。所以他想将一切做到最好，从而忽略了一些别的东西。</p>\n<p>天才往往经历过很多一般人没经历过的事情。凡夫俗子是不进则退，他这种是不进则死。就好比象棋“过河卒子”一般。天才往往都是很极端的。就像电影《霸王别姬》里张丰毅说张国荣：不疯魔不成活呀！优点越突出，缺陷也越鲜明。人一旦走进某个“极端”，往往就必然是某种结果。特别的好学、好钻研其实也是一种“极端”来着。所以啊，从古至今就有不少天才是短命的，或许这也是一个定数！</p>\n<p>作者金波<br/>\n2024年3月发布于襄阳</p>",
      "level": 0,
      "highlight": false,
      "children": [
        {
          "id": "66f952748d5e873678d0ea8a8d73c608",
          "author": "R",
          "time": "2024年03月20日 11:34",
          "content": "<p>我一直想不通，明明倪海厦老师说学算命就是为了能改变命运，否则一个根本不能改变结果的学问早就不可能流传下来。但偏偏他就改变不了自己的命运。这真的是我心里的一个矛盾，一直都意难平。最后只能安慰自己说倪师是自愿赴死的，因为他最后那几年都是作死的节奏。</p>",
          "level": 1,
          "highlight": false,
          "children": [
            {
              "id": "ef6b51c7d0038eb7d4519c62e6ed6de1",
              "author": "送你座帆船",
              "time": "2024年03月21日 09:30",
              "content": "<p>能躲但是天纪也有躲不掉的啊，就像化忌对冲，可惜我们能做的只有好好学习中医然后传给下一代</p>",
              "level": 2,
              "highlight": false,
              "children": []
            },
            {
              "id": "2eefe54c83f33de97b02409832c069f9",
              "author": "rightjane",
              "time": "2024年04月04日 16:59",
              "content": "<p>我的理解是，很厉害的针灸师也没法给自己背上扎上几针</p>",
              "level": 2,
              "highlight": false,
              "children": []
            }
          ]
        },
        {
          "id": "0b573148b244c339babebec8c681cd9e",
          "author": "荣耀",
          "time": "2024年03月20日 19:34",
          "content": "<p>不明白你发这些是什么意思，这是讨论中医的地方，最起码要尊重一下李医生！！！</p>",
          "level": 1,
          "highlight": false,
          "children": []
        },
        {
          "id": "468f1785f257c22bce754f641cd16da8",
          "author": "李宗恩",
          "time": "2024年04月11日 11:11",
          "content": "<p>你搞錯倪老師生日。</p>",
          "level": 1,
          "highlight": true,
          "children": []
        }
      ]
    },
    {
      "id": "afe6d2e63001b3be63d268bb89a0ce03",
      "author": "金波",
      "time": "2024年03月20日 04:01",
      "content": "<p>补上倪师四柱：</p>\n<p>乾：癸甲丁壬<br/>\n   巳子巳寅（10岁运）</p>",
      "level": 0,
      "highlight": false,
      "children": []
    },
    {
      "id": "10aae6e775def9f5f178b5234317def6",
      "author": "暗香疏影",
      "time": "2024年03月20日 20:01",
      "content": "<p>请教李博士三个问题，肝脾互克的情况一般都是存在较长时间后才会有诸多脾胃症状出现，在这种情况下就一定会有血虚和脾虚同时存在，治疗方案首先清肝利胆（非重症只是一般问题），1:停止用药的节点是不是以未清前的诸多症状消失为准？是否需要再多巩固一周？2:接下来是否还需要补血和补脾的方调理？还是说如果没有血虚和脾虚的症状存在就任由身体自行恢复？3:如果因清肝利胆方较寒带来体寒的情况是否需要用温药补救回来？其实这三个问题都是一个问题，就是清肝利胆的后续？感谢李博士答疑解惑！</p>",
      "level": 0,
      "highlight": false,
      "children": [
        {
          "id": "28785ad63a35c84d03e11b1b83c417f4",
          "author": "李宗恩",
          "time": "2024年04月11日 11:13",
          "content": "<p>每個病例不一樣，得視實際情況來決定。</p>",
          "level": 1,
          "highlight": true,
          "children": []
        }
      ]
    },
    {
      "id": "5d70c62bd7171667d71fe8e3454ab44e",
      "author": "三伏",
      "time": "2024年03月20日 21:58",
      "content": "<p>李医生您好，请问现在远程看诊需要等候多长时间？</p>",
      "level": 0,
      "highlight": false,
      "children": [
        {
          "id": "125ce7a4c8b66d63a82e9ea74dd9d62c",
          "author": "李宗恩",
          "time": "2024年04月11日 11:14",
          "content": "<p>大半年以上，看診有關問題，請詢問診所前台info@youngQi.com。</p>",
          "level": 1,
          "highlight": true,
          "children": [
            {
              "id": "ec4809062ac7452f3b6f9e05f61010c1",
              "author": "sweety",
              "time": "2024年05月16日 18:42",
              "content": "<p>您好李医生，癌症转移患者可以提前看诊吗？</p>",
              "level": 2,
              "highlight": false,
              "children": [
                {
                  "id": "b0dbfe35bc9fd8b73b4387d32acaf448",
                  "author": "李宗恩",
                  "time": "2024年05月17日 09:19",
                  "content": "<p>許多急重症的病人也在等候看診，不能對不起他們。</p>",
                  "level": 3,
                  "highlight": true,
                  "children": []
                }
              ]
            }
          ]
        }
      ]
    },
    {
      "id": "413ac90f3eefc18934e9f26cb68687b3",
      "author": "wu1982",
      "time": "2024年03月21日 15:56",
      "content": "<p>李医生好，请问“吃什么补什么”这句话您怎么看，平时多吃一些熟的牛心管（牛的动脉血管），是否对自己的血管有益处？谢谢</p>",
      "level": 0,
      "highlight": false,
      "children": [
        {
          "id": "671983e41221ae5034ba89a2223d6e60",
          "author": "李宗恩",
          "time": "2024年04月11日 12:57",
          "content": "<p>不會，這句話只是很通俗的話語，並不是都正確。</p>",
          "level": 1,
          "highlight": true,
          "children": []
        }
      ]
    },
    {
      "id": "886e74e8a799127772f582a70d474f6d",
      "author": "简单",
      "time": "2024年03月21日 23:16",
      "content": "<p>李医生您好，如果是中下焦寒湿引起的问题，服药过程中原本想解决的问题确实是减轻了，可是舌苔由原来的薄白苔变成舌红少苔，是方向错了还是治病的过程中的确会有不好的现象发生？这个时候应该怎么办呢？自学中医好难</p>",
      "level": 0,
      "highlight": false,
      "children": [
        {
          "id": "e7d6d1a5e01469ddcccec6c8afcdef33",
          "author": "李宗恩",
          "time": "2024年04月11日 13:54",
          "content": "<p>代表你沒有考慮清楚，譬如用熱藥反而導致病人虛火上升。</p>",
          "level": 1,
          "highlight": true,
          "children": []
        }
      ]
    },
    {
      "id": "c2ad2ddcc52ed9ae2115ff7c93dc51af",
      "author": "简单",
      "time": "2024年03月21日 23:51",
      "content": "<p>李医生您好，我是自学倪师的视频还有您的视频，是自己有病逼不得已才走上自学之路的，越学越觉得太难了，实践的时候太难了，吃药的过程中总会出现各种变化，没有经验不知道是好的反应还是坏的，也请教过认识的医生朋友，不是一个思路觉得没法沟通，不知道应该去哪里寻找答案，很迷茫。老师有没有其他的医书推荐的？滋阴这一块应该学谁的呢？</p>",
      "level": 0,
      "highlight": false,
      "children": [
        {
          "id": "1f4a3a807109379ae5c32f8c7be70b7f",
          "author": "李宗恩",
          "time": "2024年04月11日 13:55",
          "content": "<p>你並沒有真的理解倪老師教學內容，只是看個表面，你得回去反覆學習。</p>",
          "level": 1,
          "highlight": true,
          "children": []
        }
      ]
    },
    {
      "id": "9ad761a745f47b8073562b08ba07a5d0",
      "author": "呼呼",
      "time": "2024年03月22日 01:46",
      "content": "<p>李老師您好，倪老師網站上，曾提到大陸深圳漢唐經方中醫館，網站上寫的地址現在已經找不到醫館了，醫館現在是否還開著，您有了解嗎</p>",
      "level": 0,
      "highlight": false,
      "children": [
        {
          "id": "e91f468b54945b359af19ab1e13b6423",
          "author": "李宗恩",
          "time": "2024年04月11日 14:25",
          "content": "<p>早就關了。</p>",
          "level": 1,
          "highlight": true,
          "children": [
            {
              "id": "dacff0e9e3bce8b0c70d1066932d22c6",
              "author": "呼呼",
              "time": "2024年04月27日 07:16",
              "content": "<p>好的，谢谢！</p>",
              "level": 2,
              "highlight": false,
              "children": []
            }
          ]
        }
      ]
    },
    {
      "id": "ee254c8e4216fba247460f290b743798",
      "author": "三伏",
      "time": "2024年03月22日 19:35",
      "content": "<p>李医生您好，请问全身发冷腹痛腹泻是不是不可以用到芍药，还是说要看具体搭配。</p>",
      "level": 0,
      "highlight": false,
      "children": [
        {
          "id": "55c10ed8fc9e091bb9e49d12d70b5675",
          "author": "李宗恩",
          "time": "2024年04月11日 14:28",
          "content": "<p>為什麼不能用白芍？</p>",
          "level": 1,
          "highlight": true,
          "children": []
        }
      ]
    },
    {
      "id": "31ba32f6b4802079f2bdaff7bdf32759",
      "author": "郭",
      "time": "2024年03月23日 12:43",
      "content": "<p>我是一名催乳师，2022年开始看倪海厦老师的视频，去年又看了李医师的视频，前几天有个朋友她说她浑身难受，后背疼，不知道饿，吃点东西就烧心，肚子胀，不放屁，经常打嗝，三十多岁，例假已经好几个月不来了，光想吃点冰的，感觉吃了身上很舒服，手脚冰凉，因为别的原因，情绪焦虑，晚上睡不着。找医生拿过药，吃了没效果。根据倪海厦老师讲的，还有李医师的直播，我觉得她主要是身体气血两虚，中下焦寒冷，导致胃气反逆。我就给她做了胃部梅花灸，第一次灸完，她说很舒服，中午吃饭，她说也不烧心了，我让她第二天来，又给她加上关元穴和中极穴。她说好长时间没有这么舒服了，开始放屁，也不打嗝了，我让她天气好了继续来做隔姜灸。实在太感恩倪海厦老师和李医师了，让我们普通人都能明白简单的身体调理，也能帮助那些被困扰的人。我没有医师证，是个普通的催乳师，可我对中医充满了向往，我想问的是，李医师什么时候开班传承中医，有什么条件要求，我极希望能跟着李医师学习正统的中医知识，为中医传承做一点小小的事情。</p>",
      "level": 0,
      "highlight": false,
      "children": [
        {
          "id": "971b22cc247d9395761e43dff83ce7fc",
          "author": "rightjane",
          "time": "2024年04月04日 17:02",
          "content": "<p>可以进公众号“岐黄圣贤智慧”</p>",
          "level": 1,
          "highlight": false,
          "children": []
        },
        {
          "id": "79460d68404ec492e54dacd7e609f5a7",
          "author": "李宗恩",
          "time": "2024年04月11日 14:30",
          "content": "<p>謝謝你的分享。</p>",
          "level": 1,
          "highlight": true,
          "children": []
        }
      ]
    },
    {
      "id": "cec632280c8a2282606d0750e84d9bab",
      "author": "哈啰",
      "time": "2024年03月23日 20:14",
      "content": "<p>李医生您好，想请假一下中药选购的问题，初级农产品和中药饮片哪个药效好呢？我在网上看到说中药饮片是按照药典标准执行的，质量有一定保证，很多医馆主要进的是中药饮片。那安徽亳州药商那里的中药材应该是初级农产品，初级农产品有质量好的药吗？您和倪老师进的药是中药饮片还是药商卖的初级农产品呢？</p>",
      "level": 0,
      "highlight": false,
      "children": [
        {
          "id": "ca16ef8b22cc1df2db015da4b744975a",
          "author": "李宗恩",
          "time": "2024年04月11日 14:53",
          "content": "<p>我不清楚，單一般都是使用中藥飲片。</p>",
          "level": 1,
          "highlight": true,
          "children": []
        },
        {
          "id": "0bf2a54f3366e8b43ae8187175b2ddb3",
          "author": "vincent.do",
          "time": "2024年09月07日 18:42",
          "content": "<p>初级农产品是收割后简单处理的，而饮片是按国家规定经过炮制的。用哪种需要根据使用目的来定。</p>",
          "level": 1,
          "highlight": false,
          "children": []
        }
      ]
    },
    {
      "id": "58a10bbe09434575b37622599adf02c3",
      "author": "Joy",
      "time": "2024年03月24日 01:53",
      "content": "<p>李医生您好，请教您倪老师说面部不灸，是因为担心烫伤还是有别的原因呢？</p>",
      "level": 0,
      "highlight": false,
      "children": [
        {
          "id": "bce35d4b7095f8f1ace71f96bead73f4",
          "author": "李宗恩",
          "time": "2024年04月11日 14:54",
          "content": "<p>很容易造成傷害。</p>",
          "level": 1,
          "highlight": true,
          "children": []
        }
      ]
    },
    {
      "id": "0a01c216b05a829b207ee417e69f54d4",
      "author": "三伏",
      "time": "2024年03月24日 21:41",
      "content": "<p>李医生您好，每逢春季便容易呕吐腹泻，应从哪些方面来考虑病因呢？</p>",
      "level": 0,
      "highlight": false,
      "children": [
        {
          "id": "5e55ded3495dde3f663f06b9d0b787b1",
          "author": "李宗恩",
          "time": "2024年04月11日 14:55",
          "content": "<p>中醫不是以單一症狀來診斷。</p>",
          "level": 1,
          "highlight": true,
          "children": []
        }
      ]
    },
    {
      "id": "2facb1001d0f020fb193f0f709954c1b",
      "author": "一壶酒",
      "time": "2024年03月25日 04:56",
      "content": "<p>李博士，您好！</p>\n<p>中工会PPT中“水的循环”那张图我有些疑问：</p>\n<p>1、肾是不是也应该受到小肠的热，进而把肾中的水进行了气化？</p>\n<p>2、水的循环路径中，以胆为起点有两个出来的箭头，一个指向小肠，一个指向胃。指向小肠是因为胆汁注入十二指肠。指向胃怎么理解？是不是十二指肠在中医的认识中更接近胃的功能？还是另有深意。</p>\n<p>3、水的循环图中可以找到火生土、金生水、水生木、木生火。为何没有土生金呢？《素问》中“脾气散精，上归于肺。”觉得这个属于是土生金，能否脾和肺之间加个箭头，以表示土生金？但是加了这个箭头感觉不属于水的循环范畴了。</p>\n<p>谢谢李博士！</p>",
      "level": 0,
      "highlight": false,
      "children": [
        {
          "id": "3223d465f654dfb2892335e0ceabcc58",
          "author": "李宗恩",
          "time": "2024年04月11日 15:15",
          "content": "<p>（1）腎也受熱於小腸，但腎也有命門火，受小腸的影響沒有那麼明顯。（2）中醫的「胃」，許多解釋上是包括十二指腸。（3）不能，脾胃和肺的作用，是經過大腸，大腸也屬金，因而還是包含土生金，不過，五行生剋是一個大的藍圖，人體並非百分百依據五行生剋來運作。</p>",
          "level": 1,
          "highlight": true,
          "children": []
        }
      ]
    },
    {
      "id": "670f6bb1d023293ca7d4e1a3d0eb863a",
      "author": "每天",
      "time": "2024年03月26日 19:50",
      "content": "<p>请问李医生  倪老师说当归黏黏湿湿的才有用  可是当归炮制方法是烘干 药店里也都是干干的当归   生地黄也是干的  请问两种药材干干的有效果吗？</p>",
      "level": 0,
      "highlight": false,
      "children": [
        {
          "id": "04cea2305eb63c6dc7fde63299971cc2",
          "author": "李宗恩",
          "time": "2024年04月11日 15:23",
          "content": "<p>效果比較差。</p>",
          "level": 1,
          "highlight": true,
          "children": []
        }
      ]
    },
    {
      "id": "28403859abba2824771cf400505fc0ba",
      "author": "Demi妈妈",
      "time": "2024年03月26日 23:29",
      "content": "<p>李医生好，请问《养儿育女必备中医知识》今年有希望在大陆初版吗？ 作为妈妈，好希望这本书可以在大陆看到，谢谢。</p>",
      "level": 0,
      "highlight": false,
      "children": [
        {
          "id": "b71ab6c9d81baa9dbfd6bf5e8c84c0bd",
          "author": "送你座帆船",
          "time": "2024年03月27日 18:13",
          "content": "<p>淘宝有卖，而且这本书是整理自李医师自己的文章都已经发过了，你可以去找找</p>",
          "level": 1,
          "highlight": false,
          "children": []
        },
        {
          "id": "89121493ab2f61b684355054162e377a",
          "author": "李宗恩",
          "time": "2024年04月11日 15:24",
          "content": "<p>大陸政府審核需要大半年。</p>",
          "level": 1,
          "highlight": true,
          "children": [
            {
              "id": "8bf496f64672630a0385563203cb51dc",
              "author": "黄种人",
              "time": "2024年04月12日 02:51",
              "content": "<p>借此机会，问几个关于书籍方面的问题，希望能得到作者的权威答复。<br/>\n1.史丹福  这书在大陆发行版本和其他版本有没差异<br/>\n2.养儿育女的内容是不是在文章中均有</p>",
              "level": 2,
              "highlight": false,
              "children": [
                {
                  "id": "92c09a1786669b5dd1d7f55201fd0af1",
                  "author": "李宗恩",
                  "time": "2024年04月12日 10:00",
                  "content": "<p>（1）大陸簡體版修改少部分內容，譬如對蓮花清瘟問題的討論。（2）不是，書本增加了許多網上沒有的內容。</p>",
                  "level": 3,
                  "highlight": true,
                  "children": []
                }
              ]
            },
            {
              "id": "03d244a042de63e399d7ed9e5693a19a",
              "author": "牡丹",
              "time": "2024年06月05日 19:19",
              "content": "<p>看来得2025年中旬才能参加到新书签售会了。</p>\n<p>请问李医生有在大陆开分诊的计划吗？对很多人来说去美国不方便，网上预约需要等候多半年也不能够及时复诊呢。</p>",
              "level": 2,
              "highlight": false,
              "children": [
                {
                  "id": "76aa62e3cfdcf9c129c066a85f2c9b89",
                  "author": "李宗恩",
                  "time": "2024年06月20日 09:23",
                  "content": "<p>目前沒有。</p>",
                  "level": 3,
                  "highlight": true,
                  "children": []
                }
              ]
            }
          ]
        }
      ]
    },
    {
      "id": "a2f04ce4465675fd72ba1b533f37a5b2",
      "author": "成",
      "time": "2024年03月29日 02:37",
      "content": "<p>李博士您好！倪老师说如果病人很多天不大便又有表症，此时发表与功里可以同时使用，这种情况在临床上怎样做更加稳妥？</p>\n<p>遇酒客、胃溃疡胃家有问题的桂枝汤表症病人，倪老师说用葛芩连汤治疗，而黄芩黄连会引邪入内吗？</p>",
      "level": 0,
      "highlight": false,
      "children": [
        {
          "id": "2d70fa42a8f3ea1b0f6a7d226fe1a4cd",
          "author": "李宗恩",
          "time": "2024年04月11日 15:34",
          "content": "<p>不是有什麼症狀就怎麼做，得仔細了解病人問題的癥結所在。</p>",
          "level": 1,
          "highlight": true,
          "children": [
            {
              "id": "49c4eb14700c5d7f47ea1d5a449d58e3",
              "author": "成",
              "time": "2024年04月27日 19:33",
              "content": "<p>感谢李博士教导！症状只是症结表现出来的一个线索、也就是你告诉我们的症状只是一个“关联性”，要根据症状、关联性去寻找到问题所在，而不是盯着一个方一个症状去学习去解决问题。</p>",
              "level": 2,
              "highlight": false,
              "children": []
            }
          ]
        }
      ]
    },
    {
      "id": "387dca1d7758a4d62cd8f419c60652db",
      "author": "公孙先生",
      "time": "2024年03月29日 10:23",
      "content": "<p>李医生您好！<br/>\n倪先生的《人纪》有在持续学习，您的网页内容也几乎浏览过一遍，在岐黄平台上您的视频也全部看过，您出版的2本书也购买拜读过。<br/>\n在生活中也在一点点去验证您所说的知识。</p>\n<p>我和爱人是中国大陆的药店从业人员，今年夏天也即将初为人父人母，现在是既激动也紧张。<br/>\n想请教下您，对于刚出生0到6个月内的婴儿，这个阶段的中医中药治疗的看法。<br/>\n大陆现在针对这块基本都是西医的路线（平时客户来店购药也是如此）。</p>",
      "level": 0,
      "highlight": false,
      "children": [
        {
          "id": "74a2dd5238d0b155ad8608754bb7f867",
          "author": "李宗恩",
          "time": "2024年04月11日 15:35",
          "content": "<p>診所有很多剛出生的小嬰兒病人，中醫本來就可以幫助他們。</p>",
          "level": 1,
          "highlight": true,
          "children": []
        }
      ]
    },
    {
      "id": "b7479082df445c4aed7bf045a848b718",
      "author": "明遠",
      "time": "2024年04月11日 20:50",
      "content": "<p>當歸沒有放在冰箱，長期會變硬變脆。如果當歸片柔軟那是正常情形，黏黏濕濕不是指會沾手。</p>",
      "level": 0,
      "highlight": false,
      "children": []
    },
    {
      "id": "4a27fb6096744f2425f0135eb45eda4e",
      "author": "小木123",
      "time": "2024年04月15日 03:14",
      "content": "<p>李宗恩老师，打扰了，本人甲亢数十年，心跳快，手抖，大脖子突眼，易出汗，很怕热，手脚热，大便一天四五次，睡觉到天亮，怀孕三个月阴道出血持续二十天左右，孕五月又阴道出血四天，然后破水了，西药自然引产，因为中药助孕和保胎的缘故，所以我认为孩子顺下来还是活的，会哭会动，孩子月份小，医院处理了！<br/>\n妇产科和内科医生说我流产是因为甲亢没控制好，又不吃西药才导致的！麻烦问问李宗恩老师，是这样吗？我记得倪师说过怀孕最忌吃西药，因为西药是寒的，长期吃会导致下焦寒，我记得倪师说怀孕流血是肝脾两虚，期间用了胶艾汤没止住血，本地中医开了安胎药还是流血！我就好奇我为什么怀个孕老是流血甚至胎膜早破！老人家一直说是太凉了，让我吃公鸡炖桂圆红枣！另外在羊水流光的情况下，通过喝椰子水，豆浆能补充羊水吗？麻烦了！</p>",
      "level": 0,
      "highlight": false,
      "children": [
        {
          "id": "ddd3bb5456f53f2c876919499f489ed5",
          "author": "李宗恩",
          "time": "2024年04月15日 09:33",
          "content": "<p>同樣的問題，不要重複問。我也不在網上針對個案一一討論。</p>",
          "level": 1,
          "highlight": true,
          "children": []
        }
      ]
    },
    {
      "id": "9d97f1c4faa1eb94431e2cbf5e1aad37",
      "author": "OPPO 耳机",
      "time": "2025年04月25日 23:39",
      "content": "<p>尊敬的李医生您好！<br/>\n在坐月子是产后恢复的关键时期，能否有空写一篇关于怎么样帮助身体尽快康复，调理体质 ，同时预防未来健康问题。分享您的专业见解。 打扰了，谢谢！</p>",
      "level": 0,
      "highlight": false,
      "children": [
        {
          "id": "ef36a4854c22d8a60b3b4f081e5ddaee",
          "author": "李宗恩",
          "time": "2025年04月27日 18:54",
          "content": "<p>以前討論過相關的問題，你可以在網頁上查詢。</p>",
          "level": 1,
          "highlight": true,
          "children": []
        }
      ]
    }
  ],
  "page": 5,
  "order": 3,
  "filename": "data\\page5\\page5_order2_e03d9f3c33a5b13ae1e1b686cadc1bfd.json",
  "timestamp": 1746676975.2216132
}