{
  "article_url": "https://andylee.pro/wp/?p=13075",
  "title": "台灣中廣新聞頻道訪談",
  "content": "<p>台灣中廣新聞頻道AM648，將在台灣時間2月21日及22日晚上9點，「新書快報」主持人周詳訪談新書「養兒育女必備中醫知識」。廣播播出後，會上傳YouTube（廣播播出前暫時鎖屏）：</p>\n<figure class=\"wp-block-embed is-type-video is-provider-youtube wp-block-embed-youtube wp-embed-aspect-16-9 wp-has-aspect-ratio\"><div class=\"wp-block-embed__wrapper\">\n<iframe allow=\"accelerometer; autoplay; clipboard-write; encrypted-media; gyroscope; picture-in-picture; web-share\" allowfullscreen=\"\" frameborder=\"0\" height=\"281\" referrerpolicy=\"strict-origin-when-cross-origin\" src=\"https://www.youtube.com/embed/ohaZG3AKGpY?list=PL2v6xa3DsyLqlcs6oTj0azYRugOscCeNr\" title=\"養兒育女必備中醫知識2-1 方智出版 李宗恩 邊疆有戰亂，得派軍隊去打仗，同理人體受到外感時，正氣往皮表走，脈就浮起來了。 周詳 新書快報\" width=\"500\"></iframe>\n</div></figure>\n<figure class=\"wp-block-embed is-type-video is-provider-youtube wp-block-embed-youtube wp-embed-aspect-16-9 wp-has-aspect-ratio\"><div class=\"wp-block-embed__wrapper\">\n<iframe allow=\"accelerometer; autoplay; clipboard-write; encrypted-media; gyroscope; picture-in-picture; web-share\" allowfullscreen=\"\" frameborder=\"0\" height=\"281\" referrerpolicy=\"strict-origin-when-cross-origin\" src=\"https://www.youtube.com/embed/5izN_bBjpkM?list=PL2v6xa3DsyLqlcs6oTj0azYRugOscCeNr\" title=\"養兒育女必備中醫知識2-2 方智出版 李宗恩 成長中的孩子睡得足、睡的時間對，和個子長高與頭腦聰明有絕對的關係。 周詳 新書快報\" width=\"500\"></iframe>\n</div></figure>",
  "article_time": "2024年02月20日 12:23",
  "comments": [
    {
      "id": "b0cd1a278b64a85a4bae4a31aeec9b3e",
      "author": "荣耀",
      "time": "2024年02月21日 05:16",
      "content": "<p>李医生，新年快乐。。。</p>",
      "level": 0,
      "highlight": false,
      "children": []
    },
    {
      "id": "d970c6a829f75d6227bfe903b01469a1",
      "author": "送你座帆船",
      "time": "2024年02月21日 05:28",
      "content": "<p>已经买了，就等发货</p>",
      "level": 0,
      "highlight": false,
      "children": []
    },
    {
      "id": "bba5564c23b8a38c69685f2d9b6ea67a",
      "author": "送你座帆船",
      "time": "2024年02月21日 05:52",
      "content": "<p>说实话十几分钟，没听够哈哈哈哈哈</p>",
      "level": 0,
      "highlight": false,
      "children": []
    },
    {
      "id": "84319c43b00ecfa8a47b511caca29780",
      "author": "小北",
      "time": "2024年02月23日 12:20",
      "content": "<p>李医师您好，想问一下您在学习中医的过程中，对于伤寒论黄帝内经这些书有专门去背诵全文吗？还是主要在使用中加深印象呢？我是一名院校中医的学生，想问问您在中医学习这方面有没有什么好的建议。</p>",
      "level": 0,
      "highlight": false,
      "children": [
        {
          "id": "21f5d42412e0e23b2f3c6fab8315fda2",
          "author": "李宗恩",
          "time": "2024年02月26日 11:01",
          "content": "<p>背誦全文不一定有多大的用處，不如把時間花在好好理解各個條文。</p>",
          "level": 1,
          "highlight": true,
          "children": [
            {
              "id": "815d429c6fcc2be3652aae8765a02f7a",
              "author": "李梁",
              "time": "2024年02月28日 06:38",
              "content": "<p>李宗恩老师总能够一针见血，说到我心坎里去了，李宗恩老师的医案无时无刻不体现出这一点，打最早接触宗恩老师的医案我就把重心放在了理解条文的背后含义，现在自己跟自己调养相对以前的所谓治标方剂连连看上升了一个很大的台阶，不得不承认李宗恩老师对我中医学习有些非常深刻的影响与帮助！</p>",
              "level": 2,
              "highlight": false,
              "children": []
            }
          ]
        }
      ]
    },
    {
      "id": "99c443aaa50281751ffea8e964c40a0d",
      "author": "三伏",
      "time": "2024年03月25日 05:24",
      "content": "<p>李老师您好，抬重物后站立头晕并两眼发黑，应从哪方面寻找病因？</p>",
      "level": 0,
      "highlight": false,
      "children": [
        {
          "id": "4b8b165200920deae672a930593f1c94",
          "author": "李宗恩",
          "time": "2024年04月11日 15:16",
          "content": "<p>已經強調很多次，中醫不是以單一症狀來診斷。</p>",
          "level": 1,
          "highlight": true,
          "children": []
        }
      ]
    }
  ],
  "page": 5,
  "order": 5,
  "filename": "data\\page5\\page5_order4_21f5d42412e0e23b2f3c6fab8315fda2.json"
}