{
  "article_url": "https://andylee.pro/wp/?p=13080",
  "title": "史丹佛醫學院客座教學",
  "content": "<figure class=\"wp-block-image size-large\"><a href=\"https://andylee.pro/wp/wp-content/uploads/2024/02/mmexport1708705937084.jpg\"><img alt=\"\" class=\"wp-image-13083\" decoding=\"async\" fetchpriority=\"high\" height=\"768\" sizes=\"(max-width: 1024px) 100vw, 1024px\" src=\"https://andylee.pro/wp/wp-content/uploads/2024/02/mmexport1708705937084-1024x768.jpg\" srcset=\"https://andylee.pro/wp/wp-content/uploads/2024/02/mmexport1708705937084-1024x768.jpg 1024w, https://andylee.pro/wp/wp-content/uploads/2024/02/mmexport1708705937084-300x225.jpg 300w, https://andylee.pro/wp/wp-content/uploads/2024/02/mmexport1708705937084-768x576.jpg 768w, https://andylee.pro/wp/wp-content/uploads/2024/02/mmexport1708705937084-1536x1152.jpg 1536w, https://andylee.pro/wp/wp-content/uploads/2024/02/mmexport1708705937084-640x480.jpg 640w, https://andylee.pro/wp/wp-content/uploads/2024/02/mmexport1708705937084.jpg 1707w\" width=\"1024\"/></a></figure>\n<p>昨天再度應邀到史丹佛醫學院客座教學，簡單介紹針灸。今年的學生比去年多一些，除了醫學院的學生外，還有一些其它學院的碩博士生。不過，因為修課人數限制，無法像去年一樣容納外來的研究員及企業家等。</p>\n<p>上課時，我簡單介紹了陰陽的運用與收藏，六經的開樞闔，經絡及穴位的屬性，時間和空間的概念，井滎俞經合等等。學生們很認真地聽課，也提出了許多問題來討論。</p>\n<p>這個課程的助教是位全職西醫，因為對中醫有興趣，毛遂自薦來當助教。他告訴我，他臨床看診時，也會使用針灸，來幫病人緩解疼痛。然而，他說他和所認識會使用針灸的西醫們，都是症狀和穴位連連看，頭痛就用哪個穴位，胃痛就用哪個穴位。聽課了以後，他才了解到中醫針灸不是那麼簡單，是整個人體系統的調節。</p>\n<p>確實，雖然中醫針灸在處理痛症上得到主流醫學的認可與接受，很可惜，大多數西醫及社會大眾對針灸的認識還停留在症狀和穴位的對應，而非真正的正統針灸治療。就連美國國家衛生院(National Institutes of Health / NIH)贊助支持的針灸研究計劃，也只是症狀和穴位連連看的探討。不過，反觀中醫界本身，很多中醫師及中醫學生也是如此，只會使用簡單的對應，稍微複雜的五行補瀉、原絡治療、會郄治療、俞募治療等都拋在腦後，更不用說整體的辨證論治及使用更精深一些的治療法則。看來提升正統中醫到主流醫學，還有很長的路要走。</p>\n<p></p>",
  "article_time": "2024年02月23日 12:24",
  "comments": [
    {
      "id": "78f636c69e720af026860ef1e3bb6007",
      "author": "花椒",
      "time": "2024年02月23日 17:57",
      "content": "<p>某以为：在西方，以西医为主导的大环境下，医生利用针灸来进行治疗已经算中医在西方迈出的一步了。但在中医界只会简单对应症状和穴位实属不应该。</p>",
      "level": 0,
      "highlight": false,
      "children": []
    },
    {
      "id": "7317b395bd832f0fc8a8492e938a7498",
      "author": "郭",
      "time": "2024年02月23日 20:53",
      "content": "<p>老师您好，倪海霞老师说过，女人有三个改变期，一个是青春期，一个是坐月子期间，还有一个是更年期，从中医的角度来说，女人坐月子应该注意什么？</p>",
      "level": 0,
      "highlight": false,
      "children": [
        {
          "id": "714320b2eaec650c958cff9f6cd65869",
          "author": "李宗恩",
          "time": "2024年02月26日 11:42",
          "content": "<p>討論坐月子的書籍及網頁很多，你可以自己查詢。</p>",
          "level": 1,
          "highlight": true,
          "children": [
            {
              "id": "6f3ce4f76c20757a27d32ec06930a89b",
              "author": "郭",
              "time": "2024年02月26日 23:31",
              "content": "<p>李医生，可以推荐一些中医坐月子的书籍吗</p>",
              "level": 2,
              "highlight": false,
              "children": []
            }
          ]
        }
      ]
    },
    {
      "id": "30a1708233de9d7104ad76f84ebbad5f",
      "author": "已忘言",
      "time": "2024年02月23日 22:43",
      "content": "<p>请问李医师，如何看待倪师本草课程中所的“以意取之”，例如，花类中药可以治疗头部症状，还有桂枝入四肢，是为了帮助记忆么？</p>",
      "level": 0,
      "highlight": false,
      "children": [
        {
          "id": "4169457d3aec1c303b9caf4e11414ca4",
          "author": "李宗恩",
          "time": "2024年02月26日 11:44",
          "content": "<p>不是，中藥材的性質，往往和它在自然生態中的表現有關。</p>",
          "level": 1,
          "highlight": true,
          "children": [
            {
              "id": "40bcb42237bfc4f53c516eeaf32fdafb",
              "author": "C",
              "time": "2024年02月27日 03:30",
              "content": "<p>李医师能举个例子给我们参考学习吗？</p>",
              "level": 2,
              "highlight": false,
              "children": [
                {
                  "id": "02a26720d1f0491dbaee645bab2dd766",
                  "author": "X",
                  "time": "2024年02月29日 05:07",
                  "content": "<p>我粗略讲一下，如果不对请李医生更正。<br/>\n比如葛根，倪师在本草中说葛根在自然界中可以从树根一直长到树上面，你可以找一下葛根在自然界中的图片看一下，所以它升提的作用很强，因为可以从下往上生长长到很高，李医生也说过他用苓桂术甘汤的时候常常第一味药就会写葛根，取的应该就是升提的作用。</p>",
                  "level": 3,
                  "highlight": false,
                  "children": []
                }
              ]
            }
          ]
        }
      ]
    },
    {
      "id": "598f5a5b32170d8b6bc1ac50f50b9450",
      "author": "Enoxh",
      "time": "2024年02月24日 02:25",
      "content": "<p>请问李医生，是否能找您看命理。如果可以的话，该如何联系预约</p>",
      "level": 0,
      "highlight": false,
      "children": [
        {
          "id": "bb53e810d904e5b9a20339aca2327975",
          "author": "李宗恩",
          "time": "2024年02月26日 11:44",
          "content": "<p>我不幫人看命理。</p>",
          "level": 1,
          "highlight": true,
          "children": []
        }
      ]
    },
    {
      "id": "9619e33c282186e68eaeef282ef81b56",
      "author": "Sword",
      "time": "2024年02月24日 02:29",
      "content": "<p>我想了解一下乌头赤石脂丸，到底是用乌梅还是乌头炮，我曾了解过有位师兄用乌头，但恩师说乌梅更合理，您能帮我解一下困惑吗？谢谢</p>",
      "level": 0,
      "highlight": false,
      "children": [
        {
          "id": "833a19e2b4336d0be8c64205091be029",
          "author": "李宗恩",
          "time": "2024年02月26日 11:52",
          "content": "<p>烏梅比較合理，原方中已經有炮附子，再加烏頭，重複性過高，意義不太大。</p>",
          "level": 1,
          "highlight": true,
          "children": []
        }
      ]
    },
    {
      "id": "bf361ef7d02181707e5ff56c4c803dc4",
      "author": "小宇宙",
      "time": "2024年02月24日 07:07",
      "content": "<p>中医，本来一个天经地义的学问，也许因为历史的和现实的原因，不仅要面对外部的质疑与打压，更多的还要面对内部的混乱传教，承受着中医本不应该承担的非议。但好在，不管面对什么样的情形，每一个阶段，老天都会安排出合适的人来承担真正的传承与传播，让正统的，有效的中医能够流传。李博士现在正担当着这样的角色，这就是英雄。关键时刻能起到正本清源，定海神针的作用。如今庙堂里面多小丑，把持着话语权的所谓大师们反而无术，想学到真正中医的孩子们，被倒逼着自己到处寻找明师。盼着李博士能够早日系统的开展教学，盼正统中医早日真正的回到中国大陆，坐在她应该有的位置上。李博士元宵节快乐</p>",
      "level": 0,
      "highlight": false,
      "children": [
        {
          "id": "bffc9029f5d3a93fc056bf753a2c7751",
          "author": "李宗恩",
          "time": "2024年02月26日 11:53",
          "content": "<p>謝謝你的支持及鼓勵。</p>",
          "level": 1,
          "highlight": true,
          "children": []
        }
      ]
    },
    {
      "id": "402053b9085f166a49a72052ca8d15dc",
      "author": "查看舌苔，舌头伸不出来，是有多严重？",
      "time": "2024年02月25日 13:55",
      "content": "<p>李医生，您好！今年过年团聚家里很多人都传染了感冒。我妈妈（晚上睡觉时腿掉到床外冻醒）感冒三四天时，去配了5帖中药，未愈。2月24日，再去中医馆，经挂号小姑娘推荐，换了个医生看，把脉时医生要妈妈把舌头伸出来看舌头，然而妈妈只能张嘴，舌头伸不出来。医生问了妈妈年龄（虚岁72），还说了些别的，像73岁84岁都是很难过的关，大概意思是日子不长了。<br/>\n目前症状，有点喘，咳嗽白天还好，晚上咳得厉害，每天晚上睡觉出汗。医生说阴太虚了，都没必要开治咳嗽的药了，叫我们去买“大补阴丸”吃两周看汗能不能止住，再雷火灸灸关元穴。<br/>\n妈妈基础病：患帕金森18年<br/>\n舌头伸不出是病已经很深了是吗？打算同时给妈妈用艾草泡脚会不会好些？我不知道我还能做些什么？</p>",
      "level": 0,
      "highlight": false,
      "children": [
        {
          "id": "5c9afa65935e6d7f10724769dc619e3f",
          "author": "李宗恩",
          "time": "2024年02月26日 12:07",
          "content": "<p>我不在網上針對個案一一討論。</p>",
          "level": 1,
          "highlight": true,
          "children": [
            {
              "id": "00935a6a7ebafc9867ddfef482521bee",
              "author": "谢谢回复",
              "time": "2024年03月04日 21:49",
              "content": "<p>好的，谢谢您的友好回复。大补阴丸+雷火灸一周后已恢复很多。</p>",
              "level": 2,
              "highlight": false,
              "children": []
            }
          ]
        }
      ]
    },
    {
      "id": "7bb185b1674fc01bedee6c42d52c837e",
      "author": "llau",
      "time": "2024年02月25日 22:10",
      "content": "<p>李医生您好：<br/>\n  想请您分析一下青年女生在日常生活中偶尔打喷嚏尿失禁的产生原因和生理作用</p>",
      "level": 0,
      "highlight": false,
      "children": [
        {
          "id": "30f0a1252702eba62b8d66a5fafe2c70",
          "author": "李宗恩",
          "time": "2024年02月26日 12:08",
          "content": "<p>一般而言，下焦寒涼。</p>",
          "level": 1,
          "highlight": true,
          "children": []
        },
        {
          "id": "242012408004540dbadddb48604a6fc6",
          "author": "半夏",
          "time": "2024年02月28日 02:59",
          "content": "<p>咳而遗尿膀胱咳，为五苓散的独证，你可以尝试一下五苓散</p>",
          "level": 1,
          "highlight": false,
          "children": [
            {
              "id": "50e5c7218e9fdae876e72648b5a3414d",
              "author": "文凯",
              "time": "2024年03月04日 18:08",
              "content": "<p>五苓散健脾利水或许能改善水的问题，但下焦温度的问题没有改善，或许需要让温度升起来，阳气动能恢复。肺是水的上源，金生水，肺肾膀胱应该同时治</p>",
              "level": 2,
              "highlight": false,
              "children": []
            }
          ]
        }
      ]
    },
    {
      "id": "6dba152999cb07de7593fd7e93aeb2c5",
      "author": "记得吃早餐",
      "time": "2024年02月26日 03:26",
      "content": "<p>李医生你好，我认识一个中国大陆学倪师的人，他学倪师治好了他姑父尿毒症，但肌酐一直降不下来好像小便也还有点问题，就是没有彻底弄好，但最近半年他看了中国大陆李博藩和赵邵琴医生的医案后（李伯藩还在世，一只在云南那边义诊，义诊了几十年），他领悟到了进步非常大，现在治疗尿毒比以前好了太多，赵邵琴医案上甚至尿毒症晚期肾萎缩后也一样可以治到不用透析，他们治疗尿毒症和倪师方法完全不一样，很少用到附子，炮附子都很少，他们认为尿毒症并不都是寒，李伯藩的医案我没有，李医生有没有兴趣看下赵邵琴医案参考一下</p>",
      "level": 0,
      "highlight": false,
      "children": [
        {
          "id": "5289986e9328b0c3d077c4f5999547ee",
          "author": "李宗恩",
          "time": "2024年02月26日 12:08",
          "content": "<p>麻煩請發到診所，info@youngQi.com，謝謝。</p>",
          "level": 1,
          "highlight": true,
          "children": [
            {
              "id": "a47d51b49d7cc0e42711a08ce9d222ee",
              "author": "记得吃早餐",
              "time": "2024年02月27日 04:03",
              "content": "<p>好，已经发了，煎药我就不知道赵邵琴是怎么煎的，李伯潘煎药是泡一个小时煎5分钟，赵邵琴应该方法不一样</p>",
              "level": 2,
              "highlight": false,
              "children": [
                {
                  "id": "8d75c6a8521e0f91acd8d914689194da",
                  "author": "李宗恩",
                  "time": "2024年02月28日 17:38",
                  "content": "<p>收到，謝謝。</p>",
                  "level": 3,
                  "highlight": true,
                  "children": []
                }
              ]
            }
          ]
        },
        {
          "id": "7a400bad54c980a5d4ba7238aebdcbad",
          "author": "天天",
          "time": "2024年02月28日 01:58",
          "content": "<p>说的是道长吧，方便的话医案也请发我一份，934864266@qq.com 谢谢</p>",
          "level": 1,
          "highlight": false,
          "children": [
            {
              "id": "598fb9b053ebc3f77aa43ff6412d65d0",
              "author": "记得吃早餐",
              "time": "2024年02月28日 16:17",
              "content": "<p>是</p>",
              "level": 2,
              "highlight": false,
              "children": [
                {
                  "id": "f313dd63adb87819110031352839ce49",
                  "author": "黄种人",
                  "time": "2024年02月28日 19:35",
                  "content": "<p>能否也发我一份，谢谢! <a href=\"mailto:lishi_hzj@foxmail.com\">lishi_hzj@foxmail.com</a></p>",
                  "level": 3,
                  "highlight": false,
                  "children": []
                },
                {
                  "id": "679e74488c8ae20026dff084842cc9e3",
                  "author": "吾兮",
                  "time": "2024年02月29日 05:06",
                  "content": "<p>可以发给我一份吗 谢谢，3060436716@qq.com</p>",
                  "level": 3,
                  "highlight": false,
                  "children": []
                },
                {
                  "id": "91e0db70a2c3cdd9d8cdf9a0fc148418",
                  "author": "我是你老铁啊",
                  "time": "2024年02月29日 08:59",
                  "content": "<p>你好，麻烦发一份给我，拜托了！！超级感兴趣！！ <a href=\"mailto:823047251@qq.com\">823047251@qq.com</a></p>",
                  "level": 3,
                  "highlight": false,
                  "children": []
                },
                {
                  "id": "a32143b4e89ebc1313b9ffa6f2fba04a",
                  "author": "xp",
                  "time": "2024年02月29日 20:40",
                  "content": "<p>也发我一份吧，谢谢815633839@qq.com</p>",
                  "level": 3,
                  "highlight": false,
                  "children": []
                },
                {
                  "id": "beeb1011468dbbd1bf92ea72233ca0a7",
                  "author": "Windson",
                  "time": "2024年03月01日 14:46",
                  "content": "<p>你好，方便也請發我一份到cathebest@hotmail.com，感謝</p>",
                  "level": 3,
                  "highlight": false,
                  "children": []
                }
              ]
            }
          ]
        },
        {
          "id": "9bc72ea040be555f7bc2863d1762bb5c",
          "author": "跳駿",
          "time": "2024年02月28日 19:00",
          "content": "<p>帮忙发我一份，谢谢。355545548@qq.com</p>",
          "level": 1,
          "highlight": false,
          "children": []
        },
        {
          "id": "994ce39a379d74e644f68dd0da2e308d",
          "author": "潇航",
          "time": "2024年02月28日 19:43",
          "content": "<p>医案也给我来一份吧谢谢，邮箱是2541756410@qq.com</p>",
          "level": 1,
          "highlight": false,
          "children": []
        },
        {
          "id": "0c107519c4950457a25448347d4f0811",
          "author": "0.0",
          "time": "2024年02月28日 22:40",
          "content": "<p><a href=\"mailto:631649154@qq.com\">631649154@qq.com</a> 分享一下谢谢</p>",
          "level": 1,
          "highlight": false,
          "children": []
        },
        {
          "id": "8eee06b4b03171c80ae0d89554d904e5",
          "author": "潇航",
          "time": "2024年02月28日 23:25",
          "content": "<p>给我发一份吧，谢谢2541756410@qq.com</p>",
          "level": 1,
          "highlight": false,
          "children": []
        },
        {
          "id": "ce81b38a2b3b072ded6c702334ac5f66",
          "author": "X",
          "time": "2024年02月29日 05:01",
          "content": "<p>你好，如果可以的话麻烦也给我发一份，谢谢。xtf0122@163.com</p>",
          "level": 1,
          "highlight": false,
          "children": []
        },
        {
          "id": "f81e23861067b6818c8d6630f22eb981",
          "author": "年轮",
          "time": "2024年02月29日 06:19",
          "content": "<p>您好，如果方便也麻烦发我一份学习，谢谢！1491917637@qq.com</p>",
          "level": 1,
          "highlight": false,
          "children": []
        },
        {
          "id": "6bb1af3fdb5e4a605a545ef700b7899d",
          "author": "R",
          "time": "2024年02月29日 11:24",
          "content": "<p>请也发给我一份吧，谢谢！<br/>\n<a href=\"mailto:xiaochunlin84000@gmail.com\">xiaochunlin84000@gmail.com</a></p>",
          "level": 1,
          "highlight": false,
          "children": []
        },
        {
          "id": "bb147dc8e9e3c9a30dde0dff5171fac3",
          "author": "经方研究院",
          "time": "2024年03月01日 16:34",
          "content": "<p>如果可能的话也请发我一份，方便研究一下。谢谢<br/>\n<a href=\"mailto:786633032@qq.com\">786633032@qq.com</a></p>",
          "level": 1,
          "highlight": false,
          "children": []
        },
        {
          "id": "453f6f13b0624f9fdbb22ff9119c173c",
          "author": "三生万物",
          "time": "2024年03月01日 21:00",
          "content": "<p>如果方便的话也请发我一份吧，lao_bao8866@163.com。谢谢</p>",
          "level": 1,
          "highlight": false,
          "children": []
        },
        {
          "id": "2dca1c654e97b09d4e0f83f52ea97ba1",
          "author": "心平气和",
          "time": "2024年03月02日 02:03",
          "content": "<p>您好，能麻烦给我发一下吗，非常非常感谢 邮箱3428664560@qq.com</p>",
          "level": 1,
          "highlight": false,
          "children": []
        },
        {
          "id": "d21663938034e99a6da438fdde01daa1",
          "author": "Peter",
          "time": "2024年03月02日 12:44",
          "content": "<p>您好，可以给我也发一份吗  邮箱1282081052@qq.com  谢谢！</p>",
          "level": 1,
          "highlight": false,
          "children": []
        },
        {
          "id": "cd8c104cbde656af0d2b7ddbc2af81d3",
          "author": "乐",
          "time": "2024年03月03日 12:28",
          "content": "<p>你好，能否发我一份。571425567@qq.com</p>",
          "level": 1,
          "highlight": false,
          "children": []
        },
        {
          "id": "3b9cfc9c15ff4ab4d5fe2501b40ea60c",
          "author": "呼呼",
          "time": "2024年03月05日 01:34",
          "content": "<p>您好，可以给我也发一份吗</p>",
          "level": 1,
          "highlight": false,
          "children": []
        },
        {
          "id": "37aa91a54ec365abfdb11bcbcfe7aaa8",
          "author": "xiyan Chu",
          "time": "2024年03月05日 08:50",
          "content": "<p>李医生你好，<br/>\n因为这条评论特意去翻阅了赵绍琴医生的医案，书中医生认为慢性肾病的病机均是热郁营血，医生在医案中对大部分病人使用了很少剂量祛湿清热凉血的温病药物来治疗包括末期的肾病重症（唯有一例全身水肿阳衰寒盛的病人使用了其独创的拟四逆汤加减方来医治），据其表述临床效果显著。<br/>\n我研读倪海厦医生的医案和金匮时看到倪医生以四逆汤症来医治此类病人，想请问您怎么看待赵医生和倪医生思路上的不同，如果是因为病人症状不同而造成的用药思路不同，那您是否同意赵医生所述的慢性肾病均为血热妄行，湿热堵塞经络这一观点呢？</p>",
          "level": 1,
          "highlight": false,
          "children": [
            {
              "id": "30ba6386aeee6ff6dc1363f9a2a2a0d9",
              "author": "李宗恩",
              "time": "2024年03月06日 10:25",
              "content": "<p>問題不是那麼單純，並非慢性腎病就是血熱。任何一位醫家，只要說什麼病就是什麼原因，就已經是一個誤解。至於中醫書籍中的醫案，重點是看思路來臨床試用證實，而非全盤接受。醫案討論有限，無法追蹤病人多年下來的病症發展，也具有選擇性，很少書籍會寫沒治好的病例。</p>",
              "level": 2,
              "highlight": true,
              "children": []
            }
          ]
        },
        {
          "id": "cae66825bae20754f46b03a755ae43bc",
          "author": "每天",
          "time": "2024年03月05日 22:35",
          "content": "<p>能否发我一份 谢谢<br/>\n<a href=\"mailto:yang1234554ling@qq.com\">yang1234554ling@qq.com</a></p>",
          "level": 1,
          "highlight": false,
          "children": []
        },
        {
          "id": "02cdb25c000c9e10d60a98bb3f7286b3",
          "author": "小核桃",
          "time": "2024年03月06日 20:02",
          "content": "<p>同求，感谢 <a href=\"mailto:185748569@qq.com\">185748569@qq.com</a></p>",
          "level": 1,
          "highlight": false,
          "children": []
        },
        {
          "id": "85d9612488ba52c1a4c1fe4895b1b0a4",
          "author": "Color",
          "time": "2024年03月11日 02:21",
          "content": "<p>你好，方便也請發我一份到a_hawklau@yahoo.com.hk，感謝</p>",
          "level": 1,
          "highlight": false,
          "children": []
        },
        {
          "id": "90177a728e02d5608313b665b14de9e5",
          "author": "David",
          "time": "2024年04月06日 01:48",
          "content": "<p>能麻烦给我发一下医案吗，非常感谢! 邮箱davidszu@gmail.com</p>",
          "level": 1,
          "highlight": false,
          "children": []
        }
      ]
    },
    {
      "id": "6f8d1b77eb029f75f3527eb4fe2954c9",
      "author": "已忘言",
      "time": "2024年02月26日 06:14",
      "content": "<p>请问李医师，乳腺癌是否真的和倪师所说的那样，和和牛奶，或者说打了雌性激素的牛所产的牛奶有很大关系</p>",
      "level": 0,
      "highlight": false,
      "children": [
        {
          "id": "f8c90c0e90ae19e214de6975a9de8f0c",
          "author": "李宗恩",
          "time": "2024年02月26日 12:10",
          "content": "<p>現代醫學研究指出，雌性激素過多，有可能導致乳癌。中醫認為乳製品容易導致寒濕，間接提高病變的機率。</p>",
          "level": 1,
          "highlight": true,
          "children": []
        }
      ]
    },
    {
      "id": "048af39a659051e3f71055315bb246cc",
      "author": "哈啰",
      "time": "2024年02月26日 15:28",
      "content": "<p>李老师您好，请问课程会有回放和音频吗</p>",
      "level": 0,
      "highlight": false,
      "children": [
        {
          "id": "d40d64db78665341b08ffc57102715c5",
          "author": "李宗恩",
          "time": "2024年02月26日 16:52",
          "content": "<p>沒有</p>",
          "level": 1,
          "highlight": true,
          "children": []
        }
      ]
    },
    {
      "id": "004732ebefcdb2c5f7c2784dec9f6b75",
      "author": "xp",
      "time": "2024年02月26日 16:51",
      "content": "<p>李博士您好，望李博士浅析一下。对于60岁子宫下垂如何解释？（女子胞户属于三焦？是阳不足以致阴不固？治疗思路是使用阳药入三焦行气？还是用酸味药收？）</p>",
      "level": 0,
      "highlight": false,
      "children": [
        {
          "id": "23da9fb7524fa64e3cd69fcdae24009d",
          "author": "李宗恩",
          "time": "2024年02月26日 16:55",
          "content": "<p>中醫不是以西醫病名來診斷治療，你拿著西醫病名來找中醫對應的可能原因，而不是收集及研究病人各方面的症狀表現，這樣如何學好中醫？</p>",
          "level": 1,
          "highlight": true,
          "children": [
            {
              "id": "03f290d5e0524de10ce3957f82bec050",
              "author": "xp",
              "time": "2024年02月27日 18:47",
              "content": "<p>李博士说的是，原打算使用阴挺（阴道口有物突出，躺下后自行收纳）这个词的。请问对于这样的症状，我们应如何辩证。</p>",
              "level": 2,
              "highlight": false,
              "children": []
            },
            {
              "id": "578505900574a6fcb53d28fb704053d0",
              "author": "xp",
              "time": "2024年02月27日 18:52",
              "content": "<p>我知道中医不以单一症状，怎么说呢。我的本意就是对于定义为阴挺症状（60多岁），我们从何处入手，是一种什么思路看待这个问题。</p>",
              "level": 2,
              "highlight": false,
              "children": []
            },
            {
              "id": "0067e9d7de5e220706b14fd201f18e74",
              "author": "xp",
              "time": "2024年02月27日 18:53",
              "content": "<p>李博士说的是，原打算使用阴挺（阴道口有物突出，躺下后自行收纳）这个词的。请问对于这样的症状，我们应如何辩证。我知道中医不以单一症状，怎么说呢。我的本意就是对于定义为阴挺症状（60多岁），我们从何处入手，是一种什么思路看待这个问题。</p>",
              "level": 2,
              "highlight": false,
              "children": []
            }
          ]
        }
      ]
    },
    {
      "id": "cae284767ae8204013748899d754b1da",
      "author": "Sword",
      "time": "2024年02月26日 17:41",
      "content": "<p>谢谢，解答</p>",
      "level": 0,
      "highlight": false,
      "children": []
    },
    {
      "id": "0bb13bb9e45e4f43a7844b345b7769a4",
      "author": "黄种人",
      "time": "2024年02月26日 23:03",
      "content": "<p>李博士如何看待韩国目前出现的因高校打算扩招医学专业人数产生的医生联合罢工，集体辞职的问题。</p>",
      "level": 0,
      "highlight": false,
      "children": [
        {
          "id": "866a5688a5aa2db3c03abb57c88eb82e",
          "author": "李宗恩",
          "time": "2024年02月28日 17:35",
          "content": "<p>既得利益者，不願意更多人加入。</p>",
          "level": 1,
          "highlight": true,
          "children": []
        }
      ]
    },
    {
      "id": "cb92c23e5371d2af223890b2bfb1c4e8",
      "author": "stacey",
      "time": "2024年02月27日 21:27",
      "content": "<p>李老师，您好，您说过您诊所使用的炮附子是生附子用烤箱烤成的，想请教一下您具体炮制方法，使用多高温度大概烤多久，烤成什么样子算是合格的炮附子呢，十分期待并感谢您的解答！</p>",
      "level": 0,
      "highlight": false,
      "children": [
        {
          "id": "dd3fbfb219032c845138c88ba7be7053",
          "author": "李宗恩",
          "time": "2024年02月28日 17:40",
          "content": "<p>150攝氏度，一般得烤兩三個多小時，然而，每個烤箱不一樣，即使設定同樣的溫度，烤的結果會不一樣，得自己調整。</p>",
          "level": 1,
          "highlight": true,
          "children": [
            {
              "id": "36c9e9b63cbace1d8a238b00db609db9",
              "author": "xp",
              "time": "2024年03月03日 19:01",
              "content": "<p>生附炮附一直很困惑。附子被称为“隔夜烂”，附子采摘当天就处理了吧？李老师诊所的生附子是什么样的呢。如果刚采摘就是烤干是生的还是炮制的？（另外麻烦李老师指点一下，上面那个问题呗。回复时间是“xp – 27 2 月, 2024 at 6:53 下午”）</p>",
              "level": 2,
              "highlight": false,
              "children": [
                {
                  "id": "fc4955c937b2ec6a18f9b7e70c4c439e",
                  "author": "李宗恩",
                  "time": "2024年03月06日 10:05",
                  "content": "<p>生附子是採收洗乾淨後，太陽曬乾。這樣的問題，很容易在網上查詢到，你應該自己先做功課。</p>",
                  "level": 3,
                  "highlight": true,
                  "children": [
                    {
                      "id": "53e17b95f44a00b24ded047453bfac5f",
                      "author": "xp",
                      "time": "2024年03月10日 18:23",
                      "content": "<p>的确是在网上查了，还特地问了药商后才有此疑问，说太阳晒干几乎不可能，得需要连续的很好的天气暴晒。他们的回答是放不住。答案是采收后当天处理，有切片后用烤箱烤干，有蒸后凉干，等方法。所以才来问一下。耽误您时间了。</p>",
                      "level": 4,
                      "highlight": false,
                      "children": []
                    },
                    {
                      "id": "c1c2b60985daed36d88d424777b8b59f",
                      "author": "李宗恩",
                      "time": "2024年03月14日 13:43",
                      "content": "<p>你是問四川江油的藥商嗎？生附子以太陽曬乾，只有在天候不佳時，以低溫烘培來代替，不能用蒸的，蒸為水製，成了蒸附片。</p>",
                      "level": 4,
                      "highlight": true,
                      "children": []
                    },
                    {
                      "id": "e88ef8be88afa1e2ed40019fc56f47d1",
                      "author": "韩广荣",
                      "time": "2024年10月20日 02:09",
                      "content": "<p>李老师您好，是否可以用干生附子片按照您这个方法烘培成炮附子</p>",
                      "level": 4,
                      "highlight": false,
                      "children": []
                    },
                    {
                      "id": "35541e3ebd9a6c388a745cf6f1795240",
                      "author": "李宗恩",
                      "time": "2024年10月24日 11:45",
                      "content": "<p>可以自己炮製炮附子。</p>",
                      "level": 4,
                      "highlight": true,
                      "children": []
                    }
                  ]
                }
              ]
            }
          ]
        }
      ]
    },
    {
      "id": "efa5dfa82a85633f5d30689db1a52e6b",
      "author": "我是你老铁啊",
      "time": "2024年02月28日 10:51",
      "content": "<p>你好，麻烦发一份给我，拜托了！！超级感兴趣！！   <a href=\"mailto:823047251@qq.com\">823047251@qq.com</a></p>",
      "level": 0,
      "highlight": false,
      "children": []
    },
    {
      "id": "0281b98259f5700c05cb2b9abe348ac0",
      "author": "皇甫兰",
      "time": "2024年02月28日 17:14",
      "content": "<p>现大陆的院校把针灸改得面目全目来骗取国家的各种补贴，劳民伤财，看了非常心痛……<br/>\n广东省中医院（大德路总院）打着用针灸治疗抑郁症旗号，招募很多志愿者，进行为期12周（每周3次）的针灸治疗，同时给予西药（左洛复）让志愿者每日服用一粒……负责此课题的人是广东省针灸学会会长符文彬，您看他们的针灸学得有多烂……还给人服用西药……这些人真是含灵巨贼……<br/>\n我问他们既然是针灸治疗，为何要服用西药（左洛复）？<br/>\n他们的回答：“因为左洛复是国际指南推荐的一线抗抑郁药物，课题论理要求中度抑郁患者必须用药物做基础治疗，否则会耽误患者病情，所以用了最小剂量的抗抑郁药物配合针灸做治疗。”<br/>\n针灸没学好就算了，还卖西药……不知道收了西药厂多少钱……</p>\n<p>希望李博士能把中医带回正道上来，以经方为中心，以“简、便、廉、验”的方式来治症，您是我们的好榜样！<br/>\n也谢李博士愿意出来分享中医知识！每次情绪低落都会上您的网站看看，看完又满血复活！<br/>\n新的一年，祝您工作顺利！生活顺心！<br/>\n我们一起期待中医回到正道的那一天！万里云天，远大光明！</p>",
      "level": 0,
      "highlight": false,
      "children": [
        {
          "id": "5e335b8a976530102447273b03a5592c",
          "author": "李宗恩",
          "time": "2024年02月28日 17:41",
          "content": "<p>謝謝你的分享，也謝謝你的支持及鼓勵。</p>",
          "level": 1,
          "highlight": true,
          "children": []
        }
      ]
    },
    {
      "id": "6354bdef0c8a954e42568a53511d4246",
      "author": "756786867",
      "time": "2024年02月29日 04:16",
      "content": "<p>脾统血时也同时是一种在清理湿的一个状态吗？</p>",
      "level": 0,
      "highlight": false,
      "children": [
        {
          "id": "f0a13f33d7f2d32c880b9c08ae7ae6c6",
          "author": "李宗恩",
          "time": "2024年03月01日 09:24",
          "content": "<p>可以想成是把組織液內的物資回收到靜脈血管，所以，可以算是處理濕。</p>",
          "level": 1,
          "highlight": true,
          "children": []
        }
      ]
    },
    {
      "id": "77b940b56a1aa50b904888a7b0faa34e",
      "author": "X",
      "time": "2024年02月29日 05:10",
      "content": "<p>您好李医生，最近由于阳后有些气喘看了金匮中的胸痹篇和肺家篇，感觉肺委的症状也有，胸痹的症状也有，肺脏和心脏离的又很近，请问这该如何看到底偏向哪块？还是说可以治疗两块的药同时下看身体的反应再进行调整？</p>",
      "level": 0,
      "highlight": false,
      "children": [
        {
          "id": "58f53c75987a58fb48c540b7840df26c",
          "author": "李宗恩",
          "time": "2024年03月01日 09:26",
          "content": "<p>你這樣只是在做症狀與方劑的連連看，而不是探討身體問題所在，你應該回去好好研讀中醫生理病理學。</p>",
          "level": 1,
          "highlight": true,
          "children": [
            {
              "id": "2c7452b787c3301530eb9062cbb738e4",
              "author": "X",
              "time": "2024年03月02日 23:03",
              "content": "<p>我有考虑过身体原因的问题，麻烦您看下我的思路有没有什么问题：<br/>\n我身上胸膈往上摸上去是热热的，摸肚子是凉凉的，小腹处又是热热的，脚冷，用一些热药会上火，比如干姜炮附细辛，像是中焦不通，上热下寒的症状，同时这段时间又有气喘、呼吸有些困难，气喘这块我在思考是肺家的问题还是心脏、肾的问题，比如我肺部左右有时有疼痛感，但是用您的呼吸测试法可以憋一分钟，憋住气后缓缓吐气也没问题，不像是肺家，吸气时有些困难但是同时鼻子也有塞住，呼吸说话都很喘，像是肾不纳气，但同时脉又不浮，又有太阳中风的症状（怕风怕冷，迎风流泪），饭后、晚上心脏跳动很快，有时有手麻脚麻，总结下来应该是有表症，同时有中焦上热下寒，鼻窍不通，气喘的问题就辩不太正确了，也知道您不在网上看诊，所以单独拿出来想请教一下您</p>",
              "level": 2,
              "highlight": false,
              "children": [
                {
                  "id": "eeda2bd0ac63cb8869f863bdd292ad1d",
                  "author": "李宗恩",
                  "time": "2024年03月06日 09:59",
                  "content": "<p>我不在網上針對個案一一討論。</p>",
                  "level": 3,
                  "highlight": true,
                  "children": []
                }
              ]
            },
            {
              "id": "fff7826b5b5bd99a4a42918ca5b49f30",
              "author": "X",
              "time": "2024年03月02日 23:12",
              "content": "<p>我想您的意思是不是人体是一个整体，不应该由于局部的症状去治疗，要看总体的情况而定？</p>",
              "level": 2,
              "highlight": false,
              "children": []
            },
            {
              "id": "84ecaf3070128da9cb944e11c62488ed",
              "author": "x",
              "time": "2024年03月04日 07:52",
              "content": "<p>又看了您最新岐黄的直播，是要探究发生这个情况的原因，而不是用方子和症状的关联性就开方？感觉需要很深的功力…</p>",
              "level": 2,
              "highlight": false,
              "children": []
            }
          ]
        }
      ]
    },
    {
      "id": "ff1acbf8f44f6837acc70350b21c9f00",
      "author": "756786867",
      "time": "2024年02月29日 05:39",
      "content": "<p>炮附子是能够强肾阳同时也能固肾阳吗?谢谢老师</p>",
      "level": 0,
      "highlight": false,
      "children": [
        {
          "id": "953c6a2596fb51ca371122579f8043be",
          "author": "李宗恩",
          "time": "2024年03月01日 09:26",
          "content": "<p>可以這麼說。</p>",
          "level": 1,
          "highlight": true,
          "children": []
        }
      ]
    },
    {
      "id": "f16f053e26bfb1e13d8410a58689fa98",
      "author": "吾兮",
      "time": "2024年02月29日 20:31",
      "content": "<p>李老师您好，吃中药怎么判断病情？是表证中午有积饿感吗？里证是在胆经运行的时候有积饿感吗？还是有别的判断方法</p>",
      "level": 0,
      "highlight": false,
      "children": [
        {
          "id": "acdaa3bfc1df2727f1c3fc6f08be4dd6",
          "author": "李宗恩",
          "time": "2024年03月01日 09:27",
          "content": "<p>我不確定你在說什麼，你可能沒有什麼中醫的基礎，你可以從研讀倪海厦老師中醫教材開始。</p>",
          "level": 1,
          "highlight": true,
          "children": [
            {
              "id": "5121c85aad7ad3a666a3c46aabbea561",
              "author": "吾兮",
              "time": "2024年03月01日 18:11",
              "content": "<p>李老师您好，我想表达的意思是，吃中药如何判断病情好了没有？是像倪师说的表证吃药中午就会有胃气，里证吃药后半夜12点左右会有胃气，还是有胃气以后就开始停药？还是要去医院做个报告是否正常，还是有别的判断病情好了没有</p>",
              "level": 2,
              "highlight": false,
              "children": [
                {
                  "id": "6aa157d693fb0e9fba9b224e6b44313e",
                  "author": "756786867",
                  "time": "2024年03月02日 05:09",
                  "content": "<p>与正常人对比一下就行了</p>",
                  "level": 3,
                  "highlight": false,
                  "children": []
                },
                {
                  "id": "766fe16d6320f0f40cbf9009f486202f",
                  "author": "李宗恩",
                  "time": "2024年03月06日 09:56",
                  "content": "<p>你會這樣問，代表你對中醫基礎還不熟悉。一個人健不健康、病好了沒有，得從各種症狀表現來決定，而非一個單一的項目。</p>",
                  "level": 3,
                  "highlight": true,
                  "children": []
                }
              ]
            }
          ]
        }
      ]
    },
    {
      "id": "b9da1b25a5ef154e6c7f7cb2fdc190de",
      "author": "简单",
      "time": "2024年03月02日 11:18",
      "content": "<p>李老师您好，您讲过补肾阳肾阴也会跟着起来，是不是没有出现脚心热等肾阴虚现象时，只要补肾阳就可以了呢？对于长期吃肾上腺激素并导致严重骨质疏松的病人，其他问题不考虑，单补肾这一块需不需要？应该怎么补？一般选用哪些药物？因为伤寒杂病论里这一块没有讲，看别的书又怕被误导，还请老师能指点迷津</p>",
      "level": 0,
      "highlight": false,
      "children": [
        {
          "id": "7b363802bcce6356c86f033842f7cb57",
          "author": "李宗恩",
          "time": "2024年03月06日 09:57",
          "content": "<p>中醫不是以單一症狀來診斷，更不是腳心熱就補腎陰。</p>",
          "level": 1,
          "highlight": true,
          "children": []
        }
      ]
    },
    {
      "id": "c38d5b1534a3d5a3e258f073bb6679f8",
      "author": "可樂很苦",
      "time": "2024年03月02日 20:41",
      "content": "<p>李宗恩博士您好，我是一位大陸的粉絲。我讀了您出寫的「當張仲景遇上斯坦福」內容以簡單明瞭的方式讓我们對疾病有了一個真確的認知，也感嘆中醫在治療疾病時的神奇療效，這是西醫無法比擬的.希望以後可以繼續讀您出的書。我希望能加上「耳鳴」這種病例的探討。許多人患有這種症狀但西醫卻無法醫治。能讓患者採取正確的治療方法。最後感謝您在中醫事業的幸苦付出和努力。</p>",
      "level": 0,
      "highlight": false,
      "children": [
        {
          "id": "21e66f787c0b6e6175f06cbaaedcd88f",
          "author": "李宗恩",
          "time": "2024年03月06日 09:58",
          "content": "<p>謝謝你的支持及鼓勵。</p>",
          "level": 1,
          "highlight": true,
          "children": []
        }
      ]
    },
    {
      "id": "1b1cc5e2963794be9e5883003b94bacc",
      "author": "chr1234",
      "time": "2024年03月03日 06:17",
      "content": "<p>想请问下李医师大概会在什么时候真正进行中医传承的教学，课程到时候是会在大陆还是美国进行教学</p>",
      "level": 0,
      "highlight": false,
      "children": [
        {
          "id": "749b0903549d6bb6d8f38ef1d29b7baa",
          "author": "李宗恩",
          "time": "2024年03月06日 10:00",
          "content": "<p>規劃之中，細節仍不確定。</p>",
          "level": 1,
          "highlight": true,
          "children": []
        }
      ]
    },
    {
      "id": "5a80d5d2ada07cadaf6593a869c51f12",
      "author": "无欲无求",
      "time": "2024年03月03日 06:45",
      "content": "<p>李医师您好，您觉得通许第一医院汤英医师和娄医师他们的医疗水平如何，非常感谢</p>",
      "level": 0,
      "highlight": false,
      "children": [
        {
          "id": "383189ae5a9591866d75d8d0b7e345c2",
          "author": "李宗恩",
          "time": "2024年03月06日 10:02",
          "content": "<p>有一定的水準。</p>",
          "level": 1,
          "highlight": true,
          "children": []
        }
      ]
    },
    {
      "id": "8bf677bc78b5b4468f48cb4d599b8e20",
      "author": "乐",
      "time": "2024年03月03日 12:26",
      "content": "<p>能否发我一份，谢谢</p>",
      "level": 0,
      "highlight": false,
      "children": []
    },
    {
      "id": "6392648b520d0361c14a8d7a50b44e27",
      "author": "依叶尘",
      "time": "2024年03月03日 16:53",
      "content": "<p>宗恩老师，两个问题请教，一是春天发作的鼻炎，症状鼻塞、鼻痒、流清涕、打喷嚏、流泪。是各种原因导致肝血虚，然后心血不足，使得肺太热，还是说也可以有其他思路？二是网上看到一种眼睛的病叫猫眼，西医定为遗传，如果是眼翳的一种，是不是眼睛周围气血不流通产生眼翳，还是说肝的代谢对产生眼翳也有影响？问题有点笼统，勿怪。</p>",
      "level": 0,
      "highlight": false,
      "children": [
        {
          "id": "12ac05e374602a2e8b96e09dae57c076",
          "author": "李宗恩",
          "time": "2024年03月06日 10:04",
          "content": "<p>春天發作的病症，不一定就是肝臟的問題。</p>",
          "level": 1,
          "highlight": true,
          "children": []
        }
      ]
    },
    {
      "id": "fe50b29864f88f3ef609e631660937c3",
      "author": "小吴",
      "time": "2024年03月04日 04:34",
      "content": "<p>李老师好，近来我初看阅读《桂林古本——伤寒论》时，发现国内教材被篡改，许多处仲景先师使用生附子的地方都被改为了炮附子，包括四逆汤，甘草附子汤等等，就连中医药大学的学生们都在学习被修改过的古籍。倪海厦老师曾说生附去里寒强心阳，炮附子固表虚强肾阳，请问李医生对使用生附子和炮附子有何见解？</p>",
      "level": 0,
      "highlight": false,
      "children": [
        {
          "id": "bd539db318c810a72e6c109f75115a55",
          "author": "李宗恩",
          "time": "2024年03月06日 10:10",
          "content": "<p>和倪老師觀點一樣。</p>",
          "level": 1,
          "highlight": true,
          "children": []
        }
      ]
    },
    {
      "id": "9303d03a7bfe8a7c9bdf0be7db2fb283",
      "author": "李谦之",
      "time": "2024年03月04日 05:05",
      "content": "<p>你好，李老师最近您出了一本养儿育女必备中医知识书籍，能讲一下关于极少数的小孩小时候得不到正确的治疗，父母不懂照顾而患有漏斗胸整个胸凹陷下去，这对小孩健康和日后成长有重大影响….。请问这个病是什么原因引起的？还能治疗吗？谢谢</p>",
      "level": 0,
      "highlight": false,
      "children": [
        {
          "id": "7a601901cd0354a755e55057311321f7",
          "author": "李宗恩",
          "time": "2024年03月06日 10:11",
          "content": "<p>中醫不以單一症狀來診斷。</p>",
          "level": 1,
          "highlight": true,
          "children": []
        }
      ]
    },
    {
      "id": "137bd2953f77fb783fcb6b9f2354cd5f",
      "author": "xieming",
      "time": "2024年03月04日 05:22",
      "content": "<p>李医生您好，冒昧地要打扰一下您，就是我想问一下颈椎病和背部酸痛有没有这样的病例，就是我是一个中医爱好者自学中，快速的看了一遍倪师的课程还无法辩证，我想问一下就是自己本来有慢性病，有点影响自己的生活和学习，我应该怎么做，怎么找到办法拯救自己呢，如果李医生看到能回复一下我吗，我也看过你的视频，学习的办法都说过了，我也有自己去想过了症状，要知道敌人是谁，但是主要是现在病痛有点影响我的学习与生活了。</p>",
      "level": 0,
      "highlight": false,
      "children": [
        {
          "id": "af0705bf2269beca0d5e47158a8dc0a1",
          "author": "李宗恩",
          "time": "2024年03月06日 10:13",
          "content": "<p>頸椎病和背痛，可能原因很多，不是就是怎樣的問題、怎樣的治療，你應該找中醫師看診。</p>",
          "level": 1,
          "highlight": true,
          "children": []
        }
      ]
    },
    {
      "id": "96b617fe382a7386e20baa96b82edd67",
      "author": "llau",
      "time": "2024年03月05日 12:04",
      "content": "<p>李医生好：</p>\n<p> 试分析 “睡觉时喜欢双手呈投降状放在头顶睡觉才舒服” 是何原因以及会造成哪些不好的症状？</p>\n<p> 个人尝试后体验：平躺，双手呈投降状放头顶，会让呼吸更轻松，感觉到腹部会变瘪；后背的肩胛骨处肌肉感觉到放松。</p>",
      "level": 0,
      "highlight": false,
      "children": [
        {
          "id": "106c2469e380f566d25fda918c61e3a2",
          "author": "gsd",
          "time": "2024年03月06日 07:27",
          "content": "<p>单一症状可能不能说明什么。病人可能有十个症状，只有一两个影响到生活的比较敏感，跟医生说，让医生治疗。但是可能剩下其他七八个他没有注意到的，才是可以说明问题的。这也是很多时候医生问很多看似和病人的症状没有关联的东西。<br/>\n不过，你谈到呼吸变轻松，这可能是你平时就会抬肩以让呼吸变松，所以睡觉的时候也需要这样。我想起来，石室秘录中，谈到喘家，实证的时候，讲过这种，喜欢抬肩膀的喘。<br/>\n很有意思的是，有些颈椎、肩颈不舒服的人（比如我最近，感觉肌肉不舒服，酸酸的或者僵硬），或许病人注意到的症状是这些。但是没有注意到自己平时习惯性去抬肩膀，如果把肩膀放下来去做一些呼吸动作，反而有点不适应。平时有些容易喘气或者呼吸不是很轻松，要用力和有时会急促，甚至呼吸有点不上来。 用了石室秘录中的讲治疗抬肩的喘，实证，四七汤，去痰的汤方。反而颈椎病好了，也不会自己抬肩膀了。可能真是很奇妙，跟这个有关。<br/>\n还有，我在陈士铎的，脉诀阐微 ，中，看到代脉的论述，说还有一种是痰气壅膈不散，导致的。我之前代脉，跳几下停几下，有时候会喘气、呼吸困难同时心悸，躺下来也会，用炙甘草汤只能缓解。但是后面用去痰的，心脏的方（单吃也只是缓解），和四七汤一起用了（用了这个方子，合在一起才好很多。单独吃这个也更好，不只是缓解。）。很有意思，感觉真的药在隔膜那边把痰抽出来。这个病治好了，就连我一直感觉嘴巴有点歪歪的，或者感觉不对劲，该说是口眼歪斜什么的吗，也拉回来了。</p>",
          "level": 1,
          "highlight": false,
          "children": []
        },
        {
          "id": "1c2a88990fe3b01aefcf5b73512fdae4",
          "author": "gsd",
          "time": "2024年03月06日 07:29",
          "content": "<p>跳两三下，停一下</p>",
          "level": 1,
          "highlight": false,
          "children": []
        },
        {
          "id": "aace3df6aaada3c649b881342f4082dc",
          "author": "李宗恩",
          "time": "2024年03月06日 10:14",
          "content": "<p>中醫不以單一症狀來診斷。</p>",
          "level": 1,
          "highlight": true,
          "children": []
        }
      ]
    },
    {
      "id": "d84188cacdb336d6a047c5a4bbc34590",
      "author": "Excelina",
      "time": "2024年03月05日 07:54",
      "content": "<p>李醫師，昨天買到您的著作《當張仲景遇上史丹佛》，愛不釋手，花了一整天看完了。<br/>\n我從事西藥的藥劑師，看到很多疾病西醫都沒法根治，甚至束手無策，包括我家人的情況也是，西醫的治療本身引起的問題，西醫卻沒有解決方法。也嘗試找了很多中醫，可是都幫不上忙（幾年前遇到一位，治了幾個月總算有所改善，可是後來她退休回中國大陸了），所以只好開始自學，希望學會以後能幫上一點忙。今年初發現您的網站，然後才知道您的著作。<br/>\n我之前只懂每一個症和藥方去讀，看了您書中的案例以後，好像開始比較知道中醫是怎樣從患者的症狀去思考（不像西醫一般只跟每個疾病的guidelines去開藥），怎樣把不同的藥方配合使用，獲益良多。而且您說的很對，我看過不少患癲癇、tics 的病童，西藥一直加重，卻無法控制病情，如果醫生或家人會考慮或接受中醫治療，情況可能會完全不一樣。<br/>\n書裏面有一章談憂鬱、焦慮症的，想請教李醫師，西醫有一種精神問題叫強迫症，西藥治療的有效率低、停藥後復發率高，明白中醫不是看西醫的病名治病，但想請問中醫如何看這個情況呢？又從怎樣的方向下手治療呢？<br/>\n另外有一章關於青少年叛逆有提到中醫臨床上可以知道病人是否常拖拖拉拉、猶豫不決。再想請教一下，中醫又是怎樣看這個愛拖延、猶豫不決的問題和怎樣下手治療的呢？謝謝您。</p>",
      "level": 0,
      "highlight": false,
      "children": [
        {
          "id": "867053d1ff775268995d7e23ac854d81",
          "author": "李宗恩",
          "time": "2024年03月06日 10:20",
          "content": "<p>強迫症(OCD)，每一個病人情況不一樣，通常會伴有憂鬱、焦慮等現象。治療依然依照中醫辨證論治，研究病人五臟六腑有什麼問題，而不是只想著病人強迫症的行為。同時，目前看到的強迫症病人，幾乎每一個都有外來的因素或歷史，這部分就看中醫師要不要介入協助，一般情況下，為了幫病人恢復，我會介入了解背景及提供我個人的建議。</p>",
          "level": 1,
          "highlight": true,
          "children": [
            {
              "id": "87fc02b0784bafc1f23e36b3071de3fd",
              "author": "Excelina",
              "time": "2024年03月08日 07:50",
              "content": "<p>李醫師，很感謝您抽空回覆。</p>\n<p>1。關於猶豫不決、愛拖延這個情況，從理論來看，膽主決斷，脾藏意，所以理論上跟膽和脾有關，然後再按臨床辨證去判斷到底是哪個臟腑出問題，我這樣想，不知是否正確？</p>\n<p>關於學習中醫，想請教您的意見：<br/>\n2。基於經濟需要，我暫時沒法辭去工作去唸中醫，但自學又一直遇到很多疑問沒有人可以請教（所以真的很感謝您不嫌麻煩回覆我和其他網友的問題）。假如將來有這個能力，或是家人想讀中醫，由於在香港或中國讀中醫，都是按教材學，不能一開始就專門去學習經方（而我一開始自學中醫，是先接觸這些教材，可是讀了快2年，還是感到茫無頭緒，到上年才接觸到經方，和倪海廈老師的教材），變成會花了相當的時間去學一些可能沒用或並非正確的東西。關於這點，您會否有甚麼建議？<br/>\n3。自學中醫，我現在覺得最難的是脈診。我會嘗試為自己和身邊的人把脈；上過一個給外行人的脈診班，但以理論為主；然後很難得找到一個願意教我、讓我跟診的中醫師，可是他是時方派，對藥性有自己的看法（比如認為甘草只是調和諸藥，他很少用，炙甘草只是咳嗽才用），脈診方面，他坦白說他不太懂，他主要是靠問診，按脈只是看浮沉遲數。雖然說脈診並非最重要，但傷寒論裏也有提到不同的脈象，我希望可以盡量去掌握。在我這樣的情況下自學中醫，不知是否有什麼方法能讓我更好地學會脈診呢？</p>\n<p>另，您知否在香港是否有倪海廈老師的學生、或是真正的經方派中醫呢？因為想帶家人去看</p>\n<p>不好意思，這麼多問題麻煩您。謝謝！！</p>",
              "level": 2,
              "highlight": false,
              "children": [
                {
                  "id": "aa4279492d112e9b185190bce5a376ec",
                  "author": "李宗恩",
                  "time": "2024年03月14日 13:01",
                  "content": "<p>1.不要先入為主，病人臟腑有什麼問題，就如何治療，而不是聽到病人猶豫不決，就開始想像問題在哪。2.這點看你為什麼學中醫，如果你想拿中醫師資格，那你還是得按照體制來拿學位和考執照。如果你是為了幫助自己和家人，那好好研讀倪老師的教材，再從小病慢慢試起。3.脈和證得一起考慮，無法分開，如果只是單獨討論脈，不是一個好的學習方法。4.醫不叩門，賢不薦醫。</p>",
                  "level": 3,
                  "highlight": true,
                  "children": []
                }
              ]
            }
          ]
        }
      ]
    },
    {
      "id": "24aeff451712fcd45a1eada77f132c90",
      "author": "黄连",
      "time": "2024年03月06日 01:22",
      "content": "<p>您好，李醫生，我想向您請教下脂肪瘤的治療思路和方向，打擾您了！</p>",
      "level": 0,
      "highlight": false,
      "children": [
        {
          "id": "d81b76e95d8bef670d3653843abc2ca2",
          "author": "李宗恩",
          "time": "2024年03月06日 10:37",
          "content": "<p>痰飲。</p>",
          "level": 1,
          "highlight": true,
          "children": []
        }
      ]
    },
    {
      "id": "a72c5b9ec21d60b1f6a28bdf5c8a1857",
      "author": "天空",
      "time": "2024年03月06日 15:36",
      "content": "<p>李老師，在能量的循環裡，「陽氣」作為可以改變物質的能量，和因為某些原因無法被應用或儲存到物質而變為「熱」的剩餘能量有性質上的差別嗎？（它是否在這個過程裡失去了「改變物質」的能力）。假如有，肝在解毒，淨化血液的時候是否也同時淨化了血液裡的「能量」，還是它是發生在肺泡的氣體交換裡。您談過水的循環，看到您這張投影片，我只是想知道能量的循環又是如何運作的，總覺得「陽氣」作為「可以改變物質的能量」是有一些特殊性質的（不只是水氣或熱），或許與「意識」（身體意識、整體意識）也有連結。希望這是一個合理的問題，謝謝您！</p>",
      "level": 0,
      "highlight": false,
      "children": [
        {
          "id": "810daa90135cfa91575728a378172ff3",
          "author": "天空",
          "time": "2024年03月07日 08:35",
          "content": "<p>再仔細想過發現前面的問題有不對的地方：肝對血液的淨化應該不是改變能量的性質，而是處理調血液裡的代謝物後增加血液（物質）可以儲存新能量的能力。而陽氣的從渙散的熱回到聚合的狀態應該是「陽明燥金」的功能，大腸與肺為表裡，所以和肺有關是合理的。所以問題變成是，1.可以改變物質的「能量」和「熱」之間的差異。 2. 陽氣的運行和血的關係：西醫生理學講肺循環的氣體交換只講到了血氧的交換，（血氧是營？是陰？），而衛行於脈外（是氣化的水？是陽氣），可以改變物質的能量是否包含了兩者？3.有關「意識」的部份，陽氣是否也攜帶了「訊息」，就像引藥攜帶的訊息，讓藥性可以往不同的部位走，還是陽氣只是純能量，要看臟腑細胞如何應用。謝謝老師！很抱歉之前沒想清楚就先問了，只是問的過程也釐清了自己的一些問題。</p>",
          "level": 1,
          "highlight": false,
          "children": [
            {
              "id": "1f163eab8876f1a91cf26272be51de13",
              "author": "天空",
              "time": "2024年03月10日 13:49",
              "content": "<p>李老師，希望您不介意我再把問題refine一下（每次問完之後想通了才發現自己的問題有多笨）。 發現陽氣作為可以改變物質的能量除了是氣化的水之外，其實還包含了水谷精氣，而水谷精氣攜帶一定的振動頻率（是蛋白質分子之外的另一種信息），陽氣進到細胞周圍時就形成了細胞周圍的環境，可以進一步經由影響細胞膜的受體影響細胞內部的運作？是這樣嗎？而人的情志也是一種振動，是否也包含在陽氣的振動頻率裡？<br/>\n細胞代謝之後產生的熱，不論是濕熱或燥熱，其頻率顯然是不同的，不具有改變物質的能力，還會產生干擾，在正常情況下，脾統血的功能在排濕的同時是否也會把熱排掉？還是這裡面的熱能可被再利用來把水氣化進入下一個水的循環（水在氣化的過程中把熱吸收）？這些是我一直想問的，不懂的太多，會繼續學習。謝謝老師！（對不起一個問題問了三次）</p>",
              "level": 2,
              "highlight": false,
              "children": [
                {
                  "id": "6a2207ea37ccf3c1905ce5fc5500e7ae",
                  "author": "李宗恩",
                  "time": "2024年03月14日 13:37",
                  "content": "<p>不要過度想像。</p>",
                  "level": 3,
                  "highlight": true,
                  "children": []
                }
              ]
            }
          ]
        },
        {
          "id": "27f55a041c6375e6afd2c01c3d946c91",
          "author": "李宗恩",
          "time": "2024年03月14日 12:22",
          "content": "<p>「陽氣」是為人體控制並用來改變物質的能量，虛熱並非為正常人體運作，因此這樣的轉變下，能量已經不是陽氣了。至於陽氣的運作，當然和意識有關聯，雖然科學實驗不能直接證明，已經有許多佐證，認得意識可以影響人體運作。</p>",
          "level": 1,
          "highlight": true,
          "children": [
            {
              "id": "a81d909c37cb80f9f50265770ab50863",
              "author": "天空",
              "time": "2024年03月14日 22:13",
              "content": "<p>謝謝李老師，明白了。請原諒我有限的表達能力，後來想了想，我想問的其實可以減化為陽氣的精微能量（Subtle Energy)。</p>",
              "level": 2,
              "highlight": false,
              "children": []
            }
          ]
        }
      ]
    },
    {
      "id": "7e0053d68eb6993355928f956f463a06",
      "author": "三伏",
      "time": "2024年03月09日 06:05",
      "content": "<p>李医生你好，长期服用含有麻黄、泽泻等利尿的方，会对肾脏造成比较大的负担吗？</p>",
      "level": 0,
      "highlight": false,
      "children": [
        {
          "id": "4e871bf0a0c9b9762811dc8d12206f03",
          "author": "李宗恩",
          "time": "2024年03月14日 13:27",
          "content": "<p>這得看情況，利尿不一定會傷害腎臟，但還是得看個案。</p>",
          "level": 1,
          "highlight": true,
          "children": []
        }
      ]
    },
    {
      "id": "db32e98e24cea32f88ad08773c72ba66",
      "author": "三伏",
      "time": "2024年03月22日 19:36",
      "content": "<p>李医生您好，请问全身发冷腹痛腹泻是不是不可以用到芍药，还是说要看具体搭配。</p>",
      "level": 0,
      "highlight": false,
      "children": [
        {
          "id": "6e6a75b667db8dce18da12c5e72870c2",
          "author": "李宗恩",
          "time": "2024年04月11日 14:28",
          "content": "<p>同樣的問題，不要重複問。</p>",
          "level": 1,
          "highlight": true,
          "children": []
        }
      ]
    },
    {
      "id": "f21dcb9dc1b1de69f09092c96390cf9d",
      "author": "卓行",
      "time": "2024年03月24日 17:40",
      "content": "<p>李医生，倪老师说没事就吃吃桂枝汤真的可以没事就吃吗？还有李医生未来有没有到中国国内开诊的打算？</p>",
      "level": 0,
      "highlight": false,
      "children": []
    },
    {
      "id": "f94cffa3e5d9dfbe19b0ae1fc700152d",
      "author": "三伏",
      "time": "2024年04月26日 20:32",
      "content": "<p>李老师您好，《神农本草经》中对于白芍有如下记载，凡中寒腹痛，中寒作泄，腹中冷痛，肠胃中觉冷等证忌之。是否可以理解为只要是因寒证导致的腹痛、腹泻，均不可使用白芍？</p>",
      "level": 0,
      "highlight": false,
      "children": [
        {
          "id": "dc095c2e32fe2ceca0657af2210c9329",
          "author": "三伏",
          "time": "2024年04月27日 23:13",
          "content": "<p>不好意思李医生，这个问题貌似问过您了，您忽视就行</p>",
          "level": 1,
          "highlight": false,
          "children": []
        },
        {
          "id": "c7152f65c2b7ac9119a6a716ac61f125",
          "author": "李宗恩",
          "time": "2024年04月29日 12:03",
          "content": "<p>不是。</p>",
          "level": 1,
          "highlight": true,
          "children": []
        }
      ]
    }
  ],
  "page": 5,
  "order": 5,
  "filename": "data\\page5\\page5_order4_30a1708233de9d7104ad76f84ebbad5f.json"
}