{
  "article_url": "https://andylee.pro/wp/?p=12790",
  "title": "新書排行榜",
  "content": "<figure class=\"wp-block-image size-full\"><a href=\"https://andylee.pro/wp/wp-content/uploads/2023/12/Screen-Shot-2023-12-26-at-9.27.05-AM.png\"><img alt=\"\" class=\"wp-image-12788\" decoding=\"async\" fetchpriority=\"high\" height=\"652\" sizes=\"(max-width: 1014px) 100vw, 1014px\" src=\"https://andylee.pro/wp/wp-content/uploads/2023/12/Screen-Shot-2023-12-26-at-9.27.05-AM.png\" srcset=\"https://andylee.pro/wp/wp-content/uploads/2023/12/Screen-Shot-2023-12-26-at-9.27.05-AM.png 1014w, https://andylee.pro/wp/wp-content/uploads/2023/12/Screen-Shot-2023-12-26-at-9.27.05-AM-300x193.png 300w, https://andylee.pro/wp/wp-content/uploads/2023/12/Screen-Shot-2023-12-26-at-9.27.05-AM-768x494.png 768w\" width=\"1014\"/></a></figure>\n<p>新書《養兒育女必備中醫知識》兩天前在台灣正式出版，登上博客來醫療保健類新書第四名，全館中文書即時榜第五名。感謝圓神出版社團隊的大力幫忙，以及博客來網路書店特別在網頁橫幅上推銷新書。</p>\n<p>博客來 <a href=\"https://bookstw.link/05100165-B?fbclid=IwAR0UTic_FuBh3Un9dh-ed2gTTwWCY5WTpGjCY5m2wj0-260X3mtgj_RdgVo\" rel=\"noreferrer noopener\" target=\"_blank\">https://bookstw.link/05100165-B</a><br/>誠品 <a href=\"https://eslite.me/05100165-E?fbclid=IwAR1HCfueqyWzM7oKJuFJsGZ9KyJqS4fhSZWfnotFPG-58GdtwybkUjL8Flo\" rel=\"noreferrer noopener\" target=\"_blank\">https://eslite.me/05100165-E</a><br/>金石堂 <a href=\"https://pse.is/05100165-K?fbclid=IwAR01PjTjRytX6BDMxIjx8KjOFf0yJmTvR0BY1bvwqtqGOcOvtW9gHb8ebnA\" rel=\"noreferrer noopener\" target=\"_blank\">https://pse.is/05100165-K</a><br/>MOMO <a href=\"https://reurl.cc/80lA3M?fbclid=IwAR2MLFAPjRAFlAhfFcyCfR2N4aLV11gaDrc-duWBlX49Aow_zM6nxnhQnVU\" rel=\"noreferrer noopener\" target=\"_blank\">https://reurl.cc/80lA3M</a><br/>圓神書活網 <a href=\"https://pse.is/05100165?fbclid=IwAR3HM0J-rQ_3wNo6pQtNUsXxPnKV4B104GyH8FHrSOw-zpjVc3atTDoZiwk\" rel=\"noreferrer noopener\" target=\"_blank\">https://pse.is/05100165</a></p>\n<figure class=\"wp-block-image size-full\"><a href=\"https://andylee.pro/wp/wp-content/uploads/2023/12/Book-selling.jpeg\"><img alt=\"\" class=\"wp-image-12796\" decoding=\"async\" height=\"296\" src=\"https://andylee.pro/wp/wp-content/uploads/2023/12/Book-selling.jpeg\" width=\"180\"/></a></figure>\n<p>電子書於Readmoo、Kobo、Google、BookWalker、Pubu、Hyread、myBook、UDN讀書吧、Taaze讀冊、博客來洽購。台灣以外地區，也可以使用網路書店全球寄送服用。香港可向誠品洽詢，新加坡馬來西亞可向大眾書局洽詢。台灣以外地區購書方式請參考：</p>\n<p>博客來海外服務說明：<a href=\"https://bit.ly/3E4nDA8?fbclid=IwAR05W0Neq_UiTDYPoL4BOiviMkTfqYW6pM1T0GcB8ZzKy73o67dUrC8sB5E\" rel=\"noreferrer noopener\" target=\"_blank\">https://bit.ly/3E4nDA8</a><br/>金石堂海外服務說明：<a href=\"https://bit.ly/3CbmchG?fbclid=IwAR3HM0J-rQ_3wNo6pQtNUsXxPnKV4B104GyH8FHrSOw-zpjVc3atTDoZiwk\" rel=\"noreferrer noopener\" target=\"_blank\">https://bit.ly/3CbmchG</a><br/>誠品海外服務說明：<a href=\"https://bit.ly/3BhZ7ss?fbclid=IwAR1HCfueqyWzM7oKJuFJsGZ9KyJqS4fhSZWfnotFPG-58GdtwybkUjL8Flo\" rel=\"noreferrer noopener\" target=\"_blank\">https://bit.ly/3BhZ7ss</a><br/>圓神書活網訂購說明：<a href=\"https://bit.ly/3pyXODd?fbclid=IwAR0k1KEvNO2E603fCtw0sBr3N2tIGR3TnTVGNAiWwKF1IXvUNIs_RmK2ssE\" rel=\"noreferrer noopener\" target=\"_blank\">https://bit.ly/3pyXODd</a></p>\n<figure class=\"wp-block-image size-full\"><a href=\"https://andylee.pro/wp/wp-content/uploads/2023/12/banner.jpeg\"><img alt=\"\" class=\"wp-image-12795\" decoding=\"async\" height=\"582\" sizes=\"(max-width: 972px) 100vw, 972px\" src=\"https://andylee.pro/wp/wp-content/uploads/2023/12/banner.jpeg\" srcset=\"https://andylee.pro/wp/wp-content/uploads/2023/12/banner.jpeg 972w, https://andylee.pro/wp/wp-content/uploads/2023/12/banner-300x180.jpeg 300w, https://andylee.pro/wp/wp-content/uploads/2023/12/banner-768x460.jpeg 768w\" width=\"972\"/></a></figure>\n<figure class=\"wp-block-image size-full is-resized\"><a href=\"https://andylee.pro/wp/wp-content/uploads/2023/12/banner-ad.jpeg\"><img alt=\"\" class=\"wp-image-12789\" decoding=\"async\" src=\"https://andylee.pro/wp/wp-content/uploads/2023/12/banner-ad.jpeg\" style=\"aspect-ratio:1;width:628px;height:auto\"/></a></figure>",
  "article_time": "2023年12月26日 10:00",
  "comments": [
    {
      "id": "d3f7c4176546114f712173e437d72500",
      "author": "夏至",
      "time": "2023年12月27日 03:47",
      "content": "<p>恭贺李医师！感谢您为中医为人类所做的贡献！你是在做造福人类的事业！我会买你出版的所有的书籍，当张仲景这本书我仔细拜读了许多遍，我把您网站上的所有的文字类和别人的交流都打印了，广播也下载了，我带着我外孙女两个人听，我所有的时间都是用来学习中医，希望我可以把我学会的交给我的后代，我只是学习的倪海厦老师和您的，因为您们是真正的中医。我在疫情期间开始跟倪海厦老师学习的中医，因为我外孙女从一周岁以后开始一发烧就惊厥，到了医院医生也没有好的方法，每次都是灌肠掛水，这其中的辛酸只有自己知道，从会走路在医院给治的不会走路了，身体越来越差，如此过了几年年年叫救护车，在幼儿园小班时又是扁桃体肿大腺样体肥大，医院通知手术要全麻，我坚决反对后来找中医推拿，小儿推拿治疗扁桃体和腺样体还有咳嗽的效果非常好，后来我就自学的小儿推拿，小儿咳嗽是推一次就好，因为我宝宝曾经咳嗽在省中医治疗，医生问了二十秒，开了一千多块钱的中药，我只让宝宝服了一周没有效果，我把效全部都扔了。如今咳嗽都是我推拿当天就好，后来我跟倪海厦老师系统性的学习了中医以后，又自己买的中药回家研究，不懂得时候我又钻到书里面去看，就这样到处找不熏硫磺的中药，我都是整棵的买黄芪，买私人挖的草药，就是价格非常高，但是我用的是放心的，就这样2021年的时候，有一天我宝宝又发高烧了，怎么办？以前都是一家四口全部都睡在儿童医院里，可是该惊厥时还是惊厥，我跟我女儿说这一次换我来治，我按倪海厦老师教的用的是葛根汤，剂量是成人的三分之一，煮成了一大碗分成了三份，只有小小碗里的半碗，宝宝喝下去后四十分钟开始微汗，汗止又微汗，两个小时后完全好了，又是生龙活虎了，从此以后我就是除了学习中医，其余的爱好都放下了，我要把它传下去传给我的后人。我要再次感谢您和倪海厦老师！中医有您两位巨人未来可期！</p>",
      "level": 0,
      "highlight": false,
      "children": [
        {
          "id": "bb548be1d4bea5a890175730628a38e4",
          "author": "李宗恩",
          "time": "2023年12月27日 08:32",
          "content": "<p>謝謝你的分享，以及你的支持及鼓勵。</p>",
          "level": 1,
          "highlight": true,
          "children": []
        },
        {
          "id": "77902c3935ca901356dc14cfa67c5053",
          "author": "黄子聪",
          "time": "2024年01月06日 01:19",
          "content": "<p>倪师是我的中医启蒙！李师让我纠正了学习中医的误区！在大陆，找位好的中医真的太难太难了，感谢两位恩师！</p>",
          "level": 1,
          "highlight": false,
          "children": []
        }
      ]
    },
    {
      "id": "fe196e5d0d061696d175f39bbe856619",
      "author": "王嘉乐",
      "time": "2023年12月29日 01:49",
      "content": "<p>李医生您好，煮中药的话304不锈钢锅足够用了吧，有必要买316不锈钢的吗</p>",
      "level": 0,
      "highlight": false,
      "children": [
        {
          "id": "ad1a2c5cff1bbc6bf69c19fef339b63e",
          "author": "李宗恩",
          "time": "2023年12月29日 10:58",
          "content": "<p>304和316不鏽鋼的差別在於是否加入鉬質(Molybdenum)，主要是為了加強防鏽的功能，如果304不鏽鋼鍋好好維護，沒有鏽化，兩者沒有太大差別。</p>",
          "level": 1,
          "highlight": true,
          "children": []
        }
      ]
    },
    {
      "id": "cb20ee418c45c78022e266dcb6360f47",
      "author": "年轮",
      "time": "2023年12月31日 17:46",
      "content": "<p>元旦快乐李医生</p>",
      "level": 0,
      "highlight": false,
      "children": [
        {
          "id": "e62df5fbdcefcb71dd5481de03dd2b65",
          "author": "李宗恩",
          "time": "2024年01月04日 09:44",
          "content": "<p>新年快樂！</p>",
          "level": 1,
          "highlight": true,
          "children": []
        }
      ]
    },
    {
      "id": "8bfe112cc66cdd279c6c690db3911a0d",
      "author": "每天",
      "time": "2023年12月31日 23:45",
      "content": "<p>购书网址打不开呢  大家能打开吗</p>",
      "level": 0,
      "highlight": false,
      "children": []
    },
    {
      "id": "577f369ad0bd3b8dfb2089076ce43eb9",
      "author": "陸小闞",
      "time": "2024年01月01日 16:51",
      "content": "<p>恭喜恭喜，元旦快乐，嘻嘻</p>",
      "level": 0,
      "highlight": false,
      "children": [
        {
          "id": "79ea617bc49dc1d660f7b7140295d14b",
          "author": "李宗恩",
          "time": "2024年01月04日 10:06",
          "content": "<p>新年快樂！</p>",
          "level": 1,
          "highlight": true,
          "children": []
        }
      ]
    },
    {
      "id": "6153ddbff5ee43cb93f5629e2a5cd0ed",
      "author": "嘉媛",
      "time": "2024年01月06日 02:35",
      "content": "<p>李老师，已经预定，也推荐了有小朋友的同事一起预定，好像至少要1个多月才能到，耐心等待中。前段时间北京的儿童医院甚至排到1000多号，真希望这些家长们有机会学习一些中医基础知识，更希望有多一些像您这样的医生…</p>",
      "level": 0,
      "highlight": false,
      "children": [
        {
          "id": "b9ed667333ca106baaeaa5c29de97978",
          "author": "李宗恩",
          "time": "2024年01月06日 08:04",
          "content": "<p>遠程看診，一般得等大半年。如果願意在幾小時的即時通知下，任何時間都可以準時上線看診，那麼等候名單會短一些。</p>",
          "level": 1,
          "highlight": true,
          "children": []
        }
      ]
    },
    {
      "id": "70b8ee4b95426f69df275d49478445ef",
      "author": "年轮",
      "time": "2024年01月22日 02:23",
      "content": "<p>李医生新书已经读完，非常棒的内容，未来照料小朋友会更加的放松，强烈推荐给身边有小朋友的闺蜜朋友！小朋友湿疹反反复复，读完书准备了紫草油来涂。书中讲到打疫苗后清肝胆利水道来减轻疫苗副作用，成年人和幼童可以比较容易使用中药的方式来减轻疫苗副作用，请问小婴儿打完疫苗该怎么减轻疫苗副作用呢，大陆一岁以内有14剂疫苗要求必须打才可以入园读书，只吃母乳的小婴儿时期该怎么办呢！谢谢</p>",
      "level": 0,
      "highlight": false,
      "children": []
    },
    {
      "id": "b3ecd6a1974eb13fc0e76af83d991814",
      "author": "Huang",
      "time": "2024年01月27日 16:16",
      "content": "<p>您好，李老师，书已经到货了，看了让我受益匪浅。<br>\n我们有机会 会像上一本书一样的课程形式 听到李老师给我讲授 中医儿科相关的知识吗</br></p>",
      "level": 0,
      "highlight": false,
      "children": [
        {
          "id": "70bb69b5f0239328ac0a1fa2c5c4f154",
          "author": "李宗恩",
          "time": "2024年01月30日 09:06",
          "content": "<p>有時間的話，可以安排。</p>",
          "level": 1,
          "highlight": true,
          "children": []
        }
      ]
    }
  ],
  "page": 5,
  "order": 10,
  "filename": "data\\page5\\page5_order9_79ea617bc49dc1d660f7b7140295d14b.json"
}