{
  "article_url": "https://andylee.pro/wp/?p=4153",
  "title": "生半夏有毒？還是可以救命？",
  "content": "<p>一位在香港的老太太，肺癌末期後段，西醫已經沒有辦法幫什麼了，抽肺積水後又開始積水，無法好好休息，躺下來咳嗽加劇、坐直又胸口疼痛。老太太的兒女們希望我能藉由遠程看診來幫忙媽媽，至少讓她舒服些，不要那麼痛苦。視訊後，我開了藥方，要他們就近在香港抓藥，藥方中重用桔梗、甘草當主將領頭，再適度搭配麻黃、生半夏、葶藶子等：</p>\n<p>桔梗、甘草、 射干、 麻黃、紫菀、款冬花、  生半夏、生薑、 葶藶子、五味子、 厚朴、 茯苓、 杏仁、 麥門冬、細辛、 紅棗</p>\n<p>今天早上剛剛到診所就看到病人兒女來的來函：</p>\n<p>「李醫師：今日我們照著藥方去了香港一間有名的藥材舖（xxx）抓藥，但藥店說沒有生半夏，<wbr/>並且告訴我們生半夏需醫師處方，越大越有名的藥店都不會賣。<wbr/>於是去另一間規模較小的老字號問，掌櫃又是說同樣的說話，<wbr/>但就用手指向店內的醫師，說有醫師開就可以，<wbr/>我私自以為他暗示進去叫醫師開方就可以，<wbr/>於是向那醫師開宗明義說要生半夏，醫師細問誰是病人，<wbr/>我老實交代婆婆的病情，醫師就寫下生半夏二錢，<wbr/>之後還寫下許多其他味藥，我就想這也算抓了一付的生半夏。可是，<wbr/>當將藥方交給掌櫃卻換來悖然大怒，氣沖沖地走到醫師那裡質問他，<wbr/>然後板著臉孔地命令手下抓藥，我要求可否將半夏另外包起，<wbr/>他很兇惡地說不可以，說這是毒藥，還要求我留下電話，<wbr/>然後立即打給我核實。事情還沒有完結，<wbr/>藥抓好後又再請示另一老闆，這老闆又進去質問醫師，<wbr/>害得這老醫師跑出來叮囑煮藥的時間要長一些，還要加三片薑。</p>\n<p>抓齊藥回到家中把生半夏取出加入您處方的藥中，<wbr/>可是煲好之後才發現原來錯把川貝看成半夏…… 再從那兩付藥抓找半夏看，品質看來不大好，大小不一顏色灰暗。</p>\n<p>婆婆晚飯前服了誤放川貝的藥後兩小時，<wbr/>臉色很明顯又<em>（由）</em>青白轉為稍有紅潤光澤，<wbr/>而今早一直只能勉強維持半躺姿勢（躺下會咳，坐直心口壓痛），<wbr/>服藥兩小時後竟可坐直。回想晚飯也比午飯較有胃口，<wbr/>之前是午飯比晚飯較有胃口。<em>（省略）</em>…….. 感謝您們的幫助！」</p>\n<p>看到來函，一方面對病人服藥後當天就有良好反應感到高興，另一方面對中藥店一知半解、反過來指導中醫師、導致中醫藥的衰敗感到生氣。</p>\n<p>我開的這付藥中，生半夏還沒有葶藶兇猛，所謂生半夏的毒性也遠遠沒有比一般西醫使用治療肺癌、肺炎的西藥來的毒，同時，生半夏和生薑一起煮，等於就是薑制解毒，不會有什麼問題，<wbr/>更何況，很多時候我們就是需要生半夏的毒性。當中藥商先把生半夏用薑或者其它方法制過，變成了制半夏，病人再拿來重新煮湯藥，<wbr/>藥性差很多。</p>\n<p>中國大陸比較有名使用生半夏的醫師是李可老中醫，讀者可以上網查一下「李可 生半夏」。李可老中醫常常開幾十克的生半夏，使用了幾十年也沒有一個病人出問題，他老人家不留餘力的想要解除一般中醫對生半夏的誤解，很可惜，許多沒有臨床治療重症經驗的人還是繞著錯誤的觀念團團轉，把許多正統中醫裡很重要的中藥材視為洪水猛獸，自己不會使用，還到處告訴其他人錯誤的知識。</p>\n<p>說到李可老中醫，他以使用非常大的劑量為名，他的理念在於古代的「一兩」等於現代的15克左右，所以，李可老中醫往往把傷寒論方劑中每個單味藥都開到幾十克。其實，這可能不是最好的辦法，許多情況下，換個辨證論治的思維角度，或許不需要使用大劑量就可以解決，這也是倪海廈老師不斷提醒學生的。我上面開的那個藥方，除了桔梗和甘草使用大劑量以外，其它味藥都開的不重。當然，如果仔細思考後，真的認為非得使用大劑量時，當中醫師的也不應該手軟，很多時候重病病人只有一線生機，錯過了時機，即使醫師的功力再高，也是回天乏力了。</p>\n<p><strong>後續：</strong></p>\n<p>病人家屬又來函：「昨日我們試問小姑的中醫朋友，看看能否替購得生半夏，<wbr/>怎料這位中醫朋友跟小姑危言聳聽，說生半夏是有抗癌作用，<wbr/>但以婆婆現在的狀況不適用，吃了隨時中毒入院，<wbr/>小姑將這番說話告訴媽媽，害得剛出現<em>（好轉）</em>的媽媽立即猶豫不決 ….<wbr/>.. 其實去年初婆婆初步懷疑肺癌時，<wbr/>丈夫已情詞迫切的跟媽媽陳述利害，<wbr/>同時說服妹妹叫媽媽不做biospy，轉而飛到美國，試先用半年時間找醫師您治病。可惜，僅僅一個晚上的同意，<wbr/>翌日親友的意見令婆婆決心接受檢查，<wbr/>報告出來之後就對西醫言聽計從，標靶藥吃完一個月又一個月，<wbr/>雖是止了咳嗽，但人就越來越消瘦 ….<wbr/>..」</p>\n<p>我這裡使用生半夏，根本不是為了治療癌症，吃了生半夏也不會中毒入院，病人家屬的中醫朋友醫術不精，還要危言聳聽、以訛傳訛，這其實才是中醫衰敗的主要原因，無知的人再怎麼詆毀中醫，只要中醫拿得出卓越的臨床療效，即使是西醫也得承認中醫的偉大，中醫自己無知，那就只好任人踩在腳下踐踏。至於這位病人老太太，畢竟不是醫療人員，對中醫的不信任也不全然是她的錯，社會、媒體、教育都有責任。然而，如果不是看在她兒女的孝心上，我其實不想幫她治療，因為肺癌末期尾端，延續生命已經是難上加難，長生不死是不可能的奇蹟。所以，即使病人現在乖乖服用中藥而所好轉，總有一天病情會轉壞，到時候這樣的病人一定會怪到中藥上，<wbr/>還不如讓病人堅守自己選擇西藥的決定，不管發生什麼樣的結果，或許她都會比較甘願一些。</p>",
  "article_time": "2017年02月10日 11:40",
  "comments": [
    {
      "id": "49329b65de54e76434f171c37e246cf6",
      "author": "魯豆腐",
      "time": "2017年02月10日 18:09",
      "content": "<p>今人早被西醫教化的往偏路走，不識正統中醫藥不打緊還以誣衊為能世，造就了西醫藥之毒毒害世人，説是謀害亦不為過</p>",
      "level": 0,
      "highlight": false,
      "children": [
        {
          "id": "63020f8b5ac0bb885ee2dfb2b0f9ed4f",
          "author": "魯豆腐",
          "time": "2017年02月12日 19:04",
          "content": "<p>您的感慨、失望早在倪醫師的掌握之中，真是神醫是也，早就說了時常太過好心卻沒有好的回報，心太軟有時換來只會多受氣的</p>",
          "level": 1,
          "highlight": false,
          "children": [
            {
              "id": "f20502da229f88970349829c2e97e09b",
              "author": "andy",
              "time": "2017年02月23日 15:25",
              "content": "<p>倪老師罵得很兇，但是，他還是常常幫忙這樣的病人，畢竟有時真的不忍心。</p>",
              "level": 2,
              "highlight": true,
              "children": []
            }
          ]
        }
      ]
    },
    {
      "id": "fb2cbe2659655d30584f129f41cde36d",
      "author": "搁浅",
      "time": "2017年02月11日 05:54",
      "content": "<p>李医师您好，看完这篇文章很欣慰您能对病人有“医者父母心”的心态，以及您对中国大陆目前的中医现状的感慨。您在海外生活所以很多事情只有切身的体会才能感受到，生半夏单单只是一味药的现状，神农本草经360味，其他的就可想而知，麻黄被限制能理解，但是细辛不过钱，附子根本买不到正宗的炮附子(胆巴泡)，更谈不上生附子，乌头。生硫磺估计是没医师敢用，会用。更有甚者吴茱萸都会有限制，这就是国内最大的中医连锁药店xxx,相比一些温病派寒凉滋阴的药倒是好买的多。中国大陆的文革是对传统中医文化的灾害性损坏，真正的经方大师也许只有在台湾和海外幸存下来，而台湾和大陆本来就是亲同骨肉的兄弟。这是一个信奉温病派的中医社会，老百姓相信中医，可是中医给不了老百姓应有的“回报”，正统的神农本草比不上李时珍的本草纲目，所以，不知道中医的未来在哪里，您是倪师的嫡传，是大医，也许在您的角度上能切切实实为传统中医的复兴起到很大的推动作用，作为后辈的我们定当不懈努力，为传统的中医文化复兴付出自己的力所能及的作用。</p>",
      "level": 0,
      "highlight": false,
      "children": [
        {
          "id": "d727d835c84a2e4c277d6be804e3c472",
          "author": "andy",
          "time": "2017年02月11日 21:08",
          "content": "<p>謝謝你的鼓勵與支持。</p>",
          "level": 1,
          "highlight": true,
          "children": []
        }
      ]
    },
    {
      "id": "77d5d474c18f1ed9bf1cb0e30875d245",
      "author": "搁浅",
      "time": "2017年02月11日 06:08",
      "content": "<p>另外，李医师，看到您很有心的想帮助国内的很多病患，但是基于地理条件的限制，如果阳气诊所能采取远程视讯，会很大程度的帮助很多很多国内的病人解除疾苦，最起码会比国内的温病派效如桴鼓，但是即使您开出再好的药方，您始终无法决定您开出的药方能真真正正的在病人身上得到应验，所以，作为晚辈，希望您能在国内有您的“药房”。运筹帷幄于千里之外，我想现在的科技定能做到。</p>",
      "level": 0,
      "highlight": false,
      "children": []
    },
    {
      "id": "db0a9b75ddb9cd5b35805a08dd9ca6e0",
      "author": "Lily",
      "time": "2017年02月13日 12:22",
      "content": "<p>李医师,<br/>\n您好!</p>\n<p>请问, 新加坡有你知道的经方中医师吗?</p>\n<p>虽然明白问得让你有些为难,还是斗胆问一下.多谢!</p>",
      "level": 0,
      "highlight": false,
      "children": [
        {
          "id": "4e46975803d0ee6127b3a71a94eaed31",
          "author": "andy",
          "time": "2017年02月23日 15:21",
          "content": "<p>你可以試一試倪海厦老師在各地的學生，網上可以查的到。</p>",
          "level": 1,
          "highlight": true,
          "children": []
        }
      ]
    },
    {
      "id": "2f6caa0b209cb610b1c499dc1cf057ab",
      "author": "王彦强",
      "time": "2017年11月12日 05:42",
      "content": "<p>在大陆可以买到生半夏的，叫净半夏药房会买的只是附子需要医师签字。</p>",
      "level": 0,
      "highlight": false,
      "children": [
        {
          "id": "688f45bd48323022370ee3a1ad9fdb63",
          "author": "Jonson Gu",
          "time": "2017年11月13日 15:30",
          "content": "<p>生半夏  乌头 生附子  炮附子  天雄  麻黄 细辛-这些药房买不到，淘宝上不敢挂出来的，俺都备足了，有个朋友 把乌头蜜都做好了。大陆的病患 迷信大医院，大名医–但不知道他们到底救活过多少人。不去管它了，自学倪师的经方，自己医疗自己 足够了。</p>",
          "level": 1,
          "highlight": false,
          "children": [
            {
              "id": "9fe2eb3396d63340c71280248f91d28e",
              "author": "王彦强",
              "time": "2017年11月14日 04:22",
              "content": "<p>请问师兄这些药从哪能买到呀？我一直认为清半夏就是生半夏。我在一个私人诊所见过生附子。</p>",
              "level": 2,
              "highlight": false,
              "children": [
                {
                  "id": "f32a8d33fa234e4d60dfa033439e904c",
                  "author": "Jonson Gu",
                  "time": "2017年11月15日 03:25",
                  "content": "<p>蜀香源经方药材铺  淘宝</p>",
                  "level": 3,
                  "highlight": false,
                  "children": [
                    {
                      "id": "86e94aa733ccd6dfa6f7779f985f9ff2",
                      "author": "王彦强",
                      "time": "2017年11月16日 04:20",
                      "content": "<p>谢谢！</p>",
                      "level": 4,
                      "highlight": false,
                      "children": []
                    },
                    {
                      "id": "e50e275f0981ee92466b8b70e2e8604a",
                      "author": "Asher Lam",
                      "time": "2019年02月16日 12:48",
                      "content": "<p>你好，Jonson，一直寻找内地卖生附子生半夏生硫磺的药材铺，刚看到你提供的店铺，满心欢喜的去搜了一下，但没显示该店铺，估计关点了，请问还有别的途径买得到生附生半夏吗？</p>",
                      "level": 4,
                      "highlight": false,
                      "children": []
                    },
                    {
                      "id": "4916d5b50efcab4034569645f6a5903a",
                      "author": "李易楷",
                      "time": "2019年10月15日 22:07",
                      "content": "<p>蒙熙臣道地藥材批發</p>",
                      "level": 4,
                      "highlight": false,
                      "children": []
                    }
                  ]
                }
              ]
            }
          ]
        }
      ]
    },
    {
      "id": "95e9319e406daec124158d6fa5b17ba6",
      "author": "王半夏",
      "time": "2023年12月05日 22:27",
      "content": "<p>有无硫的生半夏 微 ……</p>",
      "level": 0,
      "highlight": false,
      "children": [
        {
          "id": "b0b4743e3e8b8acd1bf9103c8ddc4128",
          "author": "李宗恩",
          "time": "2023年12月06日 06:50",
          "content": "<p>不要在這裡打廣告。</p>",
          "level": 1,
          "highlight": true,
          "children": []
        }
      ]
    },
    {
      "id": "458a3a5dfe140a324a3f38b4856f87ea",
      "author": "Roxas",
      "time": "2023年12月09日 21:02",
      "content": "<p>李医师，有一个问题想诚心向您请教：经方中的半夏是旱半夏还是水半夏？<br/>\n1. 大陆现在网络上销售的半夏几乎全部都是旱半夏，是种在土里面的，<br/>\n但倪师在讲本经的时候提到“半夏是生在水中的，所以去水能力强”，这个点一直有些困扰我。<br/>\n2. 还有一点是倪师在本经中讲到“半夏无色无味”，但大陆售卖的旱半夏都有一股奶香的清香喂，不难闻，但它是有一股味道散发出来的。<br/>\n这个问题困扰我很久，所以想请教李医师，经方中的半夏是生在土里的旱半夏还是水半夏？<br/>\nps：旱半夏指天南星科半夏属，水半夏指天南星科犁头尖属，又称鞭檐犁头尖块茎。</p>",
      "level": 0,
      "highlight": false,
      "children": [
        {
          "id": "a14a5407c5e179f488f15931e16db39b",
          "author": "李宗恩",
          "time": "2023年12月10日 17:51",
          "content": "<p>應該是旱半夏，水半夏功用不太一樣。另外，留言不要一直按，你留了好幾次同樣的留言，明明告訴你留言得審核通過，你卻急急躁躁一直按，這樣做學問如何做好。</p>",
          "level": 1,
          "highlight": true,
          "children": [
            {
              "id": "09a69716800d2e32b87a19e89d47bf7e",
              "author": "Roxas",
              "time": "2023年12月10日 21:18",
              "content": "<p>实在抱歉李医师，因为刷新页面后评论消失了我以为是什么原因导致评论没了，哈哈，实在抱歉，第一次用不太了解给您添麻烦了。我了解了李医师，感谢您的解答</p>",
              "level": 2,
              "highlight": false,
              "children": []
            }
          ]
        }
      ]
    },
    {
      "id": "2e7ee50b044308cfe03295c7299a3dc6",
      "author": "小波",
      "time": "2025年04月25日 01:42",
      "content": "<p>醫師您好<br/>\n最近發現了種植山藥的盆栽中長出”土半夏” ，又叫梨頭草，他與半夏的根塊形狀不同，半夏是偏圓形，土半夏偏錐形，葉子完全找的不同，我查找了一下網路藥典和資料，土半夏也具有以下療效，https://cloudtcm.com/herb/10583。 但只有一個網站提到了他的炮製法與半夏相同，就是我貼的這個網站。然後我參考了其他網站的半夏製法，https://www.taiwan-pharma.org.tw/magazine/122/010.pdf，我先洗淨去皮後，泡水，去皮後根塊確實滑滑的，但做完這個步驟之後，到根塊的手，有產生針刺般的刺痛感，持續時間到1小時還有，所以想說嗨是看看能不能找到人請問一下土半夏是否也可以用半夏的方法炮製使用，由於之前早晚會有次數剁的咳嗽，並喉嚨深處有白痰，早上有努力的把它咳出來後就比較不會咳嗽，然後吃了長備感冒中藥(可能是板藍根，牛蒡子，浙貝，枇杷葉等，看症狀選用)+金桔葉(這一次這種咳嗽，喉嚨癢，一直咳，但也沒發展成感冒，生用金桔葉時的鎮咳效果非常好，吃了兩天，一天一碗，就好了八成)以往沒有得過這種咳嗽。 然後由於今天發現了土半夏，查了藥用，一時覺得有趣，也想吃看看是不是對於早上睡起來會產生的透明白痰，有泡泡，會有療效，才想自己製作。但是現在發現刺激性比想像中的還要強，所以想請問李師傅，請問你知不知道土半夏能不能也用半夏的炮製方式藥用呢? 其實我拔起來的土半夏根塊數量也不多，約10克以下。 如果你能給我一些建議，會非常感謝。</p>",
      "level": 0,
      "highlight": false,
      "children": [
        {
          "id": "4a99b8d309e3bb47f06340e41efb51b5",
          "author": "李宗恩",
          "time": "2025年04月27日 18:53",
          "content": "<p>我不清楚，得研究一下。</p>",
          "level": 1,
          "highlight": true,
          "children": []
        }
      ]
    }
  ],
  "page": 40,
  "order": 6,
  "filename": "data\\page40\\page40_order5_8243d736353ca5f9b0b048908d1e198f.json",
  "timestamp": 1746676982.1663904
}