{
  "article_url": "https://andylee.pro/wp/?p=4241",
  "title": "FM 96.1 : 春季過敏異常嚴重，如何應付？",
  "content": "<!--[if lt IE 9]><script>document.createElement('audio');</script><![endif]-->\n<audio class=\"wp-audio-shortcode\" controls=\"controls\" id=\"audio-4241-1\" preload=\"none\" style=\"width: 100%;\"><source src=\"https://andylee.pro/wp/wp-content/uploads/2017/04/drcase-20170404-510-538pm-25m27s_converted.mp3?_=1\" type=\"audio/mpeg\"/><a href=\"https://andylee.pro/wp/wp-content/uploads/2017/04/drcase-20170404-510-538pm-25m27s_converted.mp3\">https://andylee.pro/wp/wp-content/uploads/2017/04/drcase-20170404-510-538pm-25m27s_converted.mp3</a></audio>\n<p>加州大旱四、五年後迎來了雨水充盈的二零一七年，各處競相開放的鮮花給不少矽谷人士帶來了特別嚴重的花粉過敏證。從診所接待的病人來看，花粉過敏症狀大致可以分為兩類：</p>\n<p>（一）常見的鼻塞、流鼻涕、打噴嚏、眼睛癢</p>\n<p>（二）全身發疹子。有些病人嚴重到送急診，西醫給Phenylephrine，三個小時後將症狀暫時壓制住，但不久又會發作。診所一位老年婦女，疹子發得很嚴重，又紅又腫，還有像水痘一樣有黃色的膿頭，破掉流膿，送急診後住院十一天，醫院檢查不出個所以然，繼而來陽氣求診。中藥治療，見效很快，又易治本。</p>\n<p>中醫認為這兩種症狀與身體的濕有關。第一種是鼻腔濕重，不敵異物外侵，便有花粉過敏的現象。 第二種是濕在皮表，再加上病人肝臟的解毒功能較差，疹子就發到全身，例如帶狀性皰疹Shingles 或者Herpes，人健康時病毒潛伏在脊椎裡， 常發病於身體健康狀況欠佳的六十五歲以上老人身上。</p>\n<p>有些人覺得自己並無花粉熱現象，可是成天覺得很累，因為衛氣的防禦能力下降，脾氣先虛，脾主濕，人就會覺得累重，這些症狀和花粉與季節的變化都有關係。</p>\n<p>那麼如何治療脾濕呢？脾與三焦水道有關係，勉強可以理解成西醫的淋巴系統。 我們可以先判斷自己有沒有水腫：按按小腿脛骨面，若觸感有像黏土一樣的感覺，就說明有水腫了，特別是接近腳踝的地方水腫會很明顯，若水腫到小腿的一半，就算嚴重了，若是水腫到膝蓋就非常嚴重了。此時還未發過敏的水腫病人要警惕了，與過敏相關的疾病在他們身上發生的可能性很大。早晚的體重會相差三磅的人也需小心了， 只有水才會來去這麼快，這說明此人身體的水的疏泄發生問題了。</p>\n<p>熱線電話一：</p>\n<p>張女士：五個星期前感冒發燒咳嗽，感冒老早已好，咳嗽卻一直沒好，感覺鼻子塞塞的，鼻子的分泌物流到喉嚨刺激喉嚨，西醫說有可能是過敏。</p>\n<p>李醫師：這不僅是過敏的問題，通常還是感冒或是肺炎用抗生素治療後殘留的尾巴。吃抗生素可以減少細菌的數量，這樣我們的白血球才有餘力對抗病毒。吃抗生素只是將病毒的現象壓制住，並沒有把肺寒和痰飲完全去除，病人的肺家（包括支氣管、鼻腔等）還有問題。此時若是誘發過敏的環境存在或是不小心二次感冒，病人就很容易出現過敏症狀，西醫認為是免疫系統的混亂，中醫認為這是濕的表現。通常，華人主要表現為寒濕，肺寒沒有完全去除，導致卡在喉嚨裡薄薄的氣滯痰飲，西醫檢查不出來便冠之以病名「精神官能症」。鼻水倒灌、梅核症，都是因為感冒或肺炎沒有完全恢復。 中醫治療要祛濕祛痰，清鼻涕說明寒比較重，黃鼻涕說明鼻腔轉熱，但鼻腔轉熱並不代表肺轉熱，醫生要判斷哪邊寒哪邊熱。拖下去會變成西醫說的慢性咽喉支氣管炎、無菌式肺炎，甚至 會拖成哮喘，需要常年使用噴霧劑。女性和小孩比較容易得到，中醫徹底醫治並不困難。</p>\n<p>那如何祛濕祛寒呢？</p>\n<p>白術 、茯苓、豬苓、澤瀉、杏仁、薏仁、夏天吃綠豆湯都有效用。濕是一個表象，造成濕的原因也許有一百種，但是濕在哪裏？比如濕在關節裡而導致關節炎痛風，用藥就很不一樣。全身皮膚過敏（比如被tick咬了）就不僅是皮表濕的問題，可以認為是血毒在全身跑，加上病人的肝的解毒能力不好，就會發生身上長疹子，簡單的五苓散粉劑就能治療，讓水道通暢，加上「三黃」黃連、黃芩、黃柏解毒，黃連走血道，黃芩偏肝、黃柏偏大小腸。</p>\n<p><em>感謝駐足，祝您身體健康！</em></p>\n<p><strong>（語音檔案由FM96.1電台提供，文章摘錄自語音檔案內容，部分文字略有異同，敬請見諒。）</strong></p>",
  "article_time": "2017年04月04日 01:41",
  "comments": [
    {
      "id": "39ce7dcc354df28ae15ea93a9a4c9ecd",
      "author": "罗一天",
      "time": "2017年05月14日 07:52",
      "content": "<p>Dr Lee，哮喘中医能根治吗？我有个亲戚得过敏性哮喘有8年了，天气变化就咳嗽、喷嚏很厉害，试了无数的西药、中药都没效果。前段时间听说天津有个民间中医能治哮喘，而且还包治好，提前和患者签“治不好退款协议”。说真的，有点不敢相信，但又忍不住想试试，挺矛盾的。从您的专业角度看，哮喘中医能够根治吗？谢谢！</p>",
      "level": 0,
      "highlight": false,
      "children": [
        {
          "id": "12de32dd75ed45b58b4e22f316199721",
          "author": "andy",
          "time": "2017年05月14日 09:55",
          "content": "<p>中醫可以治療哮喘，但是，中國大陸很多騙人的假中醫，所以，我不知道你們找到的這位是什麼情況。</p>",
          "level": 1,
          "highlight": true,
          "children": [
            {
              "id": "2c3631dd4d1a359c71165d4bf0a94754",
              "author": "罗一天",
              "time": "2017年05月15日 01:42",
              "content": "<p>谢谢Dr Lee！“可以治疗“是多么友好的词语啊，但是我们这些患者多么渴望听到”能够治愈“或者”能够改善“。我们也去看过一些著名大医院的西医：问他是什么原因造成的？他们回答说”不清楚“。“那你怎么治疗？“”我们都是凭经验治！“结果可想而知。因为您的工程背景，所以您说话比较严谨。我可以这样理解您的话吗：1.中医可以治愈哮喘，2.水平高的中医能治愈哮喘，水平差的不行，3.西医治不好哮喘。再次感谢您的答复！</p>",
              "level": 2,
              "highlight": false,
              "children": [
                {
                  "id": "b38748c1354f16394e8999c8badd7f88",
                  "author": "andy",
                  "time": "2017年05月15日 12:35",
                  "content": "<p>「哮喘」是一個症狀表現，不是一個病因，病因可以有很多種，雖然我治好過不少西醫所謂的哮喘病人，那不代表我可以預知下一個哮喘病人會是怎麼一個情況，即時通常我的把握度還不錯，也無法「保證治癒」，畢竟沒有人知道有沒有更奇特的病因也導致所謂的哮喘現象。西醫沒有「治療」哮喘，只是用藥物壓制現象。</p>",
                  "level": 3,
                  "highlight": true,
                  "children": [
                    {
                      "id": "d12184131c2ba5a3f537f3e1f4010e3b",
                      "author": "罗一天",
                      "time": "2017年05月15日 23:08",
                      "content": "<p>谢谢Dr Lee！西医没有“治疗“疾病，这个词用得真好！那些坐诊的所谓“主任医生”或“副主任医生”基本都是卖药为主，为了回扣是一方面，另一方面，他们的确难有作为。我也认识个别好的西医医生，他们的确希望帮助病人解决问题，但是却无能为力。这也是西医最大的诟病：说起来很科学，病都没治好，或者说根本不会治。所以西医的一些精英写的”无效的医疗”和”一个医学叛逆者的自白”会引起那么大的反思。美国调查发现很多医生不给自己的孩子打疫苗，得了癌症也不做放疗化疗和手术（听说小布什的医生也是这个观点）。所以西医也知道自己的问题。中医的作用我们还是深有体会到的，我自己也自学针灸，曾经帮到3个亲戚。有一个在乡下的，背痛得走不了路，常看书上有“腰背委中求”这一句，就叫她去扎“旱针”（老家把针灸叫旱针）。结果儿子扶着去，扎了2针后，自己走回来，后来又去扎了一次，已经几年了，都没复发过。我感觉您是很厉害的中医，但是因为临床的数据还不够，所以您还比较谦虚。反过来说：因为您的结论没有所谓大数据的支持，别人容易反驳。如果您在哮喘上有个三百或五百个案例。数据一摆，任何西医都不会再质疑。而且，基于这些数据，您自己心里也会对各种病更加有底：中医到底能做到60%治愈还是80%治愈。一点点建议，希望没有冒犯您！</p>",
                      "level": 4,
                      "highlight": false,
                      "children": []
                    },
                    {
                      "id": "9e3fb41766362670293b38bb42223977",
                      "author": "andy",
                      "time": "2017年05月16日 13:56",
                      "content": "<p>我們有統計數據，也不斷追蹤病人後來幾年的情況，我在公開演講時討論過「治癒率」幾次，你大概沒看到。基本上，非癌症類，90%以上， 哮喘類更高，而我的病人，很多是其他中西醫治不好的情況下來看診的。癌症類，我們至少幫病人活得比腫瘤科西醫預估的久，生活品質也比一般西醫治療的病人好很多，然而癌症很複雜，雖然我有些癌末的病人還一直存活下來，但是每一個案例有其特殊的原因，不能當成通例。</p>",
                      "level": 4,
                      "highlight": true,
                      "children": []
                    }
                  ]
                }
              ]
            },
            {
              "id": "96a1d4f8f70abc2a374657cfa5c9751e",
              "author": "罗一天",
              "time": "2017年06月17日 23:48",
              "content": "<p>Dr Lee,您好！我们后来去天津找了这个传说中的民间中医，他在当地的名声不算很大，附近住的人也有的不知道他很会治哮喘，可能跟他开全科诊所，别的病治愈率不高有关。他开的处方用了十来味药，病人人吃了效果比较好，结膜炎一周就退了，鼻子也是一周后就通了，鼻涕一天也就1～2次，服药四周咳嗽从早上起床后十多次，降为1-2次，现在唯一的问题就是早上的痰还比较多，每天早上这段总要4-5次，其它时段基本没有，这个比治疗前也改善很多，感觉是收尾可能有点问题。我们电话过去问，医生说还是原方继续服用。方子中开的苍耳子 20克，细辛12克，穿山甲15克，白术辛夷荆芥和连翘各10克，还有地龙全蝎等，想请教这个方子用久了会不会对身体产生坏的影响。咨询了我们这边抓药的一个老药师，说是对苍耳和细辛有点担心，所以想听您的专业建议，谢谢！</p>",
              "level": 2,
              "highlight": false,
              "children": [
                {
                  "id": "bfaca87b31719342533726235add26c2",
                  "author": "andy",
                  "time": "2017年06月19日 11:43",
                  "content": "<p>只要是對證，這幾味中藥都沒什麼問題，當然，不能在沒有醫師的指導下，自己一直服用這幾味中藥。</p>",
                  "level": 3,
                  "highlight": true,
                  "children": []
                }
              ]
            }
          ]
        }
      ]
    },
    {
      "id": "98dbcd383210972341e6946b54ffaa3a",
      "author": "罗一天",
      "time": "2017年05月17日 05:31",
      "content": "<p>看到您充满自信的回答，替酒泉之下的倪师高兴，没有辜负他老人家对您的期望。历史上看历代名医的弟子，基本都是能继承师傅8成功力就难能可贵了。我知道的只有写“石室秘录“的陈世铎和著“脾胃论”的李东垣超过他们的师傅。我以前看了您的很多信息，感觉您似乎到处在作秀：经常出席这个研究，那个论坛，忙着教这个班，那个班，必然你用在钻研医学的时间和精力都没那么充足。所以有点替您捏着一把汗。倪师成名前都不怎么参加社交活动的，所以他才能博览群书，集众家之长与一身。所以您还有很长的路要走！复兴中医不会一夜之间到来，但这一天迟早会到来，大家总有一天会本着科学的态度来审视对待正确的医学。我们要做的事除了一点点的助力之外，更多的是要磨好自己的“屠龙宝刀”，等机缘一到，一鸣惊人，服务全人类！中国大陆也有很多有志青年在朝这个方向努力，您并不孤独！谨与您共勉！</p>",
      "level": 0,
      "highlight": false,
      "children": [
        {
          "id": "877e1b9e2e1500c69b0b8e7c4e17b54c",
          "author": "ieitZYB",
          "time": "2017年05月17日 22:11",
          "content": "<p>你没看倪师DVD，不知多少次有说“…你们起点就是我…”</p>",
          "level": 1,
          "highlight": false,
          "children": []
        },
        {
          "id": "79b128acc49835cc28090536a038b7d6",
          "author": "andy",
          "time": "2017年05月17日 23:03",
          "content": "<p>老師要我做的事，包括傳承與推廣。你只「看到」你看到的事情，而不能「看到」你沒有看到的事情，這個盲點對想學中醫的人是不利的。不過，還是謝謝你的鼓勵與支持！</p>",
          "level": 1,
          "highlight": true,
          "children": [
            {
              "id": "2b8cec49f4f46c76b8888f3647bcb1fe",
              "author": "罗一天",
              "time": "2017年05月18日 06:28",
              "content": "<p>我要为使用“作秀”这种刻薄词语向您道歉！请原谅！90%的治愈率已经说明了一切。但我还是有个问题，希望得到您从心底发出的声音。假设二选一的话，您认为自己在“传承”上会有更大的成就，还是在“推广“上有更大的成就呢？</p>",
              "level": 2,
              "highlight": false,
              "children": [
                {
                  "id": "2a6d0943a214be4d7c7356e1740ff742",
                  "author": "andy",
                  "time": "2017年05月18日 10:22",
                  "content": "<p>你的人生觀有侷限，為什麼需要二選一呢？這是現代教育下，上班族的通病。古有出將入相，在外帶兵，在內治國，現實生活中，許多人一生成就了很多事，譬如同時是一流的物理學家、小提琴家、創業家等等，如果你頭腦裡一直想著兩個要選哪一個，那你當然就沒有機會成就兩個。</p>",
                  "level": 3,
                  "highlight": true,
                  "children": [
                    {
                      "id": "3a0c9c16c67c6c98b3673c26a83e3562",
                      "author": "罗一天",
                      "time": "2017年05月22日 15:32",
                      "content": "<p>谢谢指教！这几天把您的博客读完了，但是没找到谈“治愈率”的地方，请问您谈“治愈率”的演讲在哪里可以看到？</p>",
                      "level": 4,
                      "highlight": false,
                      "children": []
                    },
                    {
                      "id": "c4e39cacd4e35c6827ad0434f08fd1e1",
                      "author": "andy",
                      "time": "2017年05月22日 15:53",
                      "content": "<p>2015年台灣工研院演講及以後的大型演講都有提到，看來你沒有看演講視頻。</p>",
                      "level": 4,
                      "highlight": true,
                      "children": []
                    },
                    {
                      "id": "87fda25bc89fe18304cc8eaa99f7d6e7",
                      "author": "IvyKuo",
                      "time": "2017年06月25日 23:03",
                      "content": "<p>您一句「出將入相」點醒了我，讓我在害怕結果不如預期或想太多而躊躇不前時，勇敢邁出第一步。<br/>\n或許隨著年紀的增長，旁人所做出的過度消極保守評論，真的會影響自己的行動力。<br/>\n感謝！</p>",
                      "level": 4,
                      "highlight": false,
                      "children": []
                    },
                    {
                      "id": "94110ba015119c56e3d8f841f9f8d69f",
                      "author": "andy",
                      "time": "2017年07月04日 18:42",
                      "content": "<p>你的躊躇是很正常的，凡事有了掙扎，才有了真的動力，才能克服困難而達到理想。</p>",
                      "level": 4,
                      "highlight": true,
                      "children": []
                    }
                  ]
                }
              ]
            }
          ]
        }
      ]
    },
    {
      "id": "f78c35f7be22ae72e2fa7e19e3aa6a5d",
      "author": "魯豆腐",
      "time": "2017年05月17日 23:59",
      "content": "<p>Dr.李，您應該可以請助理把值得回覆的留言貼上，不值得費心的爭論留言就刪除，以免浪費時間與生命，如倪師所說，時間要用在多救信任中醫經方者身上，把不值得您浪費時間者擋掉，以利板面清淨</p>",
      "level": 0,
      "highlight": false,
      "children": [
        {
          "id": "8d7b9f46bc814c20ddfd0f8b142d062f",
          "author": "andy",
          "time": "2017年05月18日 10:09",
          "content": "<p>還好，只要不是惡意就無妨，謝謝你的關心。</p>",
          "level": 1,
          "highlight": true,
          "children": []
        }
      ]
    },
    {
      "id": "fdf27b9783e4025404abe1fc5126afd1",
      "author": "山林霧靄",
      "time": "2018年03月29日 21:49",
      "content": "<p>老師請教你，濕疹或者皮膚上的疹子常常都會對稱地出現在身體上嗎？如果是，為什麼呢？</p>",
      "level": 0,
      "highlight": false,
      "children": [
        {
          "id": "f85f49066488ed2e973075b481daee1b",
          "author": "andy",
          "time": "2018年04月06日 10:09",
          "content": "<p>得看情況，譬如如果是肝經濕熱下注而導致下半身的皮疹，那可能出現對稱，如果是對蟲咬而產生過敏的，那可能就不對稱。</p>",
          "level": 1,
          "highlight": true,
          "children": []
        }
      ]
    },
    {
      "id": "4c6de57d510363ece311893abd7c2529",
      "author": "山林雾霭",
      "time": "2018年04月08日 05:54",
      "content": "<p>谢谢老师！是由于经络的对称性吧，若是外因导致就可能不会。</p>",
      "level": 0,
      "highlight": false,
      "children": []
    },
    {
      "id": "485c967e1e92af85f9e9647ba1c46fc2",
      "author": "包兒",
      "time": "2020年12月28日 01:11",
      "content": "<p>請問李醫師，我觀察到周遭有些人在吃飯時，尤其是熱熱的火鍋類，<br/>\n比較會流鼻水，需要拿衛生紙擤鼻子<br/>\n這樣是否在望診中，符合鼻腔有濕重的症狀，所以不敵異物（熱、水蒸氣）外侵<br/>\n而鼻腔有濕，或許可以反敲回脾臟運化水的功能下降</p>",
      "level": 0,
      "highlight": false,
      "children": [
        {
          "id": "f6c6537fcdc6ef97b288b1a31bfbc6ec",
          "author": "李宗恩",
          "time": "2020年12月31日 17:42",
          "content": "<p>脾濕重會造成這樣的現象。</p>",
          "level": 1,
          "highlight": true,
          "children": []
        }
      ]
    },
    {
      "id": "c17a4935e9e19ad3b1e2985b71471112",
      "author": "包兒",
      "time": "2021年01月13日 04:45",
      "content": "<p>如果是天氣寒冷的鼻塞與流鼻水，除了鼻子寒濕外，跟脾濕重也有關係嗎？<br/>\n我在想天冷的狀況是不是可以從這裡判斷跟心臟火力不夠，或熱力傳導發生問題，所以讓其他內臟運行效率變差<br/>\n謝謝李醫師每次的回答，讓我可以觀察自己跟家人的身體症狀:)</p>",
      "level": 0,
      "highlight": false,
      "children": [
        {
          "id": "174b8114f2a4157f5ccf564fb7f1bcb5",
          "author": "李宗恩",
          "time": "2021年01月13日 15:20",
          "content": "<p>脾濕重可以導致天氣寒冷的鼻塞與流鼻水，而心臟弱也可以是一個原因，不是什麼症狀就是一個什麼原因，症狀只是外在的表現，我的新書有解釋。</p>",
          "level": 1,
          "highlight": true,
          "children": []
        }
      ]
    },
    {
      "id": "24f3317930a4a32a10c80d0f319eaac3",
      "author": "包兒",
      "time": "2021年01月13日 17:26",
      "content": "<p>鼻塞、流鼻水，這個是”一個症”<br/>\n而中醫需要蒐集更多更多的症，<br/>\n（天冷頻尿與手腳冰冷、冬季經期延後與手指末端乾粗與嘴唇乾、比一般人怕冷、舌頭顏色比夏天白一些、半夜身體會發熱、掉髮、白髮、左脇肋有氣滯感….更多）<br/>\n在詳細的主觀感受陳述完後，再透過望聞切診得到更多線索與比對</p>\n<p>眾多的”症”組合成”證”，並思考其中身體運行的脈絡，哪裡失去了平衡<br/>\n而在何時、何地失衡更加重<br/>\n再思考如何一步步將身體推回平衡</p>\n<p>請問我目前的理解正確嗎？</p>",
      "level": 0,
      "highlight": false,
      "children": [
        {
          "id": "c6ca663a38e4d3693296a374427c3333",
          "author": "李宗恩",
          "time": "2021年01月13日 17:32",
          "content": "<p>是的</p>",
          "level": 1,
          "highlight": true,
          "children": []
        }
      ]
    }
  ],
  "page": 40,
  "order": 2,
  "filename": "data\\page40\\page40_order1_12de32dd75ed45b58b4e22f316199721.json"
}