{
  "article_url": "https://andylee.pro/wp/?p=2922",
  "title": "第五届国际经方班 暨第十五期全国经方临床运用高级研修班通知",
  "content": "<p><a href=\"https://andylee.pro/wp/wp-content/uploads/2015/06/unnamed-2.jpg\"><img alt=\"unnamed-2\" class=\"size-full wp-image-2921 aligncenter\" decoding=\"async\" fetchpriority=\"high\" height=\"582\" sizes=\"(max-width: 640px) 100vw, 640px\" src=\"https://andylee.pro/wp/wp-content/uploads/2015/06/unnamed-2.jpg\" srcset=\"https://andylee.pro/wp/wp-content/uploads/2015/06/unnamed-2.jpg 640w, https://andylee.pro/wp/wp-content/uploads/2015/06/unnamed-2-300x273.jpg 300w\" width=\"640\"/></a></p>\n<p style=\"text-align: center;\"><strong>第五届国际经方班<strong>暨</strong></strong></p>\n<div>\n<p style=\"text-align: center;\"><strong>第十五期全国经方临床运用高级研修班通知</strong></p>\n<p style=\"text-align: center;\">中国 重庆</p>\n<p>广州中医药大学伤寒论学科系国家级重点学科——中医临床基础学科<wbr/>的组成部分，自1984年建立临床基地以来，<wbr/>突出经典与经方的临床运用，形成了鲜明的特色与优势。从1994<wbr/>年始，<wbr/>已成功举办了四届国际经方班及十四期全国经方运用高级研修班获广<wbr/>大学员普遍好评，成为享誉海内外的继续教育品牌项目（相关视频：<a href=\"http://www.gztcm.com.cn/jingfang\" target=\"_blank\"><wbr/>www.gztcm.com.cn/jingfang</a>）。<wbr/>为进一步拓宽经方运用思维途径，发掘经方治病潜力，<wbr/>分享名师临证心得，由广东省中医药学会、<wbr/>广州中医药大学第一附属医院主办，<wbr/>广州中医药大学附属重庆北碚中医院、香港中医骨伤学会、<wbr/>台湾财团法人张仲景文教基金会、新加坡中医师公会、<wbr/>马来西亚中医师公会等共同承办的国家级继续教育项目“国际经方班<wbr/>暨经方临床运用高级研修班”（项目编号: 2015291401115）将于重庆市开班。<wbr/>该班为国家级中医药继续教育项目，授予Ⅰ类学分12分。<wbr/>现将有关事项通知如下：</p>\n<p><strong>一、研修对象</strong></p>\n<p>海内外各中医院校教师、各医疗机构临床工作者、<wbr/>中医经方研究人员。</p>\n<p><strong>二、师资介绍</strong></p>\n<p>唐祖宣：国医大师，邓州市中医药管理局局长</p>\n<p>王庆国，北京中医药大学教授，博士生导师，973首席科学家</p>\n<p>仝小林：中国中医科学院教授，博士生导师，973首席科学家</p>\n<p>黃 煌：南京中医药大学教授，博士生导师</p>\n<p>刘力红：广西中医药大学教授，博士生导师</p>\n<p>熊继柏：湖南中医药大学教授，全国名中医</p>\n<p>刘方柏：四川省乐山市中医院主任医师，全国名中医</p>\n<p>李赛美：广州中医药大学教授，博士生导师</p>\n<p>门九章：山西中医学院教授，博士生导师</p>\n<p>万 鹏：广州中医药大学附属重庆北碚中医院教授，硕士生导师</p>\n<p>王 辉：广州中医药大学附属重庆北碚中医院教授</p>\n<p>金 伟：山东省中医药研究院脉学研究所所长，“金氏脉学”创始人</p>\n<p>张 芗：中国脊椎研究中心理事长，脊椎定位矫正法创始人</p>\n<p>吴中平：上海中医药大学副教授，硕士生导师</p>\n<p>颜 芳：广州中医药大学副教授，广东省中医院经典病房主任</p>\n<p>阮永队：东莞塘厦医院副主任医师，塘厦医院副院长</p>\n<p>赖荣年：台湾阳明大学传统医药学研究所助理教授</p>\n<p>罗明宇：台湾中医师同德医学会理事长，佳禾中医诊所院长</p>\n<p>谢 奇：马来西亚中医师公会总会长，马来西亚中医学院院长</p>\n<p>李宗恩：美国阳气诊所负者人，经方大师倪海厦学术传人</p>\n<p><strong>三、研修方式</strong></p>\n<p>集中授课、讲座与交流讨论相结合。</p>\n<p><strong>四、</strong> <strong>报到时间及地点</strong></p>\n<p>1.报到时间：2015年10月15日</p>\n<p>2.报到地点：重庆市北碚区海宇大酒店。</p>\n<p>3.住宿安排：（1）北碚区海宇大酒店，五星级，费用每人约20<wbr/>0元/日左右。（2）北碚区寄北酒店，费用每人约200元/日左<wbr/>右。（3）海旭花园酒店，费用每人约150元/日左右。（4）<wbr/>宜必思酒店，费用每人约100元/日左右。</p>\n<p><strong>五、会议时间及地址</strong></p>\n<p>2015年10月16日-19日，<wbr/>具体安排届时以文件形式发予各参会学员。</p>\n<p>会议地点：重庆市北碚区中医院城南本部学术报告厅</p>\n<p><strong>六、收费标准</strong></p>\n<p>报名费人民币1200元（含大会讲义、论文集、中英文出席证书、<wbr/>会议期间午餐）；2015年9月15日前汇款享受报名费8.3折<wbr/>优惠，即人民币1000元；<wbr/>参会学员均可获赠本期研修班定制精美礼品。</p>\n<p>缴费方式:（1）汇款方式：单位名称——重庆市北碚区中医院；<wbr/>银行账号——090201040001161；开户银行——<wbr/>农行北碚中山路分理处。汇款后，<wbr/>请将单据传真至会务组或者发短信通知会务组查收。（2）<wbr/>报到时现场缴费。</p>\n<p><strong>七、乘车路线指引：</strong>详见附件</p>\n<p><strong>八、联系人及联系方式</strong></p>\n<p>会务组：广州中医药大学附属重庆北碚中医院科教部 陈泉：<a href=\"tel:13399881671\" target=\"_blank\">13399881671</a>，陈亮亮：15823411483</p>\n<p>联系电话：（国际）<a href=\"tel:%2B86-23-60310618\" target=\"_blank\">+86-23-60310618</a>（国内）02\u001b<wbr/>3-60310618</p>\n<p>邮箱：<a href=\"mailto:442786512@qq.com\" target=\"_blank\">442786512@qq.com</a>。</p>\n<p>酒店联系电话：海宇大酒店（国际）<a href=\"tel:%2B86-23-63179999\" target=\"_blank\">+86-23-<wbr/>63179999</a>（国内）023-63179999。</p>\n<p style=\"text-align: right;\">广东省中医药学会仲景学说专业委员会</p>\n<p style=\"text-align: right;\">广州中医药大学第一附属医院</p>\n<p style=\"text-align: right;\">广州中医药大学附属重庆北碚中医院</p>\n<p style=\"text-align: left;\"><a href=\"https://andylee.pro/wp/wp-content/uploads/2015/06/unnamed-3.jpg\"><img alt=\"unnamed-3\" class=\"alignnone size-full wp-image-2919\" decoding=\"async\" height=\"640\" sizes=\"(max-width: 640px) 100vw, 640px\" src=\"https://andylee.pro/wp/wp-content/uploads/2015/06/unnamed-3.jpg\" srcset=\"https://andylee.pro/wp/wp-content/uploads/2015/06/unnamed-3.jpg 640w, https://andylee.pro/wp/wp-content/uploads/2015/06/unnamed-3-150x150.jpg 150w, https://andylee.pro/wp/wp-content/uploads/2015/06/unnamed-3-300x300.jpg 300w\" width=\"640\"/></a></p>\n<p style=\"text-align: left;\"><a href=\"https://andylee.pro/wp/wp-content/uploads/2015/06/unnamed.jpg\"><img alt=\"unnamed\" class=\"alignnone size-full wp-image-2920\" decoding=\"async\" height=\"427\" sizes=\"(max-width: 640px) 100vw, 640px\" src=\"https://andylee.pro/wp/wp-content/uploads/2015/06/unnamed.jpg\" srcset=\"https://andylee.pro/wp/wp-content/uploads/2015/06/unnamed.jpg 640w, https://andylee.pro/wp/wp-content/uploads/2015/06/unnamed-300x200.jpg 300w, https://andylee.pro/wp/wp-content/uploads/2015/06/unnamed-480x320.jpg 480w\" width=\"640\"/></a></p>\n<p style=\"text-align: left;\"> （国医大师邓铁涛教授与主办单位李赛美教授）</p>\n</div>",
  "article_time": "2015年06月26日 13:10",
  "comments": [
    {
      "id": "a27323675cc25fad712989de17268d76",
      "author": "頌豪",
      "time": "2015年10月15日 04:35",
      "content": "<p>Andy老師，奇待你的講座哦:)</p>",
      "level": 0,
      "highlight": false,
      "children": [
        {
          "id": "e330ffec7c2cd530e448d9e0c04ce0f0",
          "author": "andy",
          "time": "2015年10月16日 02:13",
          "content": "<p>謝謝，歡迎你在現場和我打招呼。 今天我沒有一直待在會場，主辦單位安排我去查病房教學看診。</p>",
          "level": 1,
          "highlight": true,
          "children": []
        }
      ]
    }
  ],
  "page": 53,
  "order": 6,
  "filename": "data\\page53\\page53_order5_d7e517da15cf04229d0846a45fb5c4ca.json"
}