{
  "article_url": "https://andylee.pro/wp/?p=2958",
  "title": "癌末病患化療 恐情況惡化",
  "content": "<p><strong>The New York Times：<a href=\"http://www.nytimes.com/2015/07/24/health/chemotherapy-may-worsen-end-of-life-quality-study-finds.html?_r=0\">Benefit of End-Stage Chemotherapy is Questioned</a></strong></p>\n<p>…. “It worsened quality of life for those that are relatively healthy, and those are the ones that the guidelines support treating,” said Dr. Charles D. Blanke, a medical oncologist at Oregon Health and Science University, who was not involved in the study. “Chemotherapy is supposed to either help people live better or help them live longer, and this study showed that chemotherapy did neither.” …..</p>\n<p><strong>世界日報 中文節錄轉譯：<a href=\"http://www.worldjournal.com/3349551/article-癌末病患化療-恐情況惡化/?ref=美國\">癌末病患化療 恐情況惡化</a></strong></p>\n<p>化療是治療癌症晚期患者的主要方法，但一項23日發布的研究顯示，化療有可能弊大於利。</p>\n<p>這項研究觀察了超過300名轉移性腫瘤患者，他們的惡性腫瘤已經從原發器官轉移至其他器官，更難治愈。其中，大約一半的患者接受了化療，也就是使用化學物質殺滅癌細胞，縮小腫瘤，但副作用包括身體虛弱、噁心、疲勞、神志不清、脫髮等。大多數病人是平均年齡為59歲的男性，他們的壽命平均只剩下四個月。</p>\n<p>這項研究的目的在於，在病人只剩下一點點壽命的情況下，尤其是生活還能夠自理的情況下，檢驗化療對病人生活的影響究竟是好是壞。根據醫護人員對病人身體和精神狀況的評估，研究者們發現化療並不能夠改善行將就木病人的生活品質。對於那些生活能夠基本自理的病人來說，化療讓他們的生活品質更加惡化。</p>\n<p>這項由康乃爾醫學院和紐約長老會醫院進行的研究指出，「不論病人的身體狀況如何，化療不僅不能給病人帶來好處，而且會讓那些身體狀況還不錯的病人更加虛弱。」研究建議：「對於癌症晚期病人進行的化療指導綱要需要修正，要承認化療對轉移性腫瘤患者有潛在的危害作用。」</p>\n<p>研究還指出，早在2012年，美國臨床腫瘤醫學會(American Society of Clinical Oncology)的一個專家小組就已經認為，「對於那些沒有明顯臨床症狀的病人，化療是運用最為廣泛、但也最浪費、最沒有必要的一種療法。」</p>\n<p>醫生有時會對癌症晚期患者使用化療，用以縮小那些可能造成疼痛的腫瘤，這種方法叫做姑息性化療。</p>\n<p><strong>評論：</strong></p>\n<p>臨床上，我看到的癌末病人還不少，從這些病人的經歷上可以很容易察覺末期化療往往是壞處遠大過好處。其實，很多年前開始，就斷斷續續有很多醫學研究認為，目前西醫的癌末治療方式是弊多於利。然而，臨床腫瘤科醫生（Oncologists）在「沒有其它辦法」下，不斷地把病人推向化療、放療、及各種標靶治療，把絕大多數的失敗怪罪於癌症太兇悍，把極少的成功案例無限放大宣傳，即使連西醫醫學研究都不斷提出警告，絕大多數的臨床腫瘤科醫生總是告訴癌末病人及家屬：「不然怎麼辦？什麼都不做，舉白旗等死嗎？」</p>\n<p>是的，就像這篇報導討論的研究結果，如果「舉白旗等死」比「癌末化療」對病人更加有利，臨床腫瘤科醫生就應該放手，讓病人安寧的、有尊嚴的走完人生，而不是把「無效而有傷害的治療」強壓在病人身上來「證明自己職業的重要性」。另一方面，我想很多常幫助癌末病人的中醫師也會同意，中醫至少可以提供癌末病人兩個幫助：（1）讓他們活得比一般癌症醫師認為的存活時間久一些，（2）讓他們的生活品質比一般西醫癌末治療好很多。在中西醫兩者相比之下，我想不出來為什麼一位「真正為病人好的」臨床腫瘤科醫生不推薦癌末病人試一試中醫治療，好的醫師和好的科學家一樣，重點不在證明自己是對的，而是大家共同找尋宇宙的真理，或者對病人最有利的治療方式。</p>",
  "article_time": "2015年07月24日 12:48",
  "comments": [
    {
      "id": "295ce96a33919a708132c8b530b227a0",
      "author": "Joy chen",
      "time": "2018年05月26日 21:51",
      "content": "<p>你好<br/>\n我的媽媽在上週被診斷出結腸癌四期轉移肝臟<br/>\n醫師也是建議我們先實施化療與標靶治療</p>\n<p>在經過多重考慮下，我們打算放棄西醫療法<br/>\n因為 在確診的這幾天 我們不停的翻閱醫療文獻<br/>\n我們想在媽媽現在精神、活動力都能自理的狀況下<br/>\n接受積極性的治療對媽媽並不是最好的選擇<br/>\n除了要接受化療所帶來的副作用<br/>\n還要關在醫院病房中<br/>\n失去了原有的生活品質</p>\n<p>接下來 我們想要用中醫療法<br/>\n目的不在放殺死癌細胞<br/>\n而是提高媽媽身體的抵抗力與免疫力</p>",
      "level": 0,
      "highlight": false,
      "children": [
        {
          "id": "8e40720d9b224235d5a9713c8d7b8507",
          "author": "andy",
          "time": "2018年05月30日 10:20",
          "content": "<p>這是一個需要勇氣的決定，也需要家人一致的認同及支持，祝福你們找到好的中醫師來幫助媽媽！</p>",
          "level": 1,
          "highlight": true,
          "children": []
        }
      ]
    },
    {
      "id": "f71d3bb20f16d0dba591b152db61ebb1",
      "author": "古中医爱好者",
      "time": "2020年05月21日 15:49",
      "content": "<p>李医师，您好。前些天与您分享了一位腹水开刀的女性病人的状况。其实西医的诊断书上问题蛮多的，从古中医的角度去看，是里寒太盛，过去一些年手脚都是冰冷的，才导致腹水的出现，症状就是《金匮要略》里写的，一模一样。也见过另外一位病人，照片拍过来看，男性，整个腹部膨胀，肚脐眼肿起凸出，脚踝络严重水肿，化疗后，3周就挂了。就是阴阳气不通。现在这位女性病人在手术前也是如此。十全大补汤喝完后，体力有恢复，睡眠改善很多。过去有的症状开始出现，胸紧，打不开，有刺痛感，有胸闷，就是《金匮要略》胸痹写的症状，2付汤方下去，病人自叙好很多。可惜的是医院打电话，家人逼迫去化疗，这是什么节奏？不知道西方投入那么多资金研究化疗，有没有经过化疗后让病人康复的案例？在几年前，朋友的妻子，同事的父亲，在经过化疗后三到四个月就挂了，这是事实。在中国大陆，西医院滥用化疗太多，基本上是把钱包掏空，把病人送进停尸房的节奏。这就是如同大陆政府讲的，健康医疗是大陆未来的支柱产业，西医院在执行这个产业。<br/>\n网络上认识一个广州中医药大学实习的学生，聊了下，很好玩。他很爱读医圣张仲景的伤寒杂病论，实习期间跟师–南派的中医师，他说《病人说他开的方比他师傅开的有效果》绝对的黑色幽默。他师傅也不管他了，很多古经方的草药，譬如炮附，细辛等，医院都不准开（是广州的三甲中医院哦。<br/>\n好了，大陆的西医院和中医院都是如此的节奏，唯有自学医圣张仲景的伤寒杂病论，才得救。</p>",
      "level": 0,
      "highlight": false,
      "children": [
        {
          "id": "bf27cb34e0d8cfc479ff94452c1e0c21",
          "author": "李宗恩",
          "time": "2020年05月21日 22:31",
          "content": "<p>謝謝你的分享，目前的中醫教育有很大的問題，導致中醫大學訓練出來的中醫師臨床看診療效有限，而坊間一堆自稱中醫大師，網路上到處宣傳及收錢授徒，卻也提不出幾個被充分驗證的真實臨床病例，絕大多數和最近「渾元太極大師」被一個業餘散打選手快速擊倒一樣，醫理及病例討論上破綻百出，只是一般大眾對缺乏中醫基本知識來判斷，民族文化自信心被華麗不實的言語給挑動了，盲目的成為那些「大師」的信徒。</p>",
          "level": 1,
          "highlight": true,
          "children": []
        }
      ]
    },
    {
      "id": "23cc21056cdb990c404c2a834c35e089",
      "author": "gordon",
      "time": "2020年05月25日 08:50",
      "content": "<p>李醫師，昨天看到水滴籌裏有病患的病名叫膿毒症，刷新認識，從症狀（寒戰，發熱，心慌，氣促，精神狀態改變等），請問您了解這個病嗎？這是什麼原因原因造成的？中醫治療思路是什麼？<br/>\n百度：https://www.baidu.com/bh/dict/ydxx_8436449157029811525?tab=%E5%B0%B1%E5%8C%BB&amp;title=%E8%84%93%E6%AF%92%E7%97%87&amp;contentid=ydxx_8436449157029811525&amp;sf_ref=dict_home&amp;from=dicta</p>",
      "level": 0,
      "highlight": false,
      "children": [
        {
          "id": "40a1154f0cbb5c3b19ac8e3fec445ece",
          "author": "李宗恩",
          "time": "2020年05月27日 09:20",
          "content": "<p>這樣討論意義不大，對於複雜的重症，沒有深入的中醫症狀紀錄，只憑西醫的簡單資訊來討論中醫病因，即使自圓其說也無法證實對錯。</p>",
          "level": 1,
          "highlight": true,
          "children": []
        }
      ]
    },
    {
      "id": "348a2b69aa9bc24bcac80d36f0f70811",
      "author": "黄浮云",
      "time": "2025年06月30日 23:56",
      "content": "<p>請教李醫生，對於早中期癌症，如果患者曾接受過西醫化療放療，是否會比未接受過西醫治療的更難治愈？</p>\n<p>有一些研究表明，癌細胞在化療放療作用下凋亡會産生一種“促腫瘤效應”，即使病情在西醫視角下已經緩解，但是還是可能會埋下日後劇烈複發的隱患。您也曾提到過類似説法。中醫講究辨証論治，但這不屬於証的範疇，請問有什麼思路避免因潛在的“促腫瘤效應”導致癌症複發？還是説隻要對症治療即可？</p>",
      "level": 0,
      "highlight": false,
      "children": [
        {
          "id": "481987acdc99078e333c621f893e618e",
          "author": "送你座帆船",
          "time": "2025年07月01日 20:24",
          "content": "<p>这依然属于证的范畴，化疗就是会伤害人体正常功能，不过至于伤害到哪里需要研究和病人的症状来体现</p>",
          "level": 1,
          "highlight": false,
          "children": []
        },
        {
          "id": "4825679b26e9997f190134b383b86d34",
          "author": "李宗恩",
          "time": "2025年07月06日 07:00",
          "content": "<p>你得先了解中醫如何解釋癌症，我以前討論過，你可以在網頁上查詢。</p>",
          "level": 1,
          "highlight": true,
          "children": []
        }
      ]
    }
  ],
  "page": 53,
  "order": 1,
  "filename": "data\\page53\\page53_order1_9c20d026acbcf1285fe06f72badc9c4f.json",
  "timestamp": 1753584177.5780845
}