{
  "article_url": "https://andylee.pro/wp/?p=2935",
  "title": "電視節目：《當張仲景遇上斯坦福》（一）從斯坦福走出來的中醫師",
  "content": "<p>https://www.youtube.com/watch?v=RxP6EdNn0nU</p>\n<p>電視台幫我製作的中醫節目開播了，TV38台每兩週播出新的一集，前一週週四晚間九點播出，下一週週二下午兩點半重播，詳細節目時間請參照電視台頻道節目表（<a href=\"http://www.ntdtv.com/xtr/gb/schedule_ch1sf.html\">http://www.ntdtv.com/xtr/gb/schedule_ch1sf.html</a>）。最方便的收看方式，是在YouTube上搜尋「當張仲景遇上斯坦福」（Stanford University中國翻譯為「斯坦福大學」，不像台灣翻譯為「史丹佛大學」），第一集主要在介紹我的背景，YouTube的連結為：<a href=\"https://www.youtube.com/watch?v=RxP6EdNn0nU\">https://www.youtube.com/watch?v=RxP6EdNn0nU</a>。</p>\n<p>這個節目的對象，是對中醫沒有什麼研究的一般大眾，所以，製作單位要我儘可能說得簡單一點。目前已經拍攝到第七集，如果有什麼建議，請留言給我。</p>",
  "article_time": "2015年06月29日 17:12",
  "comments": [
    {
      "id": "fa86d66f48b411a03a7401e9504b4273",
      "author": "8020",
      "time": "2015年06月30日 01:05",
      "content": "<p>李醫師在視頻末提到中了化學毒要用化學物來解未免長他人志氣了，不管外邪如何也包括現代發明的化學毒物傷害人體，人的身體反應還是離不開風、寒、暑、濕、燥、火等表現吧！人中了化學毒物的方式是會影響如何救治的：如吞服了毒物或被毒物刺傷，縱是西醫有相關的解毒劑也不容易救回吧！那麼要是吸入了毒氣可是並沒有相關的化學解毒劑西醫要如何救治？最後西醫也只能求助中醫來幫忙呢！</p>\n<p>轉貼一篇網上的帖子：</p>\n<p><a href=\"http://chuansong.me/n/1180324\" rel=\"nofollow ugc\">http://chuansong.me/n/1180324</a></p>\n<p>故事五：呼吸道中毒-小柴胡汤和小陷胸汤</p>\n<p>七十年代初，我们有些老师在河北东北部的一个城市办当地的西医学习中医班。当地有个工厂发生了火灾，许多有毒的化学物质弥漫在空气中。这个工厂的工人和救火人员60多个，吸入这种有毒物质，出现了中毒症状。</p>\n<p>这种有毒的物质很厉害，出现了呼吸道肺水肿、呼吸道黏膜水肿，食道黏膜、胃黏膜水肿，发烧。严重的病人昏迷，胸闷、胸痛、憋气。天津、唐山地区的大医院、北京协和医院的西医大夫，都到那儿去集中抢救。他们非常清楚是什么毒物引起的中毒。但是这种毒物没有特效解毒药，只好对证治疗，呼吸困难的就给氧，呕吐不能吃饭的就输液。对证治疗了两三天，所有的病人发热不退，胸闷、胸痛、憋气没得到缓解。</p>\n<p>后来他们听说，北京中医学院有中医老师在这里给西学中班讲课，就开了一辆非常破的吉普车去找我们。路上他们就介绍这次工厂失火，是一种什么什么毒物，很长的化学名字，中医书上没有记载。这种毒用什么中药来解毒，我也没听说过。我心想“这怎么办？给他们喝点甘草水，绿豆汤？这还不让人家西医抢救的专家们笑话：原来你们中医大夫，就用这种方法来解毒啊。”刘渡舟老师坐在旁边一言不发。</p>\n<p>这个工厂是一个保密工厂，所以它的病人都没有向远处医院转，也许来不及转，几乎所有病人就在当地抢救。搭了个大大的棚子，我们看了三四个病人，症状都是一样的。刘老师在我耳边说了两句话：“呕而发热者，小柴胡汤主之。正在心下，按之则痛，小陷胸汤主之”。</p>\n<p>我一下子就明白了。老师不就是提示用小柴胡汤和小陷胸汤合起来治疗吗？马上就开方：柴胡2000克，为什么呀，60个病人，2000克并不多吧，黄芩1000克，底下就是小柴胡汤和小陷胸汤的合方。拿民工做饭的大铁锅煮药。煮好之后，清醒的人都拿大碗灌，不清醒的人，就拿大的注射器往胃管里灌。</p>\n<p>轻的病人，当天呕吐停止了，发烧退了；昏迷最重的病人，第四天早晨清醒了，给我印象极其深刻。那个小伙子就在火灾的中心，所以他中毒最厉害。干净利索地抢救完这批病人，那个西医的负责人问我：“你们中医看病有咒语，还是有口诀呀？那天开方的时候，那个刘老师在你耳边口中念念有词，你们也没有进行更多的商量，你就把药写下来了，他口里念的什么呀？”“啊哈！他念得是《伤寒论》。”“你能不能给我再念两遍？”“‘呕而发热者，小柴胡汤主之’、‘正在心下，按之则痛，小陷胸汤主之。’”</p>\n<p>他说：“你给我写下来，这怎么能够体现这两个方子能够治疗这种化学毒物的中毒呢？”我说：“这方儿不能，但因为病人都有发热、呕吐；胸脘的疼痛而且有压痛；正在心下，按之则痛；而且他们的舌苔是黄厚而腻的，舌质是红的，所以这是个痰热阻滞胸中，阻滞胸脘的症状。”“中医老说我们西医大夫是头痛医头，脚痛医脚，对证治疗，你看你们不也是对着几个症状吗？”我说：“是啊，我们中医有时候也是对证治疗。”所以我们不要笑西医头痛医头，脚痛医脚。</p>\n<p>这个事情过去好些年，那个中毒最重、昏迷时间最长的、在火灾中心的那位小伙子，几乎每年的春节都去北京看刘老师，说刘老是他的再生父母。</p>",
      "level": 0,
      "highlight": false,
      "children": [
        {
          "id": "35b3f6b7278148007b5c599ca87f109b",
          "author": "andy",
          "time": "2015年06月30日 07:55",
          "content": "<p>謝謝指教。我的意思是，譬如軍事上使用的化學與生物化學武器，幾十秒中就可以讓人自主神經麻痺、呼吸道潰爛、皮膚糜爛等等，這種情況下，除了專門設計的「解毒劑」以外，沒有其它辦法能在幾十秒內停止這些化學與生物化學物質對人體的傷害，事後彌補是另外一回事，</p>",
          "level": 1,
          "highlight": true,
          "children": []
        },
        {
          "id": "582d925586ee6b3cef341a6f9997e4f6",
          "author": "8020",
          "time": "2015年07月01日 07:24",
          "content": "<p>李醫師言重了！旦凡遇上生物化學武器襲擊迅速而有效防護及治療方案是必不可少的，能夠快速注射的藥物成了必要的工具。李醫師對於＂自主神經麻痺、呼吸道潰爛、皮膚糜爛等等＂可有想法以中醫辨證來治療有關症狀？其中＂呼吸道潰爛＂跟上述事故不正是有相似之處？那麼＂自主神經麻痺、皮膚糜爛等＂又有甚麼想法呢！至此中醫在治療上也許之只差在劑型上的使用不足。</p>",
          "level": 1,
          "highlight": false,
          "children": [
            {
              "id": "62e99763030f10e6489b9c5556758be7",
              "author": "andy",
              "time": "2015年07月06日 19:12",
              "content": "<p>受到強烈的化學與生物化學物質破壞，如果沒有立刻導致死亡，事後有機會彌補的話，中醫確實可以幫忙許多，治療方式仍然是依照症狀辨證論治，譬如，某些熱結於胸使用到大陷胸湯，或者某些寒結於胸使用到三物小白散等等，得靠主治醫師的判斷。</p>",
              "level": 2,
              "highlight": true,
              "children": []
            }
          ]
        }
      ]
    },
    {
      "id": "648458363510ffb81fd01c73ba0adc0b",
      "author": "8020",
      "time": "2015年06月30日 02:04",
      "content": "<p>中毒的深淺及毒物會否即時致命以致搶救是否及時才是救治關鍵，現代的經方中醫在處理這些問題時相對於資源匱乏的年代應該更具優勢。只是目前社會重西醫輕中醫讓好的中醫缺少發揮的機會。</p>",
      "level": 0,
      "highlight": false,
      "children": []
    }
  ],
  "page": 53,
  "order": 6,
  "filename": "data\\page53\\page53_order5_ac51d7c9fc40b164d8efc75d8cb2d699.json"
}