{
  "article_url": "https://andylee.pro/wp/?p=2955",
  "title": "電視節目：《當張仲景遇上斯坦福》（三）中醫可以治療心理疾病？",
  "content": "<p><iframe allow=\"accelerometer; autoplay; clipboard-write; encrypted-media; gyroscope; picture-in-picture; web-share\" allowfullscreen=\"\" frameborder=\"0\" height=\"281\" referrerpolicy=\"strict-origin-when-cross-origin\" src=\"https://www.youtube.com/embed/mLjJscvlynw?feature=oembed\" title=\"《當張仲景遇上斯坦福》（三）中醫可以治療心理疾病？\" width=\"500\"></iframe></p>\n<p>電視直播時間，請參照電視台頻道節目表（<a href=\"http://www.ntdtv.com/xtr/gb/schedule_ch1sf.html\" rel=\"nofollow noopener noreferrer\" target=\"_blank\">http://www.ntdtv.com/xtr/gb/schedule_ch1sf.html</a>），電視台告訴我是每兩週播出新的一集，前一週週四晚間九點播出，下一週週二下午兩點半重播。不過，據我了解，有時候電視台會因需要而調度時間，最簡單的收看方式，是在YouTube上搜尋「當張仲景遇上斯坦福」。</p>",
  "article_time": "2015年07月23日 09:29",
  "comments": [
    {
      "id": "2e4adb478648460228fb034bac939b54",
      "author": "Alex",
      "time": "2015年08月07日 02:28",
      "content": "<p>請問李醫師</p>\n<p>中醫治療心理疾病，不必像西醫精神科一樣吃藥加上諮商師輔導，單純吃藥即可痊癒嗎?<br/>\n不是常有人說心病需要心藥醫，這是因為內臟運轉不平衡造成嗎~?</p>\n<p>隨著精神疾病時間越久，年紀越來越大，是否以中藥治療的時間需要越久？<br/>\n謝謝。</p>",
      "level": 0,
      "highlight": false,
      "children": [
        {
          "id": "65116d4f9065b2c688683fceabb390d0",
          "author": "andy",
          "time": "2015年08月07日 15:16",
          "content": "<p>很多心理問題，仍需要當事人自己想開，然而，當生理條件進步了，當事人會比以前容易面對與解決心理上的癥結，很多時候他們會開始意識到，原來的放不下的事，其實在人生中，也只是一個階段性的成長。神疾病時間越久，年紀越來越大，是否以中藥治療的時間需要越久？這倒不一定，還是得看個案來討論。</p>",
          "level": 1,
          "highlight": true,
          "children": []
        }
      ]
    }
  ],
  "page": 53,
  "order": 1,
  "filename": "data\\page52\\page52_order10_59b26141e6f55e19734c798b6b16ed59.json"
}