{
  "article_url": "https://andylee.pro/wp/?p=9804",
  "title": "一位病人的來函",
  "content": "<p>今天診所收到一位病人的來函：</p>\n<p>「老師，您好，我是xxx，我忍不住想問問你們當地的治安狀況，最近網上對美華人被襲的報導令人不安，我很擔憂，你們把我從中風的邊緣拉了回來，上次又….（病人隱私），我現在想為你們做些事情來回報。我的信用卡每月限額1384美元，可以一次支付，我請求你們把錢一次全部取出來，可以幫助你們買些生活用品和防身用品，減少不必要外出，確保人身安全，我還想建議你們盡快撤回台灣或者大陸居住一段時間，等情況穩定再說，你們身份特殊，需要被保護，醫生安全有保障，倪老師經方才能更好傳承，我和孩子情況穩定，暫時不需要看診，你們也需要被關愛，人身安全沒有保障，醫生怎能有心思看病呢？危難時刻，希望我能和你們共同面對，互相支持，請接受我的請求，謝謝！」</p>\n<p>非常謝謝這位病人的來函，我和診所同仁看了都很感動，這位病人的家境並不富裕，卻隔著太平洋來關心我們在美國的情況，希望把整個月的信用卡額度都給我們，讓我們每天幫助病人的同時，也感受到病人對我們的關愛！這樣的心意我們收下了，錢倒是請病人留給自己及家人。其實，診所陸陸續續接到不少人的詢問，他們希望捐錢給診所來推廣中醫，都被我一一婉拒了，畢竟目前還行有餘力，也有很多的中醫愛好者支持我們。雖然錢是個有力的工具，有心更重要，大家支持我們的心，就是對我們最大的關愛！感恩！</p>",
  "article_time": "2021年04月06日 21:09",
  "comments": [
    {
      "id": "86c077cb04590e0a130a712371f41ebe",
      "author": "陈钦薇",
      "time": "2021年04月08日 02:51",
      "content": "<p>您好，李医师！<br/>\n    我是位经方的爱好者和实践者，在中国的浙江瑞安，多年前承蒙倪师大爱，无私的将必生所学的经方无私授众，让我从一个中医小白，跟着恩师的课件一天天的成长，学习的过程中会给亲友诊断开方，基本都是效如桴鼓，从而让我对正统中医学更是至诚的“曲膝承载”。我也在国内走师承制，5年期满考中医证。<br/>\n    此次留言一是对您的敬仰，学习了倪师课件，却已无机会当面跪谢，也只能与您表达感恩和愧疚之情；二是想知道您收徒的条件。希望在您百忙中能有时间告知，万分感恩！</p>",
      "level": 0,
      "highlight": false,
      "children": [
        {
          "id": "5474d56ab57618fa58cb961595f81da2",
          "author": "李宗恩",
          "time": "2021年04月11日 17:47",
          "content": "<p>謝謝你的分享及支持！</p>",
          "level": 1,
          "highlight": true,
          "children": []
        }
      ]
    },
    {
      "id": "c75f342d7140a45b83e13376080f1e44",
      "author": "患者家属小易",
      "time": "2021年04月08日 03:50",
      "content": "<p>爱出者爱返，得民心者得天下，请李医师一定要好好保重，才能更好地引领大家传承经方，早日把经方发扬光大，拯救世人愚痴之心。</p>",
      "level": 0,
      "highlight": false,
      "children": [
        {
          "id": "ee46cdbebde0d0f74a6c970fb202a01d",
          "author": "李宗恩",
          "time": "2021年04月11日 17:48",
          "content": "<p>謝謝你的支持及愛護。</p>",
          "level": 1,
          "highlight": true,
          "children": []
        }
      ]
    },
    {
      "id": "e2b84bc292f27d75b2ac05df79fd5c57",
      "author": "Serena",
      "time": "2021年04月08日 14:38",
      "content": "<p>李医师您好，您和诊所同事一定要注意安全，您是我们全家人恩人，把我先生从洗肾的边缘拉了回来，能遇上您是我们一生最大的福气，洗肾真的不敢想象，一个家庭就完了。一直远程看诊都无法当面道谢。也感謝倪師，他的大愛讓無數人受益終生！衷心希望您和家人及诊所同事好人一生平安！</p>",
      "level": 0,
      "highlight": false,
      "children": [
        {
          "id": "6dceee3319f1e5eadf1685415f8decba",
          "author": "王风",
          "time": "2021年04月10日 18:54",
          "content": "<p>也是你自己能掌握自己命运的原因，不信中医，中医也救不了人</p>",
          "level": 1,
          "highlight": false,
          "children": []
        },
        {
          "id": "aadc98021936f5fa33117759fdcb4838",
          "author": "李宗恩",
          "time": "2021年04月11日 17:48",
          "content": "<p>謝謝你的支持及愛護。</p>",
          "level": 1,
          "highlight": true,
          "children": []
        }
      ]
    },
    {
      "id": "35e1b9d997beccacb16f6e241f7fcd4e",
      "author": "Vincent.Do",
      "time": "2021年04月09日 20:24",
      "content": "<p>真诚祝愿宗恩老师能够好人一生平安，多多指导后学，将真正的中医发扬光大！</p>",
      "level": 0,
      "highlight": false,
      "children": [
        {
          "id": "f37ab283d4de4e6a83a48008892bcf07",
          "author": "李宗恩",
          "time": "2021年04月11日 17:50",
          "content": "<p>謝謝你的祝福。</p>",
          "level": 1,
          "highlight": true,
          "children": []
        }
      ]
    },
    {
      "id": "e6996353e255cb0478618e7236196adc",
      "author": "旭吖",
      "time": "2021年04月21日 07:32",
      "content": "<p>李老师能否分享一下股骨头坏死的诊疗分享呢，万分感谢！我看到现在有很多人得这种病，前期都是预防为主，后期只有置换股骨头了，还有一种强直性脊柱炎合并到髋关节，髋关节融合后也要置换。对身心无比折磨。</p>",
      "level": 0,
      "highlight": false,
      "children": [
        {
          "id": "949a935290eca4d48da9754f7c30abcc",
          "author": "李宗恩",
          "time": "2021年04月27日 11:14",
          "content": "<p>有時間的話，可以來討論一下骨頭方面的多種問題。</p>",
          "level": 1,
          "highlight": true,
          "children": []
        }
      ]
    },
    {
      "id": "6fe35c96252ddbfcc6ee0f0f8299f9a5",
      "author": "送你座帆船",
      "time": "2024年03月28日 08:59",
      "content": "<p>李医师可以推荐一些关于人生哲学的书籍吗，您新书后面有一篇特别提到人生哲学我看了特别有感触</p>",
      "level": 0,
      "highlight": false,
      "children": [
        {
          "id": "3cb167baffcefe8a4a55ccd2a0bc7698",
          "author": "李宗恩",
          "time": "2024年04月11日 15:31",
          "content": "<p>同樣的問題，不要重複詢問。</p>",
          "level": 1,
          "highlight": true,
          "children": [
            {
              "id": "01924799d3eb7e7e38fa642281b75e5e",
              "author": "送你座帆船",
              "time": "2024年04月12日 10:49",
              "content": "<p>抱歉，因为好像我这浏览器出现了异常</p>",
              "level": 2,
              "highlight": false,
              "children": []
            }
          ]
        }
      ]
    },
    {
      "id": "a9b06eb968767df9dbdd60f9e2bd9224",
      "author": "黄子聪",
      "time": "2024年06月27日 08:35",
      "content": "<p>其实我好多次都想用文字去表达对李师的敬佩之情，但又怕写得太肉麻，所以好多次又咽回去了！最爱听李师讲中医没有之一，我个人受倪师启蒙正在一点一滴的学习中医，我心里对倪师是尊敬的！李师对中医的理解，更是深得倪师真传，我甚至觉得已经超过了倪师，我想倪师也很欣慰了！</p>",
      "level": 0,
      "highlight": false,
      "children": [
        {
          "id": "da7c53f5994aee1dfa83fbebea8f2b12",
          "author": "李宗恩",
          "time": "2024年06月27日 14:06",
          "content": "<p>謝謝你的支持及鼓勵！</p>",
          "level": 1,
          "highlight": true,
          "children": []
        }
      ]
    }
  ],
  "page": 16,
  "order": 3,
  "filename": "data\\page16\\page16_order2_c75f342d7140a45b83e13376080f1e44.json"
}