{
  "article_url": "https://andylee.pro/wp/?p=14035",
  "title": "太安私塾學生的分享（續）",
  "content": "<p>太安私塾的學生馬珺，在自己的網頁寫了另一篇文章，再度分享她到印尼上課的情況，在這裡轉載給大家。原文是簡體中文，這裡轉成繁體中文，喜歡閱讀簡體中文的讀者們，可以經由連結直接到馬珺的網頁閱讀。</p>\n<p>文章三：聽李宗恩醫生講陰陽：從一頭霧水到逐漸清明，那些我終於聽懂的關鍵解析 </p>\n<p><a href=\"https://mp.weixin.qq.com/s/SoOwDfIZyjORzzKdGu5YnQ\">https://mp.weixin.qq.com/s/SoOwDfIZyjORzzKdGu5YnQ</a></p>\n<p>蛻變日記第244天<br/>2025-6-17<br/>我用十年時間來完成這次蛻變，每一天都值得。</p>\n<p>繼續分享在李宗恩醫師的一日課程所學到的內容：</p>\n<figure class=\"wp-block-image size-large\"><a href=\"https://andylee.pro/wp/wp-content/uploads/2025/06/640-4.webp\"><img alt=\"\" class=\"wp-image-14013\" decoding=\"async\" fetchpriority=\"high\" height=\"682\" sizes=\"(max-width: 1024px) 100vw, 1024px\" src=\"https://andylee.pro/wp/wp-content/uploads/2025/06/640-4-1024x682.webp\" srcset=\"https://andylee.pro/wp/wp-content/uploads/2025/06/640-4-1024x682.webp 1024w, https://andylee.pro/wp/wp-content/uploads/2025/06/640-4-300x200.webp 300w, https://andylee.pro/wp/wp-content/uploads/2025/06/640-4-768x511.webp 768w, https://andylee.pro/wp/wp-content/uploads/2025/06/640-4-480x320.webp 480w, https://andylee.pro/wp/wp-content/uploads/2025/06/640-4.webp 1080w\" width=\"1024\"/></a></figure>\n<p>這一次，輪到李醫生反問我們了：“首先，我想問你們，什麼叫陰，什麼叫陽？”</p>\n<p>我們沒有說話，這確實是耳熟能詳，卻總覺得模模糊糊的一個概念，所以我們更想聽聽李醫生的高見。</p>\n<p>我暗自想：若這一課，能讓我真正把「陰陽」這對核心範疇從模糊變為清明，那麼，光是這一點，這一天的學習就已不虛此行🥰！</p>\n<p>李醫生繼續說：“陰陽分兩種，一種是形容詞，說的是兩極對立；但陰生陽，陽生陰是什麼意思？”</p>\n<p>“當我去給外國人，尤其是一些科技大佬，資深的教授來講述我們中醫的時候，他們很會抓問題關鍵點，他們會反問我：李醫生，陰和陽既然是對立兩面，又說陰可以生陽，陽可以生陰，那你告訴我，黑怎麼生白？快怎麼生慢？ ”</p>\n<p>對呀！陰陽怎麼會互生呢？課堂上的我也突然覺得我更糊塗了🤣～</p>\n<p>李醫師告訴我們，他也是經過長期的思索、研讀與臨床驗證，才逐步形成了自己對「陰陽」的理解。這包括從倪海廈老師的教導、多種中醫古籍的比對，以及親身在臨床中觀察病患回饋的過程🙏。</p>\n<p>他說：</p>\n<p>陰陽既是形容詞，也是名詞。作為形容詞，陰陽的對立關係我們早已耳熟能詳 – 陽代表熱、快、光明、外向、運動；陰則代表寒、慢、黑暗、內向、靜止。</p>\n<p>這種對立關係，是我們在日常經驗中就能觀察到的。</p>\n<p>但關鍵的問題來了：“陰生陽，陽生陰 – 又是什麼意思？” 這就牽涉到「陰陽」作為名詞的意義。</p>\n<p>李醫生認為，名詞的「陽」是「 能改變物質的能量」，而名詞的「陰」是「能儲存和運送陽（能量）的物質」。</p>\n<p>其實在這裡，我還是有點懵，李醫生接著舉了一個貼近生活、又非常形象的例子，讓我們對「陰陽互生」有了更具體的理解：</p>\n<p>“你們看現在的電動車，電池是不是要充電才能運作？在這個過程中，我們可以把電池理解為‘陰’，把充電理解為‘陽’。 ”</p>\n<p>哦！當我把李醫生說的：</p>\n<ul class=\"wp-block-list\">\n<li>陽是能改變物質的「能量」；</li>\n<li>陰是能儲存和運送（陽）能量的「物質」。</li>\n</ul>\n<p>代入電動車的例子中，我腦中一下子有了畫面：你想想，電動車要跑，是不是要先充電？這個「充電」的過程，就是陽－能量的輸入；而電池本身，就是陰——儲存和運輸陽的「物質載體」。所以，電池從「沒電」到「滿電」的過程，是陽生陰：能量（陽）輸入進來，電池（陰）才有得可存、有用可發。等到車子開始啟動、動力輸出，電瓶把能量釋放出來，這就是陰生陽：陰（電池）激發出新的陽（動力）。</p>\n<p>從這個角度來看，「陽」和「陰」是一種功能互補、彼此激發、循環不息的關係。也就是說：</p>\n<ul class=\"wp-block-list\">\n<li>沒有陰（電池）這個可以「存」和「送」的載體，陽（能量）就沒辦法被儲存、也沒辦法被使用；</li>\n<li>沒有陽（能量）的輸入，陰也只是個空殼，無法起到承擔運送和轉化的作用；</li>\n<li>而一旦陰“裝滿”，它又能不斷輸出新的陽，推動新的變化。</li>\n</ul>\n<p>陽，需要有「陰」來承載和輸送，才能被「用起來」；<br/>陰，也只有在「吸收了陽」之後，才具備「釋放陽」的價值。</p>\n<p>就像電池和電流，一邊進一邊出，一邊充一邊放，循環不息，互為源頭。</p>\n<p>這時候，每個同學都露出了「喔——原來是這麼回事」的表情。整個課堂像被點亮了一樣，在李宗恩醫生那溫和卻精準的講解中，原本抽象玄奧的“陰陽互生”，忽然變得具象、鮮活、貼近生活👍。陰陽這個詞，不再是“中醫書裡的概念”，而是我們每天手機充電、電動車通勤中都在上演的真實邏輯。</p>\n<p>當我們還沉浸在那種豁然開朗、原來如此的感覺中，李醫生接著告訴我們：理清楚什麼叫“陰”，什麼叫“陽”，對於一個中醫醫師在臨床診療時，有極大的幫助，能釐清許多原本模糊、容易誤判的地帶。</p>\n<p>同樣以電動車為例，它啟動不了了，你要如何判斷？</p>\n<p>是電池空了，需要「充電」？</p>\n<p>還是電還滿著，只是電池出了問題、能量送不出去？</p>\n<p>這就像在臨床上，一個人很疲倦，是不是就一定要「補陽」？也許不一定，如果他的“電池”是空的，那當然要先“充電”，也就是補陽；但如果他的「電」明明是滿的，只是電池「輸出系統」卡住了，那問題根本不在陽氣不足，而是陰的「輸送系統」出了問題。</p>\n<p>你看，只有先分清「陰」是儲存和運送能量的載體，「陽」是能激發變化的能量，醫生在下手時，才不會盲補一通。補錯了，就像電池已經滿電還不停往裡充，輕則發燙，重則爆炸。這就是「搞不清陰陽」在臨床上可能造成的誤傷。這就是意義所在✊</p>\n<p>我們要搞清楚：</p>\n<p>到底是陰的問題，還是陽的問題？是“陽不夠”，還是“陽出不來”？是“陰虛”，還是“陰的輸送力”出了毛病？這一釐清，很多模糊地帶，就一下子有了方向。</p>\n<p>說實話，這篇文章，是我回來後反覆琢磨李宗恩醫生課上的講解，才終於鼓起勇氣動筆整理的。對我來說，理解「陰陽」不是一蹴而就，而是反覆地推敲、代入、揣摩，才慢慢浮現出一點點輪廓。畢竟我本來就疏學淺，很多概念還在摸索中，真怕一不小心就理解錯了、說偏了。所以，寫這篇文字的同時，我也把李宗恩醫生的文章讀了一遍又一遍。</p>\n<p>附在文末（共三篇：《淺談陰陽》（上、中、下）），推薦大家可以親自讀一讀，原汁原味、清晰透徹。</p>\n<p>最後的最後，非常感恩李宗恩醫生的講解，不但把抽象的「陰陽」講得通透，還用我們日常生活就能理解的方式呈現出來，才讓我有機會一步步把這些智慧真正聽懂、用上、活出來，謝謝李醫生🌹</p>\n<p>倪海廈學術傳承人李宗恩博士：<a href=\"https://andylee.pro/wp/?p=2663\">淺談陰陽（上）</a>（<a href=\"https://mp.weixin.qq.com/s?__biz=Mzg3MjU1OTk4OA==&amp;mid=2247488050&amp;idx=1&amp;sn=c44166d9ef485667ec6a29c0677f7811&amp;scene=21#wechat_redirect\">简体版</a>）</p>\n<p>倪海廈學術傳承人李宗恩博士：<a href=\"https://andylee.pro/wp/?p=2666\">淺談陰陽（中）</a>（<a href=\"https://mp.weixin.qq.com/s?__biz=Mzg3MjU1OTk4OA==&amp;mid=2247488097&amp;idx=1&amp;sn=4f3c57b18570790c8801ec5399c3c564&amp;scene=21#wechat_redirect\">简体版</a>）</p>\n<p>倪海廈學術傳承人李宗恩博士：<a href=\"https://andylee.pro/wp/?p=2685\">淺談陰陽（下）</a>（<a href=\"https://mp.weixin.qq.com/s?__biz=Mzg3MjU1OTk4OA==&amp;mid=2247488166&amp;idx=1&amp;sn=b7f2dd3bd2ec8c76288460566296b928&amp;scene=21#wechat_redirect\">简体版</a>）</p>\n<p></p>",
  "article_time": "2025年06月25日 18:11",
  "comments": [
    {
      "id": "71bcbe2c7136966a651f74661be8162d",
      "author": "盡然",
      "time": "2025年06月26日 23:37",
      "content": "<p>陽為能而健動，陰為量而形載。</p>",
      "level": 0,
      "highlight": false,
      "children": []
    },
    {
      "id": "d2993adde62fe47b7b03204965e86513",
      "author": "dhshdhjs",
      "time": "2025年07月03日 15:36",
      "content": "<p>宗嗯老师，又向您请教几个问题<br>\n1*我们的胃气是肾阳参与多一点还是心阳多一点？<br>\n胃气与肾阳心阳是怎样的一个连接关系？</br></br></p>\n<p>2*肾阳是否就是命门火，命门火就是肾阳。还是说肾阳是命门火的蔓延？</p>\n<p>3，少阴症出现的但欲寐白天晚上都老是想睡觉是否是命门火衰的情形？另外想问李老师·但欲寐·我们如何理解这一病理？</p>",
      "level": 0,
      "highlight": false,
      "children": [
        {
          "id": "8c6f7adc9ad75d8c63ec4e60cade9b5f",
          "author": "李宗恩",
          "time": "2025年07月06日 07:06",
          "content": "<p>你似乎在一些抽象的名詞上打轉。</p>",
          "level": 1,
          "highlight": true,
          "children": []
        }
      ]
    },
    {
      "id": "1140b63d655681afb8a999e884f0b1c1",
      "author": "HQ",
      "time": "2025年07月03日 20:16",
      "content": "<p>李博士您好，我这边是中医药广东省实验室的人员，位于横琴粤港澳中医药产业园，是一个省级，甚至国家级的平台，致力于设立七大中心（如中医药+AI智算中心、免疫防御开发中心等）和八大平台（如证候原理CM-BIT大科学装置平台、新药创制底层技术平台等），整合粤港澳三地资源，联合澳门、香港开展协同攻关，您的高端工科背景和高深的中医水平，很符合我们实验室推动AI智算+中医的方向（我们实验室集中领域有五大核心研究领域、中医人体免疫防御与生物安全产品开发、中医辨证论治与“病证结合”诊疗原理解析、重大慢性病中医诊疗方案开发中医现代诊疗装备研发（如“零磁”证候诊断装备）、中药新型药物创制）。</p>\n<p>因此有意咨询您是否有意前来演讲、学术交流、长期合作等，如有意，请告知我可以联系的方式，进行后续条件交流等，感谢！</p>",
      "level": 0,
      "highlight": false,
      "children": [
        {
          "id": "d628b9973016254dc5ea52592f3b7e9e",
          "author": "李宗恩",
          "time": "2025年07月06日 07:07",
          "content": "<p>請聯絡診所info@youngQi.com。</p>",
          "level": 1,
          "highlight": true,
          "children": []
        }
      ]
    },
    {
      "id": "a47884ceeb4986ed40f61aef67c80bc4",
      "author": "淳賓",
      "time": "2025年07月05日 17:18",
      "content": "<p>下次注意先把別人名字正確輸入，【李宗恩】老師，這是基本尊重</p>",
      "level": 0,
      "highlight": false,
      "children": []
    },
    {
      "id": "e17e645d83813c17f05ce4873a055ef0",
      "author": "徐坚正",
      "time": "2025年07月08日 12:22",
      "content": "<p>李老师，好久没有分享新的病案，接下来会有新的医案分享的栏目吗？</p>",
      "level": 0,
      "highlight": false,
      "children": [
        {
          "id": "a437264e67e9c99859c55b92f21eedc6",
          "author": "dhshdhjs",
          "time": "2025年07月09日 02:05",
          "content": "<p>期待老师有时间直播。与网友互动。</p>",
          "level": 1,
          "highlight": false,
          "children": []
        },
        {
          "id": "e7a1b6313e7f12f51b4ab194267979c8",
          "author": "李宗恩",
          "time": "2025年07月18日 18:53",
          "content": "<p>當然會有醫案解釋。</p>",
          "level": 1,
          "highlight": true,
          "children": []
        }
      ]
    }
  ],
  "timestamp": 1753176301.750745,
  "page": 1,
  "order": 2,
  "filename": "data\\page1\\page1_order2_a85e72e36d517526ec43e4a2c4f52da2.json"
}