{
  "article_url": "https://andylee.pro/wp/?p=14022",
  "title": "Podcast 05 – 留言Q&A ｜攀岩，潛水，瑜伽，泰拳，原來你是這樣的李醫生啊",
  "content": "<p>一位診所病人邀請我參與她製作的podcast，雖然我沒有太多時間花在社群媒體，她在看診時，問了許多有深度的非醫學問題，讓我覺得可以試一試不一樣的對話。目前沒有特定的題材，也沒有特定的時間表，隨性也隨時間，藉由主持人的提問，來和大家聊一聊。</p>\n<figure class=\"wp-block-image size-large\"><a href=\"https://andylee.pro/wp/wp-content/uploads/2025/06/Screenshot-2025-06-23-at-8.49.26 AM.png\"><img alt=\"\" class=\"wp-image-14025\" decoding=\"async\" fetchpriority=\"high\" height=\"1024\" sizes=\"(max-width: 919px) 100vw, 919px\" src=\"https://andylee.pro/wp/wp-content/uploads/2025/06/Screenshot-2025-06-23-at-8.49.26 AM-919x1024.png\" srcset=\"https://andylee.pro/wp/wp-content/uploads/2025/06/Screenshot-2025-06-23-at-8.49.26 AM-919x1024.png 919w, https://andylee.pro/wp/wp-content/uploads/2025/06/Screenshot-2025-06-23-at-8.49.26 AM-269x300.png 269w, https://andylee.pro/wp/wp-content/uploads/2025/06/Screenshot-2025-06-23-at-8.49.26 AM-768x856.png 768w, https://andylee.pro/wp/wp-content/uploads/2025/06/Screenshot-2025-06-23-at-8.49.26 AM.png 1066w\" width=\"919\"/></a></figure>\n<p></p>\n<p>錄音檔：</p>\n<div class=\"wp-block-file\"><a href=\"https://andylee.pro/wp/wp-content/uploads/2025/06/5.留言QA｜攀岩，潜水，瑜伽，泰拳，原来你是这样的李医生啊。.mp3\" id=\"wp-block-file--media-512b9304-e7cb-4020-bd94-58fd4a5111d4\">5. 留言Q&amp;A ｜攀岩，潜水，瑜伽，泰拳，原来你是这样的李医生啊。</a><a aria-describedby=\"wp-block-file--media-512b9304-e7cb-4020-bd94-58fd4a5111d4\" class=\"wp-block-file__button wp-element-button\" download=\"\" href=\"https://andylee.pro/wp/wp-content/uploads/2025/06/5.留言QA｜攀岩，潜水，瑜伽，泰拳，原来你是这样的李医生啊。.mp3\">下載</a></div>\n<p></p>\n<p>Spotify ：<a href=\"https://open.spotify.com/episode/6ipzHe7iSCELnmA4DuV7Xn?si=979HdEUORbGZy8COSY1uCA\" rel=\"noreferrer noopener\" target=\"_blank\">https://open.spotify.com/episode/6ipzHe7iSCELnmA4DuV7Xn?si=979HdEUORbGZy8COSY1uCA</a></p>\n<p>小宇宙： <a href=\"https://www.xiaoyuzhoufm.com/episode/68576f894abe6e29cb55d4ee\" rel=\"noreferrer noopener\" target=\"_blank\">https://www.xiaoyuzhoufm.com/episode/68576f894abe6e29cb55d4ee</a></p>\n<p>苹果播客： <a href=\"https://podcasts.apple.com/us/podcast/%E9%96%80/id1808983975?i=1000714008610\" rel=\"noreferrer noopener\" target=\"_blank\">https://podcasts.apple.com/us/podcast/%E9%96%80/id1808983975?i=1000714008610</a></p>\n<p></p>",
  "article_time": "2025年06月23日 09:08",
  "comments": [
    {
      "id": "9f3cf13642b9721dd627773c262be37b",
      "author": "送你座帆船",
      "time": "2025年06月24日 13:56",
      "content": "<p>李医师飞来飞去辛苦了还要录节目看病，期待学霸系列的更新，每一次背书背不下去都会听一下，听到关于学习不是功利，是愿意之后就突然发现自己不再焦虑了。（但久了不听还是会焦虑回来哈哈哈）</p>",
      "level": 0,
      "highlight": false,
      "children": []
    },
    {
      "id": "5ab46620da0cb654e26dc88b67de5f39",
      "author": "吴茱萸",
      "time": "2025年07月03日 15:44",
      "content": "<p>倪师讲过宗气，说人在跑步时，宗气外泄，其动应衣。我经常去找，很难找到宗气气脉动的地方。在步廊穴附近。说的是跑步不是好的运动方式。最好是快走。</p>",
      "level": 0,
      "highlight": false,
      "children": []
    },
    {
      "id": "796ee9ef49f19283932e088187107614",
      "author": "邹景星",
      "time": "2025年07月16日 09:04",
      "content": "<p>李医师您好，我想请教您关于眼诊的知识。眼诊中肝区最边缘靠近肺区方向出现银白色圈（一整个银白色圆圈包裹）通常代表什么信息呢？我翻查您之前关于眼诊的演讲内容及课件好像没有提到这个现象（也有可能我不够细心去查证，希望李医师能再次指点）我观察到的例子中，那些病人让我能联想到的一个共同点是都有高血压病史并服用降压药，不知道是否与之有关联呢？</p>",
      "level": 0,
      "highlight": false,
      "children": [
        {
          "id": "2974b191f91c6d125d0a26511fcee857",
          "author": "送你座帆船",
          "time": "2025年07月18日 12:18",
          "content": "<p>整体观念，辨证论治</p>",
          "level": 1,
          "highlight": false,
          "children": [
            {
              "id": "af95b47d9ba9b3360ebe9365b48788f4",
              "author": "邹景星",
              "time": "2025年07月18日 17:52",
              "content": "<p>我知道要有这两个观念，请问这一个线索通常指代什么生理及病理原因呢？</p>",
              "level": 2,
              "highlight": false,
              "children": []
            }
          ]
        },
        {
          "id": "e3b8e153fbf1ac48d19b3ed5e0cf9500",
          "author": "李宗恩",
          "time": "2025年07月18日 19:37",
          "content": "<p>你說的應該是老人家常見到的老年弓、虹膜週邊脂質環（arcus senilis），可能和高血脂、高血壓、動脈硬化、肝功能問題等有關。這樣的問題，其實問ChatGPT或DeepSeek就可以達到答案，你應該自己先做研究。</p>",
          "level": 1,
          "highlight": true,
          "children": [
            {
              "id": "66d2b30ba5b705a0c4f2c4ff83a06630",
              "author": "邹景星",
              "time": "2025年07月19日 05:14",
              "content": "<p>好的，下次我会注意的，感谢李医师的回答。</p>",
              "level": 2,
              "highlight": false,
              "children": []
            }
          ]
        }
      ]
    }
  ],
  "timestamp": 1754011880.5129685,
  "page": 1,
  "order": 4,
  "filename": "data\\page1\\page1_order4_f99706ea7e65af7c80f0947a368ffef5.json"
}