{
  "article_url": "https://andylee.pro/wp/?p=10432",
  "title": "廣播專訪 – 台灣 FM98.1",
  "content": "<p>廣播電台：九八新聞台 News98 (FM98.1)， 廣播及YouTube同步直播</p>\n<p>節目名稱：財經起床號</p>\n<p>專訪時間：<meta charset=\"utf-8\"/>台北時間7月29日週四上午8:15am~9am / 加州時間7月28日週三下午5:15pm~6pm</p>\n<p>節目主持人：陳鳳馨</p>\n<p>來賓：李宗恩博士</p>\n<p>訪談內容：中醫及新書《當張仲景遇上史丹佛》</p>\n<p>YouTube頻道：<a href=\"https://www.youtube.com/c/%E4%B9%9D%E5%85%AB%E6%96%B0%E8%81%9E%E5%8F%B0News98\">https://www.youtube.com/c/%E4%B9%9D%E5%85%AB%E6%96%B0%E8%81%9E%E5%8F%B0News98</a></p>",
  "article_time": "2021年07月24日 11:32",
  "comments": [
    {
      "id": "a2a187d0e50b425983517d98a7bcf711",
      "author": "吳明頤",
      "time": "2021年08月02日 19:12",
      "content": "<p>謝謝李醫師提供的資訊。YouTube 已有連結可收聽或觀看了：</p>\n<p><a href=\"https://youtu.be/STioKrMdWdA?t=290\" rel=\"nofollow ugc\">https://youtu.be/STioKrMdWdA?t=290</a></p>",
      "level": 0,
      "highlight": false,
      "children": []
    }
  ],
  "page": 14,
  "order": 1,
  "filename": "data\\page13\\page13_order10_8050eb3f71ae03e7788a598af7cdeb87.json"
}