{
  "article_url": "https://andylee.pro/wp/?p=10283",
  "title": "積善之家，必有餘慶",
  "content": "<p>昨天晚上收到一位中國大陸病人的來函，告訴我他們把中藥方包好，寄到巴基斯坦和孟加拉，幫助那邊朋友們渡過新冠疫情的難關，這讓我很感動。</p>\n<p>================</p>\n<figure class=\"wp-block-image size-large\"><a href=\"https://andylee.pro/wp/wp-content/uploads/2021/06/Screen-Shot-2021-06-11-at-11.19.25-PM.png\"><img alt=\"\" class=\"wp-image-10282\" decoding=\"async\" fetchpriority=\"high\" height=\"479\" sizes=\"(max-width: 638px) 100vw, 638px\" src=\"https://andylee.pro/wp/wp-content/uploads/2021/06/Screen-Shot-2021-06-11-at-11.19.25-PM.png\" srcset=\"https://andylee.pro/wp/wp-content/uploads/2021/06/Screen-Shot-2021-06-11-at-11.19.25-PM.png 638w, https://andylee.pro/wp/wp-content/uploads/2021/06/Screen-Shot-2021-06-11-at-11.19.25-PM-300x225.png 300w\" width=\"638\"/></a></figure>\n<p>李老師晚上好啊，有一件小事回饋給您，向您表示感謝，在這次新冠大流行中，您直接或間接的幫到了不少有緣人，我們這次是親耳聽到了有效回饋：</p>\n<p>2020年7月份，我們陸續的安排診所的基本通方（見：疫情下的三個小故事 <a href=\"https://andylee.pro/wp/?p=7904&amp;fbclid=IwAR3QK5_0Kidn3SmU2ExN4uvEUTNOKpv2LBOrUBEcyWGQR-z9o4db0qP5YXk\" rel=\"noreferrer noopener\" target=\"_blank\">https://andylee.pro/wp/?p=7904</a> ）和國家公佈的清肺排毒湯（生半夏代替薑半夏及18g生石膏同煎），免費郵寄給巴基斯坦、孟加拉的一些朋友，想著可能在他們無助的時候，能拉他們一把。</p>\n<p>今年5月20日突然有位巴基斯坦人和一位孟加拉人，回饋我們說，中藥包非常有效。幫助巴基斯坦的一位朋友及他們的家人快速的恢復健康，幫助孟加拉的朋友還有他們的家人1天後明顯好轉，3天內全部恢復正常。</p>\n<p>巴基斯坦這家人一家至少3口人確認新冠陽性且有症狀，孟加拉這家人至少3人有明顯的症狀，且他們鄰居確診新冠有明顯症狀（該國普通人基本不戴口罩，人口密度很大，無有效社交距離）。 其中這位巴基斯坦人去年9月份有症狀但未做新冠檢測，1包中藥通方煮成藥茶喝了3/4天症狀基本全解除，今年3月份再次有新冠症狀並且新冠檢測陽性，再次使用1包中藥通方煮成藥茶喝了7天，症狀基本全解除。</p>\n<p>還有4家國外朋友收到了我們送的免費中藥包，我們未和他們溝通，他們是否服用及妥善保存這一些中藥包，但希望他們都不必用這些。</p>\n<p>從上個月這兩家國外朋友的回饋中，我們親耳聽到了中醫藥在外國人中的顯著療效，收到消息後我們也比較開心，這裡就分享給李老師，願您也多一份開心。</p>\n<p>這得感謝李老師了，是你們的大愛才有不少人受益。藥已經郵寄晚了，去年6月份我的一位國外朋友因新冠去世了，自己不懂中醫藥，剛瞭解一點中醫和倪老師這一塊，小劉我心中是很難過的。下定決心，能幫一個是一個。儘管我們是非常普通的人家，但若能寄出去一些可靠的藥方包，有時候就是真的能幫人很多，對自己也無大傷。</p>\n<figure class=\"wp-block-image size-large\"><a href=\"https://andylee.pro/wp/wp-content/uploads/2021/06/Screen-Shot-2021-06-11-at-11.19.11-PM.png\"><img alt=\"\" class=\"wp-image-10281\" decoding=\"async\" height=\"634\" sizes=\"(max-width: 481px) 100vw, 481px\" src=\"https://andylee.pro/wp/wp-content/uploads/2021/06/Screen-Shot-2021-06-11-at-11.19.11-PM.png\" srcset=\"https://andylee.pro/wp/wp-content/uploads/2021/06/Screen-Shot-2021-06-11-at-11.19.11-PM.png 481w, https://andylee.pro/wp/wp-content/uploads/2021/06/Screen-Shot-2021-06-11-at-11.19.11-PM-228x300.png 228w\" width=\"481\"/></a></figure>\n<p>================</p>\n<p>這位病人很有心，在沒有任何實質回報下，自己花錢、花時間為海外的朋友們寄送中藥包，幫助他們及家人恢復健康及正常生活。這位病人並不富裕，還剛有了小寶寶，金錢及時間都有限下，還能人飢己飢、人溺己溺地想到較不發達國家的朋友們，實在值得大家的讚許及敬佩。</p>\n<p>疫情大爆發之下，中藥通方是沒有辦法的辦法，卻也在世界各地救治了很多新冠肺炎確診病人。診所的基本治療通方和中國國家公佈的清肺排毒湯是同一個方向，其中的故事就不再重述了。診所的基本治療通方比清肺排毒湯重一些，對急重症的效果比清肺排毒湯要好許多。之前有讀者來函問我，像台灣最近發生一兩天內就肺部大量積膿液而猝死的病例，有沒有什麼中藥方可以搶救？雖然中醫得針對個案仔細辨證論治，在不得已、非常緊急的情況下，服用加重劑量的基本治療通方可能是一線生機。</p>\n<p>診所的「基本治療通方」：射干9克、麻黃9克、紫菀9克、款冬花 9克、細辛9克、生半夏9克、生薑4片、紅棗15克、五味子12克、葶藶子6克、石膏18克、麥門冬18克、杏仁15克、白朮12克、茯苓12克、炙甘草9克、炙黃耆18克、黨參9克、柴胡12克、黃芩9克。9碗水煮成3碗，調整火力約一小時煮好，斟酌病情嚴重情況，一次1/2～1碗，一天服用2～3次。</p>\n<p>新冠疫情像照妖鏡一樣，讓各種不同人的本性顯露出來，有人把大愛傳四方，有人把自己的荷包填滿滿，有人深入火線救人，有人貪生怕死地搶物資，有人實實在在救一個算一個，有人只知道在網上耍嘴皮子。《易經文言傳》：「積善之家，必有餘慶；積不善之家，必有餘殃」。每個人的所作所為，不僅僅是現在的差別，更是為自己及家人的未來做了選擇。</p>",
  "article_time": "2021年06月12日 09:07",
  "comments": [
    {
      "id": "9a5bef479d3d03afff9eb51b7d6f2b34",
      "author": "Alex",
      "time": "2021年06月12日 09:49",
      "content": "<p>李醫師您好：</p>\n<p>為了爭取時效，可以先將診所的基本治療通方煮好放冷凍，有需要時再解凍嗎？會不會破壞藥性？</p>",
      "level": 0,
      "highlight": false,
      "children": [
        {
          "id": "59ae5db895ae71f481119f445a4edcd4",
          "author": "李宗恩",
          "time": "2021年06月20日 16:58",
          "content": "<p>不要冷凍太久。</p>",
          "level": 1,
          "highlight": true,
          "children": [
            {
              "id": "f67f33022b3a2b3fb16c42e5f8de7170",
              "author": "也许不易",
              "time": "2021年06月23日 18:03",
              "content": "<p>尊敬的李医师你好，有个问题，困惑不解想请教一下，在夏至当天的下午用艾灸盒对大椎到肺俞区域进行艾灸后突然腰疼（命门上下左右附近区域），希望李医师百忙之中看到了，指点迷津！</p>",
              "level": 2,
              "highlight": false,
              "children": [
                {
                  "id": "79b29c085b5af3eeee0605a4e794d2f2",
                  "author": "李宗恩",
                  "time": "2021年06月24日 11:44",
                  "content": "<p>單一症狀無法診斷，我也不在網上針對個案一一討論。</p>",
                  "level": 3,
                  "highlight": true,
                  "children": []
                }
              ]
            }
          ]
        }
      ]
    },
    {
      "id": "04b2e8e7f57abb85e4484cfc0a498168",
      "author": "姚锐",
      "time": "2021年06月12日 20:05",
      "content": "<p>请问李老师，如果没有麻黄，可以用什么替代？谢谢您！</p>",
      "level": 0,
      "highlight": false,
      "children": [
        {
          "id": "0f4a2d9594f928804c4259437c1592d9",
          "author": "李宗恩",
          "time": "2021年06月20日 16:59",
          "content": "<p>沒有麻黃會比較麻煩，不嚴重的情況下可以用荊芥、防風等替代。</p>",
          "level": 1,
          "highlight": true,
          "children": [
            {
              "id": "ad927713f3dfcb85a5b324e8448ff356",
              "author": "姚锐",
              "time": "2021年06月24日 19:05",
              "content": "<p>谢谢李老师解答。</p>",
              "level": 2,
              "highlight": false,
              "children": []
            }
          ]
        }
      ]
    },
    {
      "id": "b42fcbe3024031bcad564ec8f7ec32e8",
      "author": "wen",
      "time": "2021年06月14日 20:35",
      "content": "<p>請問李醫師, 因藥店說不賣生半夏而用薑半夏取代, 效果有差? 謝謝.</p>",
      "level": 0,
      "highlight": false,
      "children": [
        {
          "id": "8baff7e8b141dae92558594232ee5b94",
          "author": "李宗恩",
          "time": "2021年06月20日 16:59",
          "content": "<p>薑半夏效果差許多。</p>",
          "level": 1,
          "highlight": true,
          "children": []
        }
      ]
    },
    {
      "id": "7650803bf76f2479e0ebee44622e91fe",
      "author": "漂流瓶",
      "time": "2021年06月16日 05:47",
      "content": "<p>你好李医生，家里老人身体不好，能不能远程看病？</p>",
      "level": 0,
      "highlight": false,
      "children": [
        {
          "id": "2f68d1a62345627bcc8794f1ee8ca2a1",
          "author": "李宗恩",
          "time": "2021年06月20日 17:00",
          "content": "<p>請聯絡診所:info@youngQi.com</p>",
          "level": 1,
          "highlight": true,
          "children": []
        }
      ]
    },
    {
      "id": "ba4b9473c517b3413e36b570a109e7fe",
      "author": "无显示",
      "time": "2021年06月17日 18:10",
      "content": "<p>请问李大夫：小孩病毒感染，有个朋友从佛州旅行回来生病有接触，但急症的医生瞎说是耳朵感染开大量抗生素（我没见过病历）被喂一个星期抗生素，现在只要睡觉就盗汗，床上垫的都湿了。怎么办？ 孩子本来已经康复了，但是他爸说一定要喂10天抗生素，他只看我是不是喂药，用这个把柄来害我，不看小孩已经无症状了，只盗汗。盗汗是抗生素伤肾导致的吗？</p>",
      "level": 0,
      "highlight": false,
      "children": [
        {
          "id": "2e624952648d4af1679efa5ebcb5cf02",
          "author": "李宗恩",
          "time": "2021年06月20日 17:11",
          "content": "<p>西醫理論下，抗生素得服用一定的時間長度，不然無法壓制細菌繁生。大量抗生素會損傷身體，但不一定是腎的問題，你應該找中醫師看診。</p>",
          "level": 1,
          "highlight": true,
          "children": []
        },
        {
          "id": "b159c3f243c7d731b225897fcaa49e36",
          "author": "心中的疑惑",
          "time": "2021年06月24日 20:19",
          "content": "<p>尊敬的李老师，您好！！！<br/>\n我习惯这样的称呼，因为我是李老师和倪师的铁杆粉丝和坚定追随者（常常在私底下自认为是您们的学生）。心中对您万分崇拜与敬仰！！！<br/>\n本人为了生存与生活，在湖南省长沙市开了个微不足道的小小的中医理疗店。最近遇到一个疑惑，始终解决不了，想恳请李老师您能在百忙中有幸看到本人的留，望有空能指点一下，是我在思路上或辨证上出了什么问题。<br/>\n是这样的：一个女客户，今年52岁，小区户外清洁工，白天非常辛苦，任任何事都是急急忙忙，白天大量出汗后又自然吹干又出汉，长年反复如此。今年因工作中摔跤把左手腕摔断了，去医院治疗。据她反应，在住院期间和回家后，晚上躺下睡觉感觉膝盖（沿胫骨两侧）寒痛，感觉是从骨头里发出来的，还有虫咬的感觉，且脚心是寒冷的，没有血色；嘴唇是暗黑色的；<br/>\n还有感觉腰部也是寒冷的；而且半夜大量出汗盗汗。因为这种情况，实在受不了，就我帮她调理治疗。<br/>\n经过针灸与中药内服（目前已服了10副），情况有改善：①晚上不大量出汗与盗汗，还有出汗（长沙这时的天气热，不开空调和风扇，住在地下室负一楼）；②腰不冷，腰不痛了；③脚心热了，温了，有血色了（客户自述），膝盖胫以下不寒痛了，也没有虫咬的现象了；④嘴唇也变得有滋润有色泽了（客户自述与望诊）。<br/>\n但是还是有问题没有解决：<br/>\n晚上10：30到凌晨2：00，可以睡好，但不盖被子吧，又感觉胫骨段冷；<br/>\n然后用棉被折成4层紧紧抱住膝盖以下，到3：30到5点，又热，出汗，又睡不着。<br/>\n然后5点过后，才迷糊睡着。<br/>\n当然，不会是单个内脏有问题，但主要问题表现出来了。<br/>\n后来我又看了一下舌诊：下焦还是有点寒，舌尖区域，不干燥，蛮润润的，但略显偏白。<br/>\n我判断她：肺里还是有寒和浊痰（眼诊也可以判断），但是肺主皮毛，应该全身冷呀，唯独上半夜感觉到小腿胫骨感觉冷一些；但用棉被层层包裹着，3到4：30又热醒出汗。5点过后又才能迷糊睡着。我想肺脏3到5点，肺阳没有完全潜藏在肺阴里，故反逆出来（加了层层的棉被包裹着，能不热么？夏天），会燥热出汗。</p>\n<p>期间中药内服：桂枝芍药知母汤，前面喝了4副（按倪师原比例，有加龙骨、牡蛎1两），后面喝了2副（有加生附子，石膏，麦门冬，生地黄）；中间2副：麻黄附子细辛汤合姜芩术甘汤（肾着汤）的合方；然后接着2副四逆汤＋芍药甘草附子汤＋当归四逆汤的合方。</p>\n<p>请李老师有空回复我一下（我这个疑惑）。万分感激！！！</p>",
          "level": 1,
          "highlight": false,
          "children": [
            {
              "id": "5c1943d728cddddb51184d8120311bdd",
              "author": "李宗恩",
              "time": "2021年06月28日 14:44",
              "content": "<p>我不在網上討論個案，我也無法確認你的陳述是正確的，你的陳述很可能正是你的盲點所在。</p>",
              "level": 2,
              "highlight": true,
              "children": [
                {
                  "id": "7f841d54674e0090f391e62c6a4d6818",
                  "author": "心中的疑惑",
                  "time": "2021年06月29日 08:42",
                  "content": "<p>谢谢李老师！！！还是沉下心来重新思考与辩证，认清自己的忽略点和盲点。<br/>\n还有带着疑点去学习和求真。</p>",
                  "level": 3,
                  "highlight": false,
                  "children": []
                }
              ]
            }
          ]
        }
      ]
    },
    {
      "id": "41354ee15e5afb3a0b332ac2dd8f9257",
      "author": "Zoy",
      "time": "2021年06月17日 23:12",
      "content": "<p>請問還沒染上新冠肺炎，只有感冒咳嗽能喝嗎？</p>",
      "level": 0,
      "highlight": false,
      "children": [
        {
          "id": "a02a2742cb56ce0509b3e74683bf8ede",
          "author": "李宗恩",
          "time": "2021年06月20日 17:12",
          "content": "<p>得看綜合症狀決定。</p>",
          "level": 1,
          "highlight": true,
          "children": [
            {
              "id": "03519c1137eab59854b2565949d881f9",
              "author": "Zoy",
              "time": "2021年06月27日 03:39",
              "content": "<p>請問打了疫苗之後，身體不適的狀況，服用此藥可否改善？<br/>\n感謝</p>",
              "level": 2,
              "highlight": false,
              "children": [
                {
                  "id": "5a4370b6ce0335230d8006fcf6ea4d2e",
                  "author": "李宗恩",
                  "time": "2021年06月28日 14:47",
                  "content": "<p>得找中醫師看診，不是自己隨便服用。</p>",
                  "level": 3,
                  "highlight": true,
                  "children": []
                }
              ]
            },
            {
              "id": "8022aa0e335ed92bd3b4829eaba9af05",
              "author": "Zoy",
              "time": "2021年06月28日 04:53",
              "content": "<p>李醫師：拜讀了您的大作“當張仲景遇上史丹佛” 提到可以用五苓散，桂枝湯，甘草乾薑湯來預防，想請教台灣天氣熱是否捨去甘草乾薑湯？  以及是否可以用科學中藥粉？<br/>\n若煎藥喝一天需喝幾碗？<br/>\n若服科學中藥該服多少劑量？<br/>\n煩請李醫師賜教，感謝您</p>",
              "level": 2,
              "highlight": false,
              "children": [
                {
                  "id": "a4b91f7d4eec1ac725def443d56ece33",
                  "author": "李宗恩",
                  "time": "2021年06月28日 14:49",
                  "content": "<p>預防方是一個思維的方向，並非一定得如何服用，可以改乾薑為生薑，科學中藥粉劑效果差一些，但依然有功用。</p>",
                  "level": 3,
                  "highlight": true,
                  "children": []
                }
              ]
            }
          ]
        }
      ]
    },
    {
      "id": "a030c6e6956e0f75e7a778e410c7dada",
      "author": "lmc",
      "time": "2021年06月18日 04:30",
      "content": "<p>李师，请教一个问题，胃家的，胃有切一部分，胃胀，别的问题都解决了。就是晚上吃饭胃胀，白天可以</p>",
      "level": 0,
      "highlight": false,
      "children": [
        {
          "id": "597e9a396605be0cd9dc449fc4007f06",
          "author": "lmc",
          "time": "2021年06月18日 07:07",
          "content": "<p>天气热还好，天气冷尤为明显</p>",
          "level": 1,
          "highlight": false,
          "children": [
            {
              "id": "8f94424badc0ac1d872a9989e1a23147",
              "author": "lmc",
              "time": "2021年06月18日 17:39",
              "content": "<p>昨天晚上想了一下，胆囊摘除，肝区偏黄，湿热夹杂，心包有痰，可能是我处理病情的一个盲区，乌梅汤苦温化湿。</p>",
              "level": 2,
              "highlight": false,
              "children": [
                {
                  "id": "cc1b456b04f55d3c6df907fc6a431d28",
                  "author": "李宗恩",
                  "time": "2021年06月20日 17:14",
                  "content": "<p>不能只憑一兩個症狀來看診。</p>",
                  "level": 3,
                  "highlight": true,
                  "children": []
                }
              ]
            }
          ]
        }
      ]
    },
    {
      "id": "780667ff39af7a0826fa0c2ea2d57624",
      "author": "sophia",
      "time": "2021年06月21日 02:23",
      "content": "<p>李医生，我在大陆的抖音上po了一些倪师的视频，结果反响很强烈，现在粉丝数已经几万人了，但是我只是一个自学的爱好者，看着每天涌进来的，来自全国的私信和留言，说着自己或者家人的各种病痛，我能力不够又帮不上忙，很痛苦，您作为经方家，不知道有没有大陆这边的医师资源能够对接的，或者我可以把患者推荐过去的？期待您的回复，感恩！</p>",
      "level": 0,
      "highlight": false,
      "children": [
        {
          "id": "28e5cb887f090b87b4c5b6b70ca99f37",
          "author": "李宗恩",
          "time": "2021年06月23日 15:49",
          "content": "<p>目前沒有良好的對接方法。</p>",
          "level": 1,
          "highlight": true,
          "children": []
        }
      ]
    },
    {
      "id": "2ef9a876d36bcaf469db71d8522ca322",
      "author": "CYL",
      "time": "2021年06月23日 05:58",
      "content": "<p>李老师您好，打扰您一下，我妈妈身体不好，想找您治疗，给您邮箱发邮件了并附带上了相关症状，希望您能抽空回复一下或者告知一下远程诊断流程，因为不太懂具体的咨询流程，如果有冒犯的地方还请您见谅。</p>",
      "level": 0,
      "highlight": false,
      "children": [
        {
          "id": "1e8cabfc991893fb7af74c648b26b1a3",
          "author": "李宗恩",
          "time": "2021年06月23日 16:00",
          "content": "<p>請聯絡診所，我不在這裡回答看診問題。</p>",
          "level": 1,
          "highlight": true,
          "children": []
        }
      ]
    },
    {
      "id": "05fb10a8b1c3531e756f5907258bf6f7",
      "author": "姜元",
      "time": "2021年06月24日 20:43",
      "content": "<p>李医师您好！倪师259个实战方剂有效吗？</p>",
      "level": 0,
      "highlight": false,
      "children": [
        {
          "id": "e1a57dd5d11691d963502c8b109404e1",
          "author": "李宗恩",
          "time": "2021年06月28日 14:46",
          "content": "<p>什麽259個實戰方劑？看診不是什麽方劑對應怎樣的病症，大陸許多人盜版倪老師的教材及醫案來賺錢，爲了賣錢而編個什麽名目來宣傳。</p>",
          "level": 1,
          "highlight": true,
          "children": []
        }
      ]
    },
    {
      "id": "45ef19241354d881c1ea9c75de2575ee",
      "author": "明遠",
      "time": "2021年06月30日 04:32",
      "content": "<p>李醫師 您好:</p>\n<p>照片中藥包裡的生半夏看起來沒有打碎，這樣可能無法發揮該藥的效果，是否該提醒這位朋友先打碎再放入藥包?</p>\n<p>謝謝</p>",
      "level": 0,
      "highlight": false,
      "children": [
        {
          "id": "1178fb232377f683ce9f84b36b4796ba",
          "author": "李宗恩",
          "time": "2021年07月03日 08:23",
          "content": "<p>他應該知道，那只是整包的生半夏。</p>",
          "level": 1,
          "highlight": true,
          "children": []
        }
      ]
    },
    {
      "id": "a1f1c6021d1fafc155704dc09409adad",
      "author": "吴道杰",
      "time": "2021年07月13日 04:48",
      "content": "<p>随喜赞叹</p>",
      "level": 0,
      "highlight": false,
      "children": []
    },
    {
      "id": "2687b26f0769973e49eb5d10a539e763",
      "author": "kolok",
      "time": "2021年07月29日 12:29",
      "content": "<p>中医治好新冠但是被西药厂用来敛财和权贵收买人心，在大陆明明是中医治的好新冠，为什么却要每个人都打西医的疫苗，表面说自愿，实际说强制。西药都治不好新冠为什么疫苗就可以防止呢，打了之后得了新冠又随意解释说打了只会得轻症，不打就得重症。不要被西药厂利用了，方子好好保护起来。人类已经到了这个地步了。</p>",
      "level": 0,
      "highlight": false,
      "children": []
    },
    {
      "id": "3cfab90acc6d54d4ef911616e4f5ef70",
      "author": "許庭維",
      "time": "2022年01月07日 12:02",
      "content": "<p>李醫師 貴安:</p>\n<p>感恩您無私提供大眾治療新冠肺炎的基本治療通方，<br/>\n真是福德無量無邊。</p>\n<p>鄙粗人，話直。冒味請教您，望見諒、海涵。</p>\n<p>診所的「基本治療通方」中，</p>\n<p>生薑4片…其具體的重量約為幾公克呢？</p>\n<p>又有做過心臟手術的病人可不可以用麻黃？</p>\n<p>如不可，<br/>\n取代麻黃的中藥及其重量，各是多少？</p>\n<p>如獲回應，感恩萬分。</p>\n<p>拜讀您貴文，腦海中時常憶起：<br/>\n有人把大愛傳四方，有人把自己的荷包填滿滿，<br/>\n有人深入火線救人，有人貪生怕死地搶物資，<br/>\n有人實實在在救一個算一個，有人只知道在網上耍嘴皮子…</p>\n<p>願您  平安、健康 。</p>",
      "level": 0,
      "highlight": false,
      "children": [
        {
          "id": "70d7d93c3ae805b054f0b146fcb4e2af",
          "author": "李宗恩",
          "time": "2022年01月21日 09:31",
          "content": "<p>生薑一片如銅板大即可，不用太拘泥。麻黃的問題，得看個案，不是一概而論。</p>",
          "level": 1,
          "highlight": true,
          "children": []
        }
      ]
    },
    {
      "id": "1ce1c8f24f830b3a9c83c4285b957d8a",
      "author": "缠迷学医",
      "time": "2022年11月23日 21:06",
      "content": "<p>您好李大夫，我们这里疫情比较严重，平时可以用甘草干姜汤用来预防吗？</p>",
      "level": 0,
      "highlight": false,
      "children": [
        {
          "id": "a46fc47d2466c1373b5aef2961669a82",
          "author": "李宗恩",
          "time": "2022年11月24日 11:52",
          "content": "<p>桂枝湯加五苓散。</p>",
          "level": 1,
          "highlight": true,
          "children": []
        }
      ]
    },
    {
      "id": "e458bfde076f04182f6c719bac8d593a",
      "author": "gordon",
      "time": "2022年12月08日 16:45",
      "content": "<p>李醫師，針對現在最新的新冠肺炎變種，現在已經沒有攻擊肺部的特徵，只有攻擊上呼吸道，現在的治療通方是不是可以再優化一下？謝謝！</p>",
      "level": 0,
      "highlight": false,
      "children": []
    },
    {
      "id": "1ace5630f65ea318be1e6a5caf429cb1",
      "author": "裘松茂",
      "time": "2024年08月17日 07:41",
      "content": "<p>感谢倪师，感谢宗恩老师，感谢这么多热爱中医的人，以及有大爱的人，我最大的感悟就是跟着倪师学中医让我学会了怎么做人，家庭也和睦了。</p>",
      "level": 0,
      "highlight": false,
      "children": [
        {
          "id": "0c20f10e591a8bf82fc2ddea992a11d9",
          "author": "李宗恩",
          "time": "2024年08月17日 18:41",
          "content": "<p>謝謝你的分享。</p>",
          "level": 1,
          "highlight": true,
          "children": []
        }
      ]
    }
  ],
  "page": 14,
  "order": 8,
  "filename": "data\\page14\\page14_order7_b42fcbe3024031bcad564ec8f7ec32e8.json"
}