{
  "article_url": "https://andylee.pro/wp/?p=9130",
  "title": "外傷 – 養兒育女必須知道的21件中醫知識（18）",
  "content": "<p>感冒和外傷，大概是養兒育女最常遇到的問題，這個文章系列一開始時討論了感冒，這次就來談談外傷。</p>\n<p>外傷的種類不少，小孩子常見的外傷有跌倒破皮流血、割傷、燙傷、蚊蟲咬傷、扭傷等等，如果情況不嚴重，通常都可以自己處理，做父母的不要驚慌失措、緊張地大喊大叫，反而造成小孩子心裡的恐懼，以後不敢嘗試新的活動。</p>\n<p><span class=\"has-inline-color has-black-color\">破皮流血和割傷等外傷，如果傷口不是很深，通常不會傷及動脈，先以乾淨的水清洗傷口，確定沒有異物留在傷口內部，然後，塗抹厚厚一層中藥「紫雲膏」，再適度包紮傷口。如果靜脈微微滲血，「紫雲膏」通常可以止血，如果傷及動脈，不易止血時，</span>得配合一般止血方法，譬如以紗布覆蓋傷並適度加壓，或在傷口近心端按壓動脈上游等。一般情況下，「紫雲膏」效果很好，不僅傷口癒合快速，也不會留下什麼疤痕。當然，如果傷口很深、流血不止，那你還是得趕緊找醫療人員來幫忙。</p>\n<p>「紫雲膏」對一般燙傷也非常好用，先用冷水沖洗燙傷處，讓燙傷部份降溫，然後塗抹大量的「紫雲膏」。不要隨便把水泡撕開，讓燙傷處在「紫雲膏」的覆蓋下自己修復，通常也不會留下疤痕。比較嚴重的燙傷，也可以考慮中藥粉劑，譬如使用黃連、黃芩、黃柏、大黃、生硫磺、白朮等打成細粉來覆蓋燙傷傷口，等傷口進步良好後，再改回來使用「紫雲膏」。</p>\n<p>「紫雲膏」怎麼製作？網路上很容易查到，有許多不同的版本，沒有太大的區別。我診所「紫雲膏」的製作方式為：當歸 50克，紫草根100克，切碎，加入有機麻油300毫升及有機橄欖油 150毫升，浸泡3天後，煮滾10分鐘，過濾掉藥渣，放入有機蜂蠟 50克，攪拌溶化，然後倒入容器中等待冷卻成藥膏，這就大功告成了，份量足夠自己用一陣子，還可以分送給親朋好友。</p>\n<p>蚊蟲咬傷，造成癢痛、紅腫，雖然「紫雲膏」也有幫助，我推薦診所依照古法加減而來的「特製三黃膏」：黃連45克、黃芩45克、黃柏45克、當歸30克、大黃25克、赤芍25克、生地25克、玄參25克、白芷25克、三七20克、甘草40克，切碎，加入有機麻油300毫升及有機橄欖油 150毫升，浸泡5天後，煮滾轉小火續煮約30分鐘，熄火再放入肉桂20克，等10分鐘後過濾掉藥渣，放入有機蜂蠟 40克，攪拌溶化，然後倒入容器中等待冷卻成藥膏即可。這個「特製三黃膏」對青春痘，甚至傷口感染潰爛，也挺有效果的。</p>\n<p>小孩子扭傷比較麻煩一些，畢竟一般父母不知道如何針灸或推拿，如果嚴重，最好趕緊帶給精於治療扭傷的中醫師看診，如果不嚴重，倒是可以自己輕輕按摩，適度塗抹市場上販賣的鐵打損傷、筋骨酸痛的中藥膏、中藥油，再使用護膝、護腳踝等護具來保護扭傷的部位。以後有機會，我可以另外寫文章來教大家如何自己製作各種鐵打損傷、筋骨酸痛的中藥膏、中藥油。</p>\n<p>這裡得提一點，許多西醫及一般大眾，聽到扭傷就想到「冰敷」，這其實是錯誤的，就連1978年提出並大力宣導「R.I.C.E. (Rest、Ice、Compression、Elevation）」的Dr. Gabe Mirkin都已經公開承認錯誤，只可惜宣傳了幾十年，已經在大家的心裡深根蒂固了。雖然冰敷可以減輕疼痛，冰敷已經被證實會延遲復原，甚至可能導致部份組織壞死。熱敷可以加速復原，但是，剛剛扭傷時，熱敷會加遽疼痛。所以，我建議大家，扭傷24小時之內，不要冰敷或熱敷，扭傷24小時後可以熱敷。</p>",
  "article_time": "2020年11月21日 21:41",
  "comments": [
    {
      "id": "66a1e225a8e865755a0603aa110fade5",
      "author": "山",
      "time": "2020年11月21日 21:57",
      "content": "<p>李医师，请问表寒证用辛温药常常可以一汗而解，但有时候也会汗解后体温没恢复正常，体温反而上升的情况（然后再随证治之而解）。这是正常的病情演变吗（太阳步入阳明），请问你临床有出现过这种情况吗</p>",
      "level": 0,
      "highlight": false,
      "children": [
        {
          "id": "801c629c6faaac581b816e2a71a40d85",
          "author": "李宗恩",
          "time": "2020年11月21日 22:12",
          "content": "<p>如果你辨證沒有錯，僅僅為表寒，那麼你說的情況通常有兩個可能原因：（1）劑量不足，沒有解決問題，病情繼續加重（2）發汗過多，導致陰虛，反而發熱加重。</p>",
          "level": 1,
          "highlight": true,
          "children": [
            {
              "id": "ac68faad2b5ce7cacd3be35315531b4f",
              "author": "山",
              "time": "2020年11月22日 03:32",
              "content": "<p>谢谢李医师的解答！</p>",
              "level": 2,
              "highlight": false,
              "children": []
            }
          ]
        }
      ]
    },
    {
      "id": "eaddf255c9e151702e5d7ecbf8d02bea",
      "author": "gordon",
      "time": "2020年11月24日 18:03",
      "content": "<p>小孩子膝蓋的地方擦破皮，面積有拇指肚那麼大吧，傷愈合後，發現肉長得凸出來了，比平常的皮膚凸出來大概1-2mm，形成一個傷疤，小孩都不敢穿露出膝蓋的短褲出去玩。帶他去西醫院皮膚科看診了，醫生說是瘢痕體質。他也不是每次受傷的傷口愈合後都會凸出來。<br/>\n    李醫師，請問中醫如何看待這種傷痕凸出的問題，有沒有什麼方法可以減輕瘢痕？ 謝謝！</p>",
      "level": 0,
      "highlight": false,
      "children": [
        {
          "id": "922943328c99e56db886ca879c1e9194",
          "author": "李宗恩",
          "time": "2020年11月25日 09:46",
          "content": "<p>不是沒有辦法，但是挺麻煩的，首先得「去掉」原本凸起的傷疤，古代中醫可以用切的，現代的中醫師是不能用手術刀來切，那就只能靠灸或其它辦法來「去掉」凸起的傷疤，然後再靠外敷及内服中藥來讓傷口重新成長。如果不先「去掉」原本凸起的傷疤，直接外敷中藥粉劑也可以有些效果，但得外敷很久，且很難達到你想要的程度。</p>",
          "level": 1,
          "highlight": true,
          "children": []
        }
      ]
    },
    {
      "id": "440495e02f4d4ab55de52959ea185ad3",
      "author": "CAT",
      "time": "2021年01月11日 07:32",
      "content": "<p>請問李醫師，有蟹足腫體質的人傷口常常長出很大的疤痕。這種問題紫雲膏可以解決嗎？</p>",
      "level": 0,
      "highlight": false,
      "children": [
        {
          "id": "06d46a9fc6ecab715e36b23795a28a7d",
          "author": "李宗恩",
          "time": "2021年01月13日 15:08",
          "content": "<p>有些幫助，但以內科角度來治療為主。</p>",
          "level": 1,
          "highlight": true,
          "children": []
        }
      ]
    },
    {
      "id": "a56d0eeb0eaca8cdd7b07b23bd34b2e8",
      "author": "viyiai",
      "time": "2021年01月28日 21:03",
      "content": "<p>请问李医师，你这个有机麻油是指有机亚麻籽油吗？紫草根可分硬紫草和软紫草？</p>",
      "level": 0,
      "highlight": false,
      "children": [
        {
          "id": "583b18a72b4b2086c5db7b9ef8c7b494",
          "author": "viyiai",
          "time": "2021年01月28日 21:04",
          "content": "<p>还是黑芝麻油就可以？</p>",
          "level": 1,
          "highlight": false,
          "children": []
        },
        {
          "id": "cac3caa132ad5afb515e563e3eb9cb8c",
          "author": "李宗恩",
          "time": "2021年01月31日 09:07",
          "content": "<p>Sesame oil。硬紫草和軟紫草的差別不大，常常混在一起賣。嚴格而言，硬紫草的紫草素含量較少，野生產量也較少，因而市面賣的紫草多為軟紫草。</p>",
          "level": 1,
          "highlight": true,
          "children": [
            {
              "id": "5cc9262cfafe73bb85964ec8de86a06e",
              "author": "viyiai",
              "time": "2021年02月02日 06:36",
              "content": "<p>谢谢李医师！</p>",
              "level": 2,
              "highlight": false,
              "children": []
            },
            {
              "id": "dbbf16377783669caac56e1a6a0aa4b4",
              "author": "aaa",
              "time": "2022年05月14日 12:46",
              "content": "<p>李博士，有机麻油在大陸這邊，是不是有機芝麻油？還是有机亚麻籽油都行？謝謝！</p>",
              "level": 2,
              "highlight": false,
              "children": [
                {
                  "id": "9ba55e993e3b01551bd88b5582309469",
                  "author": "李宗恩",
                  "time": "2022年05月24日 09:26",
                  "content": "<p>都行，藥膏需要油脂來成膏，你可以試試不同的油，也有人改用椰子油。</p>",
                  "level": 3,
                  "highlight": true,
                  "children": []
                }
              ]
            }
          ]
        }
      ]
    },
    {
      "id": "6cd8659beb14d4061b0ab82b412d4e04",
      "author": "Yuhong",
      "time": "2021年03月11日 23:32",
      "content": "<p>Dear Dr. Lee,<br/>\nI found the link on RICE: <a href=\"https://www.caringmedical.com/prolotherapy-news/rest-ice-compression-elevation-rice-therapy/\" rel=\"nofollow ugc\">https://www.caringmedical.com/prolotherapy-news/rest-ice-compression-elevation-rice-therapy/</a><br/>\nThank you for sharing your knowledge. In our family, we have had many debates over ice or heat treatment for sports injuries. Now I know the answer. Thank you!</p>",
      "level": 0,
      "highlight": false,
      "children": []
    },
    {
      "id": "e79a44a1149f025c225a2fdce55229ec",
      "author": "James",
      "time": "2021年07月30日 10:27",
      "content": "<p>請問李博士，市面上的北子草跟和你這裡說的紫草根是同一種東西嗎</p>",
      "level": 0,
      "highlight": false,
      "children": [
        {
          "id": "82d57fd55e095c5748752178542cf416",
          "author": "李宗恩",
          "time": "2021年08月01日 17:50",
          "content": "<p>不是。</p>",
          "level": 1,
          "highlight": true,
          "children": []
        }
      ]
    },
    {
      "id": "fc6bb2460f1849209d1603cca50b0b75",
      "author": "子淇",
      "time": "2024年01月31日 19:44",
      "content": "<p>李医师，您好！组成三黄膏的各类草药，如果直接打成很细的粉不切碎，再同样方式做，可以吗？药效有影响吗？</p>",
      "level": 0,
      "highlight": false,
      "children": [
        {
          "id": "0e1a53f265f0ad520a579500ed66ace3",
          "author": "李宗恩",
          "time": "2024年01月31日 21:34",
          "content": "<p>藥效應該差別不大，但不容易過濾細粉，會留下很多粉末在膏裡面。</p>",
          "level": 1,
          "highlight": true,
          "children": [
            {
              "id": "6042fa2acfa428082805dd36b4521749",
              "author": "子淇",
              "time": "2024年02月01日 19:02",
              "content": "<p>嗯，李医师，橄榄油可以换成别的油吗？在国内不好辨识出是否有机。还是说这个膏里，必需有橄榄油才能熬膏的效果</p>",
              "level": 2,
              "highlight": false,
              "children": [
                {
                  "id": "fabc7436cf4b7cb754b986c5f2a8cc4b",
                  "author": "李宗恩",
                  "time": "2024年02月05日 09:10",
                  "content": "<p>你可以自己試試看。</p>",
                  "level": 3,
                  "highlight": true,
                  "children": []
                }
              ]
            }
          ]
        }
      ]
    },
    {
      "id": "6fe25beb6fe18704d6ae5b6d2dca056f",
      "author": "sclin",
      "time": "2024年05月29日 21:00",
      "content": "<p>李大夫，能不能把紫草直接加到三黃膏裡，做成紫雲三黃膏，我看紫雲膏就當歸·紫草兩位藥，其中當歸在三黃膏裡也有，如果直接把紫草加在三黃裡面融合成一款，會分散兩款膏的作用嗎？若藥效不影響，還可以節省一次製作過程，還請李大夫指教</p>",
      "level": 0,
      "highlight": false,
      "children": [
        {
          "id": "870bf26babef9b35f4326f79b25fd5bd",
          "author": "李宗恩",
          "time": "2024年06月05日 10:00",
          "content": "<p>診所試驗過，病人比較喜歡分開使用。</p>",
          "level": 1,
          "highlight": true,
          "children": [
            {
              "id": "f0ea1bf1828b8c334d6fcacd8c514157",
              "author": "sclin",
              "time": "2024年06月07日 06:51",
              "content": "<p>也就是說藥效是一樣的是嗎 因為紫草有顏色如果擦臉上青春痘，白天外出可能不是很美觀，我是這樣猜想要求分開使用</p>",
              "level": 2,
              "highlight": false,
              "children": []
            }
          ]
        }
      ]
    },
    {
      "id": "edc7426951866d7f717635acb8f8ed5e",
      "author": "小宇宙",
      "time": "2024年06月06日 07:32",
      "content": "<p>李医师，请教一下，两个问题：1.出生时因缺氧而造成的缺氧缺血性脑病（西医病名，姑且用之），导致现在的学习障碍与多动症状（当时西医医生就讲了将来可能会有学习障碍），我相信中医有办法，这个的调理方向是怎么样的 2.如果想提高一下孩子的智商，中医药能够提供的帮助有多大，我看倪师教材讲过，制远志，胡麻一类的中药可以让小孩子变得聪明，不知道是不是这样的。我的问题可能连最基本的常识都不具备，提问不妥之处还请李医生多谅解，能够费心讲解一下，谢谢您。</p>",
      "level": 0,
      "highlight": false,
      "children": [
        {
          "id": "8c1b49739ef9ef49fccc370c804a0618",
          "author": "李宗恩",
          "time": "2024年06月20日 09:48",
          "content": "<p>（1）中醫可以幫忙，但每個個案不一樣，得看診深入了解病情（2）效果有限，如果生理上沒有問題，想提升智力，得從訓練頭腦開始。</p>",
          "level": 1,
          "highlight": true,
          "children": []
        }
      ]
    },
    {
      "id": "2cb0839d028107f5813a429bfdbac9e8",
      "author": "吴宇",
      "time": "2024年06月17日 12:27",
      "content": "<p>请问一下李医师自己做的紫云膏不添加防腐剂大概可以保存多久啊？</p>",
      "level": 0,
      "highlight": false,
      "children": [
        {
          "id": "44c8cc65bd0a64bbb27674f9ed289101",
          "author": "李宗恩",
          "time": "2024年06月20日 12:38",
          "content": "<p>主要是看你每次使用時，造成多大的污染。</p>",
          "level": 1,
          "highlight": true,
          "children": []
        }
      ]
    },
    {
      "id": "33cb69383f43655f16c880695a65ffc1",
      "author": "吴宇",
      "time": "2024年06月28日 05:14",
      "content": "<p>好的 谢谢李医师</p>",
      "level": 0,
      "highlight": false,
      "children": []
    },
    {
      "id": "e3f0c4ba3e518ffcecddfea42f304511",
      "author": "易知",
      "time": "2024年11月22日 01:13",
      "content": "<p>李醫生，請問特質三黃膏針對皮下溼熱造成的面部發紅發癢，鱗屑等特徵，是否有收斂的效果。</p>",
      "level": 0,
      "highlight": false,
      "children": [
        {
          "id": "18c37af7065f5dd41467828f6ca67e1a",
          "author": "李宗恩",
          "time": "2024年12月09日 04:28",
          "content": "<p>你可以試一試</p>",
          "level": 1,
          "highlight": true,
          "children": []
        }
      ]
    },
    {
      "id": "69e204b9f95ffdb1b3abb5d18e583bce",
      "author": "王佑平",
      "time": "2024年11月25日 17:24",
      "content": "<p>李醫師您好,<br/>\n我是加拿大註冊中醫師，看了您的文章覺得寫得很好，我在做宣揚傳統中醫的影片，想引述您的文章作介紹，不知道方不方便?謝謝!</p>",
      "level": 0,
      "highlight": false,
      "children": [
        {
          "id": "2912f05ad04a09010942421deda741ac",
          "author": "李宗恩",
          "time": "2024年12月09日 04:52",
          "content": "<p>可以</p>",
          "level": 1,
          "highlight": true,
          "children": []
        }
      ]
    },
    {
      "id": "0bf0d49a1bc8fa18666309decaf26d8c",
      "author": "线速度v",
      "time": "2025年01月29日 20:09",
      "content": "<p>长痘，尝试制作特制三黄膏，泡了五天的药。没控制好火候，30分钟熬太久了，油已经发黑了，全部倒掉。新年的一次场失败。准备买三黄片，研磨湿敷，看看有没有好的效果。</p>",
      "level": 0,
      "highlight": false,
      "children": [
        {
          "id": "0a8e0112841a8753f917f6b15f0418ee",
          "author": "Jane. Zeng",
          "time": "2025年02月24日 17:58",
          "content": "<p>最近嘗試了兩次製作，第一次用部份藥粉+中藥碎片一起熬，感受是在熬制過程中要守住慢慢攪拌，確實不太好過濾(用紗袋過濾浪費會多一些)，加蜂蠟后凝固成色偏深但總體不錯，焦味偏濃但不影響使用效果。第二次是直接用中藥碎，泡的時候油量不夠完全覆蓋中藥材，偶爾翻一下藥材換位置讓其泡到油中，熬制的時候 同樣慢慢攪拌，成色相比更漂亮且少了焦味。親測擦小傷口恢復快且不留疤，好評！</p>",
          "level": 1,
          "highlight": false,
          "children": []
        }
      ]
    }
  ],
  "page": 18,
  "order": 2,
  "filename": "data\\page18\\page18_order1_3c0dc7368fa4f336f92af72e682fc23b.json",
  "timestamp": 1741493069.1205983
}