{
  "article_url": "https://andylee.pro/wp/?p=10901",
  "title": "不要強加中國地理特徵於中醫理論",
  "content": "<p>對中醫有些基本認識的讀者大概都知道，「東南西北」對應「生長收藏」、「春夏秋冬」、「木火金水」等，這是五行理論的基礎。毋庸置疑，這樣的方向概念，對歷代醫家的理論思維有很大的影響，在臨床治療方法上，也有非常多的表現。我們也常常在書籍中看到中國東南方濕熱，西北方乾寒，西南方山高，中原土壤肥沃等的敘述，然後把這些中國地理特徵加在人體各種問題的討論上面。 </p>\n<p>地理環境及氣候，當然會對人體有很大的影響，更何況中醫很多的論點本來就是從觀察天地變化而來。 「人法地，地法天，天法道，道法自然」的思維，在中華文化上也是深根柢固的。然而，這個中間存在著一個很大的矛盾，一方面，中醫在東南西北方向性上的應用，確實發展出有效的臨床治療架構。另一方面，中醫適用於各個不同的族裔 ，臨床上也證實對墨西哥人、巴西人、俄國人、法國人、剛果人、毛利人、夏威夷人等等不同血緣及成長地區的人都有治療效果。中國哪裡冷熱哪<meta charset=\"utf-8\"/>裡高低，對他們沒有什麽意義，他們的生理病理卻依然按照中醫的理論來運作。</p>\n<p>這樣一個矛盾，值得我們深思。有些大自然的因素會影響全世界各地的人事物，譬如太陽、地球、月球的運轉，南北極和赤道的溫度差異等等。這些因素適用於所有地區，當然也就適用於中國，影響中醫思維的發展，並沒有什麼爭議。不過，即使是全球性的因素，北半球和南半球的「<meta charset=\"utf-8\"/>東南西北」並非等同的。地球公轉及自轉的方向（angular momentum vector）是特定的， 月球公轉及自轉的方向是特定的，地球磁場的方向也是特定的，南北半球並不是 「翻過來」 或「差個半年」 就一樣。譬如，無論<meta charset=\"utf-8\"/>北半球還是南半<meta charset=\"utf-8\"/>球，太陽和月亮都是東方升起、西方落下，但<meta charset=\"utf-8\"/>北半球北方比南方冷、<meta charset=\"utf-8\"/>南半球南方比北方冷。那麼，北半球<meta charset=\"utf-8\"/>「生長收藏」及<meta charset=\"utf-8\"/>「木火金水」對應<meta charset=\"utf-8\"/>「東南西北」，南半球是不是該對應<meta charset=\"utf-8\"/>「東北西南」？一個順時鐘旋轉，另一個逆時鐘旋轉？類似這樣的南北半球差異也常常見到，譬如，地球自轉慣性造成科氏力（Coriolis Force），<meta charset=\"utf-8\"/>科氏力在南北極最大，在赤道等於零，因此導致北半球物體運動偏向自體的右側，<meta charset=\"utf-8\"/>南半球物體運動偏向自體的左側，這也導致了南北半球颱風相反的旋轉方向。然而，沒有中西醫學資料顯示南北半球族裔的生理病理有什麽明顯的差別，臨床上也只能觀察到生活習慣造成的差異，本質上並沒有太大的不同。</p>\n<p>怎麼解釋這樣的矛盾？我想需要更深入的研究。其中一個可能性是，在中醫理論的發展過程中，中國的地理因素有助於推理及建立思維架構，但最後得到的結論，卻是獨立於中國獨有地理特徵的。換句話說，「東南西北」成為一個抽象的意義，而非實質對應中國的地理。即使部分對應聽起來挺合理的，我們不能單純以中國地理特徵來解釋中醫的理論，更不能不斷延伸，把什麼奇特的中國地理特徵都和中醫扯在一起。</p>\n<p>當我們引用東南西北地理因素時，不要忘記仔細想想，這是一個思維模式建立的過程，還是臨床可以實證的結論？這是一個只適用於中國地理的因素，還是南北半球各種族裔都適用的情況？即使我們討論形而上、玄又玄的內容，也得玄得合理，玄得全面。</p>",
  "article_time": "2021年11月24日 12:42",
  "comments": [
    {
      "id": "d63b561b1ae8de383f071fee45a1210e",
      "author": "急求李宗恩老师帮忙诊治",
      "time": "2021年11月24日 17:25",
      "content": "<p>因在中国深圳市人民医院诊断为慢性粒细胞性白血病，急需李宗恩老师帮忙诊治！急！</p>",
      "level": 0,
      "highlight": false,
      "children": [
        {
          "id": "ef76bb27f30e0f15353934bab258a1a1",
          "author": "李宗恩",
          "time": "2021年11月30日 19:39",
          "content": "<p>請和診所聯絡: <a href=\"mailto:info@youngQi.com\">info@youngQi.com</a></p>",
          "level": 1,
          "highlight": true,
          "children": []
        }
      ]
    },
    {
      "id": "baddf30b1251b16c736bba35e4dceb9c",
      "author": "于洋",
      "time": "2021年11月24日 21:45",
      "content": "<p>你可以直接联系诊所预约李医师：</p>\n<p>Telephone： (650) 917-2355</p>\n<p>Email： <a href=\"mailto:info@youngQi.com\">info@youngQi.com</a></p>",
      "level": 0,
      "highlight": false,
      "children": []
    },
    {
      "id": "a850e85948301e952cc629a003ff9c74",
      "author": "深圳中医",
      "time": "2021年11月25日 14:52",
      "content": "<p>谢谢于馆长</p>",
      "level": 0,
      "highlight": false,
      "children": []
    },
    {
      "id": "85513f65bf33e41ff43a1fffcbecadd5",
      "author": "三一",
      "time": "2021年11月27日 18:53",
      "content": "<p>李医生，请问下，头顶百会2寸范围总是痒，还有貌似上火的红疹，会自己消失，时间也长，消了有长，同时也是在这个区域掉发严重，快秃了，这是何原因？肝火还是胃火？肝经络到百会，胃火上火会冲到头顶，所以联想到这两个,麻烦帮忙解惑，谢谢</p>",
      "level": 0,
      "highlight": false,
      "children": [
        {
          "id": "526f660b697e173f13495ebe1ef7461a",
          "author": "李宗恩",
          "time": "2021年11月30日 19:40",
          "content": "<p>中醫不以單一症狀來診斷，我也不在網上針對個案一一討論。</p>",
          "level": 1,
          "highlight": true,
          "children": [
            {
              "id": "840092565ac4d61f09196c9ae9741c6a",
              "author": "三一",
              "time": "2021年12月07日 18:25",
              "content": "<p>嗯，謝謝李醫生回覆，我不討論個案，可能我的表達有誤，是看了你的如何學習中醫臨床看診，很有感觸，不知道我這樣【搜集資料】的思考方向對不對</p>",
              "level": 2,
              "highlight": false,
              "children": []
            }
          ]
        },
        {
          "id": "80cefcb464abfc24eb3f294c593030f2",
          "author": "胡时竞",
          "time": "2021年12月07日 04:12",
          "content": "<p>真理是抽象的。中医若是真理，就不可能受非抽象具体事物的限制。抽象可以包含解释具体，但不能反之。但人们限于对真理（中医）的理解（来自天生的人的非抽象认知）的局限性,多数人自然而然的会将自身的具体的认知理解诠释真理的抽象认知。可谓“真理掌握在少数人手里”。很感激李医师的评论，为我们常人分辨良莠指出了一个明确的方向。</p>",
          "level": 1,
          "highlight": false,
          "children": []
        }
      ]
    },
    {
      "id": "f47838a69a13f79bef3839a6c76893cd",
      "author": "中医信仰者花候鸟",
      "time": "2021年12月07日 23:36",
      "content": "<p>中国在汉代就已经有张衡的地动仪来测定地震，可见汉代文明以前就已经有地球宇宙概念，所以我想中医里的东南西北不仅仅是中国，也是指地球宇宙吧！想把您的医案和倪老师的视频转载到我的个人微信公众号上，传播中医文化，同时记录我自己每天打卡学习，不知道您能否同意（以前的微信公众号叫“芳香袭人“，记录自己育儿和学习芳疗，现在想改为记录和推广中医文化学习，改名为长路同行或者医路同行或者不改名，希望您能授权转载相关医案和文文章，包括汉唐经方全球推广网的微信公众号的文章）</p>",
      "level": 0,
      "highlight": false,
      "children": []
    },
    {
      "id": "a768aa9fa033800e3a50b874e9d65a89",
      "author": "陸仁賈",
      "time": "2021年12月18日 19:10",
      "content": "<p>說到地理, 最近看到這個影片, 真得很有趣,李醫師參考下<br/>\n<a href=\"https://www.youtube.com/watch?v=MbYDoTG_ZnI&amp;ab_channel=%E8%87%AA%E8%AF%B4%E8%87%AA%E8%AF%9D%E7%9A%84%E6%80%BB%E8%A3%81\" rel=\"nofollow ugc\">https://www.youtube.com/watch?v=MbYDoTG_ZnI&amp;ab_channel=%E8%87%AA%E8%AF%B4%E8%87%AA%E8%AF%9D%E7%9A%84%E6%80%BB%E8%A3%81</a><br/>\n其實現在西醫很多所謂的”疾病”根本就是沒真正瞭解事情全部的來龍去脈, 像影片中毛利人的情況一樣, 別人好好的活了幾千年, 結果這些所謂的”醫學專家”一搞, 反倒搞出一堆問題, 鬧出人命</p>",
      "level": 0,
      "highlight": false,
      "children": []
    }
  ],
  "page": 12,
  "order": 6,
  "filename": "data\\page12\\page12_order5_526f660b697e173f13495ebe1ef7461a.json"
}