{
  "article_url": "https://andylee.pro/wp/?p=10830",
  "title": "簡體中文版正式出版",
  "content": "<figure class=\"wp-block-image size-large\"><a href=\"https://andylee.pro/wp/wp-content/uploads/2021/11/Book-02.png\"><img alt=\"\" class=\"wp-image-10833\" decoding=\"async\" fetchpriority=\"high\" height=\"1024\" sizes=\"(max-width: 1018px) 100vw, 1018px\" src=\"https://andylee.pro/wp/wp-content/uploads/2021/11/Book-02-1018x1024.png\" srcset=\"https://andylee.pro/wp/wp-content/uploads/2021/11/Book-02-1018x1024.png 1018w, https://andylee.pro/wp/wp-content/uploads/2021/11/Book-02-298x300.png 298w, https://andylee.pro/wp/wp-content/uploads/2021/11/Book-02-150x150.png 150w, https://andylee.pro/wp/wp-content/uploads/2021/11/Book-02-768x772.png 768w, https://andylee.pro/wp/wp-content/uploads/2021/11/Book-02.png 1382w\" width=\"1018\"/></a></figure>\n<p>經過大半年的規劃及編輯，新書《當張仲景遇上史丹佛》橫式簡體中文版出版了，感謝中國輕工業出版社及圓神出版社策劃編輯群的辛勞。</p>\n<p>簡體中文版可以在網上訂購：<a href=\"https://product.dangdang.com/29316844.html\">https://product.dangdang.com/29316844.html</a>。剛剛推出即登上當當網保健養生新書榜排名19位，再度感謝讀者們的支持！</p>\n<figure class=\"wp-block-image size-large\"><a href=\"https://andylee.pro/wp/wp-content/uploads/2021/11/Book-03.png\"><img alt=\"\" class=\"wp-image-10834\" decoding=\"async\" height=\"1024\" sizes=\"(max-width: 1006px) 100vw, 1006px\" src=\"https://andylee.pro/wp/wp-content/uploads/2021/11/Book-03-1006x1024.png\" srcset=\"https://andylee.pro/wp/wp-content/uploads/2021/11/Book-03-1006x1024.png 1006w, https://andylee.pro/wp/wp-content/uploads/2021/11/Book-03-295x300.png 295w, https://andylee.pro/wp/wp-content/uploads/2021/11/Book-03-768x782.png 768w, https://andylee.pro/wp/wp-content/uploads/2021/11/Book-03.png 1370w\" width=\"1006\"/></a></figure>\n<figure class=\"wp-block-image size-large\"><a href=\"https://andylee.pro/wp/wp-content/uploads/2021/11/Book-04.png\"><img alt=\"\" class=\"wp-image-10835\" decoding=\"async\" height=\"1024\" sizes=\"(max-width: 1013px) 100vw, 1013px\" src=\"https://andylee.pro/wp/wp-content/uploads/2021/11/Book-04-1013x1024.png\" srcset=\"https://andylee.pro/wp/wp-content/uploads/2021/11/Book-04-1013x1024.png 1013w, https://andylee.pro/wp/wp-content/uploads/2021/11/Book-04-297x300.png 297w, https://andylee.pro/wp/wp-content/uploads/2021/11/Book-04-768x776.png 768w, https://andylee.pro/wp/wp-content/uploads/2021/11/Book-04.png 1377w\" width=\"1013\"/></a></figure>\n<figure class=\"wp-block-image size-large\"><a href=\"https://andylee.pro/wp/wp-content/uploads/2021/11/Book-01.png\"><img alt=\"\" class=\"wp-image-10832\" decoding=\"async\" height=\"1024\" loading=\"lazy\" sizes=\"auto, (max-width: 883px) 100vw, 883px\" src=\"https://andylee.pro/wp/wp-content/uploads/2021/11/Book-01-883x1024.png\" srcset=\"https://andylee.pro/wp/wp-content/uploads/2021/11/Book-01-883x1024.png 883w, https://andylee.pro/wp/wp-content/uploads/2021/11/Book-01-259x300.png 259w, https://andylee.pro/wp/wp-content/uploads/2021/11/Book-01-768x890.png 768w, https://andylee.pro/wp/wp-content/uploads/2021/11/Book-01.png 1242w\" width=\"883\"/></a></figure>",
  "article_time": "2021年11月15日 10:57",
  "comments": [
    {
      "id": "b0a0bb78b4636b249a86163b320b956a",
      "author": "carey",
      "time": "2021年11月15日 17:54",
      "content": "<p>國内雙11我正好買書，發現某寶的當當網店鋪已經有宗恩老師的中文簡體版本了， 著實讓我這枚小粉絲興奮了一下，<br/>\n買了幾本除了自己看也送給一些親朋好友，<br/>\n下單后的第三天就收到了，紙張顔色舒服字體也較大，<br/>\n但很多章節的名字用的是西醫的病名，想必這樣可以讓老百姓更能看明白些吧。<br/>\n整本書大致先翻看了下，並沒有寫太多很複雜很深刻的醫學理論，還是比較易懂的，<br/>\n非常適合沒有中醫基礎的人群，讓我們這些小白樹立正確的醫學觀念。<br/>\n書中也較少提及李醫師在臨床上“驚心動魄”的病例（這是我覺得有點遺憾的地方）<br/>\n最後祝福《當張仲景遇上斯坦福》大賣，惠及大衆！</p>",
      "level": 0,
      "highlight": false,
      "children": [
        {
          "id": "b1e3d081201fb8f6a519488921e364a4",
          "author": "李宗恩",
          "time": "2021年11月15日 21:55",
          "content": "<p>謝謝你告訴我！</p>",
          "level": 1,
          "highlight": true,
          "children": []
        }
      ]
    },
    {
      "id": "c344859eedc011393dce2dcd29b265ca",
      "author": "莫桥兰",
      "time": "2021年11月16日 23:47",
      "content": "<p>李博士，我想把您的文章分享到我的公众号上，并且留下您的联系方式，或者挂上您的书的链接，可以吗？<br/>\n另外我想咨询一下，我的母亲有内风湿性关节炎，同时有糖尿病，我想给她吃乌头蜜来治疗她的关节炎，可以吗？川乌头在哪里买才能买到对的呢？</p>",
      "level": 0,
      "highlight": false,
      "children": [
        {
          "id": "72c2dd9b45a2503fa8c575312c9c91d6",
          "author": "李宗恩",
          "time": "2021年11月18日 20:21",
          "content": "<p>不要自己亂服用中藥，並不是聽到類風濕性關節炎就服用烏頭蜜。</p>",
          "level": 1,
          "highlight": true,
          "children": []
        }
      ]
    },
    {
      "id": "fc4de815b46517cbbd3ad488102d6a74",
      "author": "大陆深圳中医",
      "time": "2021年11月23日 04:46",
      "content": "<p>李老师的新著作在大陆第一次公开发行，我是学习大陆公益人纪班学员，是名主治中医师在深圳市罗湖区社康服务中心工作，最近被深圳市人民医院血液科确诊为慢性粒细胞性白血病，我该如何才能挂上李老师您的阳气诊所的患者号，只能在此留言。（广西中医学院毕业）</p>",
      "level": 0,
      "highlight": false,
      "children": [
        {
          "id": "5ef1ce69d4b42855a993d31d863b8580",
          "author": "李宗恩",
          "time": "2021年11月30日 19:37",
          "content": "<p>請和診所聯絡: <a href=\"mailto:info@youngQi.com\">info@youngQi.com</a></p>",
          "level": 1,
          "highlight": true,
          "children": [
            {
              "id": "d34db1a0311f3e3b29702a1d820a62a3",
              "author": "李阳小病友",
              "time": "2021年12月17日 03:41",
              "content": "<p>李老师您好，今天买的您的当张仲景遇上斯坦福当了，从拿回来就打开包装看了，现在看到您说的通许人民医院的事，在网上搜到您说的视频搬到，又意外看到您这个链接，就点进来了，我离通许很近的，不知道有没有在通许遇到您，我是一个病人，强直性脊椎炎，也是为了从小这个病，在疫情期间无意间搜到了倪师，然后一步步到今天，知道您真的很忙，不知道您能不能看到回复我，李阳，通许旁边的一个小病人，</p>",
              "level": 2,
              "highlight": false,
              "children": [
                {
                  "id": "c0270deec82075e55acb90b3d76660da",
                  "author": "李宗恩",
                  "time": "2021年12月19日 16:03",
                  "content": "<p>因為疫情，我已經很久沒到通許了。</p>",
                  "level": 3,
                  "highlight": true,
                  "children": []
                }
              ]
            }
          ]
        }
      ]
    },
    {
      "id": "0793c39094a261346b3afdc3c22febd6",
      "author": "雪妍堂",
      "time": "2021年11月23日 09:01",
      "content": "<p>支持了一下正版。不过我是京东上买的。倪海厦老师和李可是我比较认同的，现在也还在学习中。之前看过一段时间台湾的谭杰中的伤寒教程，后来放弃了，又回归到人纪。过段时间疫情过去了，买套正版的人纪DVD，现在没渠道也没经济实力。。</p>",
      "level": 0,
      "highlight": false,
      "children": []
    },
    {
      "id": "a7e8c40a61376532ccc5abbcc86d466a",
      "author": "Yingnan",
      "time": "2021年11月29日 23:00",
      "content": "<p>李医生你好，我个人是在大陆北京，请问北京附近有倪老师的学生看诊嘛？<br/>\n如果有能否告知推荐一下。<br/>\n谢谢！</p>",
      "level": 0,
      "highlight": false,
      "children": [
        {
          "id": "ebf510378f8e9b54978cc48b8cfa4856",
          "author": "李宗恩",
          "time": "2021年11月30日 19:41",
          "content": "<p>我不清楚。</p>",
          "level": 1,
          "highlight": true,
          "children": []
        }
      ]
    },
    {
      "id": "9fa45f424447555a311dd2b528440782",
      "author": "YcLin",
      "time": "2021年12月05日 07:24",
      "content": "<p>李医师您好，我最近买了您这本书在看，看到书里第四章乳房肿块这个病例的结尾有个疑问，您说这位患者每年冬天手脚再度变冰冷时会来复诊，服用中药来维持心脏及乳房健康。<br/>\n是不是说这位患者手脚冰冷的问题已经成为“常态”了，只要冬天到了手脚就会冰冷，自己的身体没办法维持那种手脚热的状态，而只能靠中药，是不是有些人冬天手脚冷的问题根本就没法治愈？</p>",
      "level": 0,
      "highlight": false,
      "children": [
        {
          "id": "c932c5b51a897ade588436f745b4ab2f",
          "author": "李宗恩",
          "time": "2021年12月07日 09:24",
          "content": "<p>這得看情況，一般而言是可以治愈的，但是有些病人天生心臟有嚴重的問題，他們心臟功能的上限在常人之下，那就得靠中藥來維持。</p>",
          "level": 1,
          "highlight": true,
          "children": []
        }
      ]
    },
    {
      "id": "418ace033ecf576445edf4ef624489fa",
      "author": "xiaoyuz",
      "time": "2021年12月05日 15:45",
      "content": "<p>再当当网买了简体版本的：当张仲景遇上斯坦福 （确定为正版） 结果里面的纸张很多有问题的 褶皱的 印刷不好的  退货了 又在淘宝高价买了繁体版  据说原来20多块RMB  我花了5倍的价格。。。。。。。。。。。。 繁体的书质量很好 症状名称完全和简体版不同</p>",
      "level": 0,
      "highlight": false,
      "children": [
        {
          "id": "5d1dc203b5410437159a8785440cc873",
          "author": "李宗恩",
          "time": "2021年12月07日 09:26",
          "content": "<p>這應該是少數例外，許多大陸讀者沒有遇到類似的問題。</p>",
          "level": 1,
          "highlight": true,
          "children": []
        }
      ]
    },
    {
      "id": "8c13f205776abdac34e488d9ba6f97ba",
      "author": "李阳小病友",
      "time": "2021年12月17日 03:53",
      "content": "<p>Your comment is awaiting moderation</p>\n<p>你好李老师，我刚刚发了一个消息，不知您能不能看到，因为上面有一窜Your comment is awaiting moderation<br/>\n英文不知道啥意思，我在发一个，我是那个，李阳小病友，</p>",
      "level": 0,
      "highlight": false,
      "children": []
    },
    {
      "id": "406c900d669450cd9314f3249b80252f",
      "author": "YcLin",
      "time": "2021年12月24日 22:42",
      "content": "<p>李医师您好，您的书里有的案例下人参是为了补津液，有的案例用人参是为了补气，如果下人参的目的是补气，您一般要下多少克才能达到补气的效果呢？还有的案例是用黄芪来补气，那黄芪和人参补气的区别又是什么呢？谢谢您回答。</p>",
      "level": 0,
      "highlight": false,
      "children": [
        {
          "id": "dc35d46caa8e5184eb21980ad212cb86",
          "author": "李宗恩",
          "time": "2022年01月01日 10:32",
          "content": "<p>這個你可以先從基本的中藥書籍學習。</p>",
          "level": 1,
          "highlight": true,
          "children": []
        }
      ]
    }
  ],
  "page": 12,
  "order": 8,
  "filename": "data\\page12\\page12_order7_c0270deec82075e55acb90b3d76660da.json"
}