{
  "article_url": "https://andylee.pro/wp/?p=2860",
  "title": "嚴重胸口痛到背部、呼吸困難、三尖瓣部位刺痛",
  "content": "<p>這位華人病人，約50歲，從中國吉林省飛來美國看女兒，在飛機上胸口痛到不行，他說那個痛從胸口直穿到背後，讓他無法呼吸，非常嚴重，三尖瓣部位也有刺痛。他覺得好像快要不行了，因而服用了救急的心臟病西藥，暫時穩住病情，下飛機後，仍然不行，每晚三點左右特別嚴重。</p>\n<p>這位病人，慢性問題還挺多的，慢性腎炎、腎結石、高血壓、高血脂、蛋白尿等等，長年服用一堆西藥，也隨身帶著心臟病急救藥物，深怕那天出問題。 另一方面，這位病人很有意思，他說他以前每個冬天都會參加吉林省的冬泳活動，不過，他也承認，可能是冬泳太多次，把身體搞壞了。</p>\n<p>05/26/2015 初診</p>\n<p>除了上面陳述的以外，病人手腳冷，身體很怕冷。不流汗，即使運動也不出汗。每天晚上睡覺都得起來小便兩三次，常做會害怕的惡夢。脈搏很慢，很細小。口氣重，舌頭胖大，整個舌頭白淡。眼睛瞳孔很小，對光反應差。病人以素食為主，很少吃紅肉。每次大便幾乎都是稀的。</p>\n<p>針灸：公孫、內關、巨闕、關元。</p>\n<p>開方：生附子、乾薑、炙甘草、栝蔞實、枳實、薤白、生半夏、生薑、厚朴、桂枝、人参、白朮、茯苓、杏仁、赤石脂。</p>\n<p>06/01/2015 複診</p>\n<p>病人情況好很多，只有一天早上有些胸口不適，其它時間都很好。</p>\n<p>其實，病人離健康還很遠，但是，他仍在上班，無法在美國久留，這週就得回中國。這樣的「急診」，雖然讓病人不再胸口痛、呼吸困難等，病人的心臟、腎臟等仍有許多問題，得繼續治療。於是，我先讓他帶幾週的中藥回中國，再過來看看能不能經過他女兒及視訊來複診，雖然會麻煩很多，總是得想辦法幫忙病人。</p>\n<p>寫到這裡，看到處方裡的「生附子」，突然想到另一個病人的故事。那位女病人有20年的「深在性紅斑狼瘡」（Lupus Erythematousus Profundus, LEP）病史，情況非常嚴重。看過很多中西醫，包括史丹佛大學醫院，除了十多年前有位很老的中醫治療的一年多有好一些，其它全然無效，甚至越治越糟！（病人說那位老中醫因為已經八十多歲了，後來搬回中國居住，使得她非得換醫師。）這位女病人的病情複雜，目前治療效果不錯，細節以後再寫成醫案，這裡想講的是一個小插曲。</p>\n<p>這位女病人看到報紙上廣告，灣區有位中醫師辦活動，特意請已故劉渡舟老中醫的一位關門弟子，從中國到灣區來短期講學及臨床教學門診。這位病人好奇之下，跑去試一試，想聽聽這位劉渡舟的弟子對她的病情有什麼看法。病人告訴我，這位中醫沒有解釋她的病情，只是幫她開了一付中藥方，以柴胡輩為主，典型的「和解」方。這樣的方劑，看得出來是和劉渡舟老中醫學過傷寒論的，只不過連病人自己都告訴我，她以前服用這樣的柴胡輩方，幾年都沒有用。但是，我們得給這位中國來的中醫一個公道，這種「只看一次」的「短期教學門診」，「表演」的成分大過「治病」，是很難看得出醫師功力的，也很難讓學生們學到什麼真功夫的。</p>\n<p>有趣的是，當我這位女病人向這位中醫解釋她的病史時，提及她目前正在服用以「生附子」為首的中藥方，是她多年來唯一覺得有用的方劑時，一群在旁邊見習的灣區中醫師及學生們，不約而同的都猜是「李宗恩」中醫師開的方！</p>\n<p>我沒想到灣區許多人把我的名字和「生附子」連在一起。其實，我不常使用「生附子」這味重藥，即使使用，劑量也不是太大，當然，當病人真的有需要時，我會小心的把劑量增大。換句話說，不是所謂的「經方家」，就是使用大劑量的生附子、炮附子、烏頭、生硫磺等，重點在於是否能讀懂與熟用「傷寒雜病論」裡許許多多的關鍵細節，在臨床上是否能因人因地因時地調整治療的戰略與步驟。</p>\n<p>今年十月，我再次受邀參加廣州中醫藥大學舉辦的第五屆國際經方班盛會，一起受邀的有王琦教授、劉力红教授、黄煌教授等幾位重量級的名醫，據我了解，他們在臨床上很少使用「生附子」，看來我還是得延續倪海廈老師的教學，討論較多使用「生附子」的醫案，釐清大家對「生附子」的好奇、疑惑、使用時機、及劑量等等。</p>\n<p> </p>\n<p> </p>\n<p> </p>\n<p> </p>\n<p> </p>",
  "article_time": "2015年06月03日 17:58",
  "comments": [
    {
      "id": "f6a2e405c5a993cd1a34d041dd34b4d4",
      "author": "逍遙中醫",
      "time": "2015年06月03日 20:13",
      "content": "<p>斷症正確，藥效神速！<br/>\n有關附子之用量，<br/>\n在香港亦曾出問題。。。</p>\n<p>不知李醫師開出此方，<br/>\n能否轉以藥粉沖劑代之？<br/>\n療效也相同嗎？</p>",
      "level": 0,
      "highlight": false,
      "children": [
        {
          "id": "bf99513c772cf26e68ff98d82e521748",
          "author": "andy",
          "time": "2015年06月04日 10:36",
          "content": "<p>一般市面上賣的「四逆湯」科學中藥粉劑，使用的是「炮附子」，而非「生附子」，兩者功用不同。如果沒有品質良好的「生附子」，可以視病人情況選擇代替的中藥，譬如肉桂（柬埔塞及越南產的肉桂，通常比中國產的肉桂效力強），效果可能慢許多，但是，比較穩當。</p>\n<p>自從倪海廈老師公開說明「傷寒雜病論」裡「生附子」與「炮附子」的不同，以及臨床使用「生附子」非常好的病例後，很多中醫師開始仿效使用「生附子」，一開始可能會看到一些「奇效」，於是就把「生附子」當成「神藥」，好像西醫使用類固醇一樣，什麼病人都開「生附子」，當這樣盲目的開方沒效時，不但不去思考其中的錯誤，反而不斷加大「生附子」的劑量，如此當然會出問題。</p>",
          "level": 1,
          "highlight": true,
          "children": []
        }
      ]
    },
    {
      "id": "3fb56c8cbf5a01dc61eeaae729bab026",
      "author": "Shanie",
      "time": "2015年06月04日 05:01",
      "content": "<p>李老师，您好，很冒昧地问一句您提及的十月经方班盛会对外开放旁听吗？如可，能否私下发个日期地址到我电子邮箱，非常感谢！</p>",
      "level": 0,
      "highlight": false,
      "children": [
        {
          "id": "03dabbd1e1e3623318c4d90a8e783ce9",
          "author": "andy",
          "time": "2015年06月04日 12:42",
          "content": "<p>主辦單位廣州中醫藥大學是要收費的，你得正式報名才可以參加。</p>",
          "level": 1,
          "highlight": true,
          "children": []
        }
      ]
    },
    {
      "id": "82da0073984d7383118c6a02897e4d13",
      "author": "李晨",
      "time": "2020年02月11日 05:40",
      "content": "<p>请问，李医生，这位冬泳患者后期怎么样了呢？<br/>\n心脏还有哪些问题，能否给一个思路启发。</p>",
      "level": 0,
      "highlight": false,
      "children": [
        {
          "id": "27dd336e6ad98e1d5e27d01409ec7e8b",
          "author": "andy",
          "time": "2020年02月12日 11:22",
          "content": "<p>這位病人後來沒有犯病，情況良好。心臟的問題可以很多，非三言兩語能解釋，你得先自己學習，有個基礎再討論。</p>",
          "level": 1,
          "highlight": true,
          "children": []
        }
      ]
    },
    {
      "id": "94f437bb0e1e772455934697219888a3",
      "author": "壮",
      "time": "2023年08月01日 20:25",
      "content": "<p>您好 李老师！</p>\n<p>倪老师在金贵要略中说舌头胖大 有齿痕，舌中间有地图痕，心痛是持续的痛，是病在内的实症血管堵塞。<br/>\n那当舌头胖大周边齿痕，舌苔白厚，舌中间有裂痕，胸闷气短，脉结代，沉弦，无持续的心痛可以理解为虚症吗？<br/>\n请问是因为心血管有寒湿堵塞，还是心包膜寒湿引起，还是说两种症状都有轻微的寒湿堵住呢？<br/>\n或者同时也有脾湿重引起的这些症状？子脾能令母心虚这种情况吗？</p>",
      "level": 0,
      "highlight": false,
      "children": [
        {
          "id": "c02b06ee9d2178c16030cfc0ea62b25f",
          "author": "李宗恩",
          "time": "2023年08月03日 09:19",
          "content": "<p>實證虛證不是那麼單純，一個臟腑可以同時有實證和實證，譬如心臟既衰弱又有梗塞。</p>",
          "level": 1,
          "highlight": true,
          "children": [
            {
              "id": "2aabcda004974d490336deee60fabd3d",
              "author": "壮",
              "time": "2023年08月03日 19:27",
              "content": "<p>请问李老师如何严谨的辩证虚症实症，找到病根呢？是要熟悉灵活运用黄帝内经，六经辩证，八纲辨证吗？</p>\n<p>一个臓腑可以有虚症实症，请问是先有虚症，后加重变成虚症实症并起，再转为实症吗？</p>",
              "level": 2,
              "highlight": false,
              "children": [
                {
                  "id": "7892e37fdf0b374c4f7fda49da105679",
                  "author": "李宗恩",
                  "time": "2023年08月03日 21:46",
                  "content": "<p>深入研讀倪海厦老師的中醫教材。</p>",
                  "level": 3,
                  "highlight": true,
                  "children": [
                    {
                      "id": "0e84299b17e3584a38d9409e9da67426",
                      "author": "壮",
                      "time": "2023年08月03日 23:38",
                      "content": "<p>好的 感谢李宗恩老师您的指导与回复！感恩缘分让我结识到倪海厦老师和李宗恩老师。<br/>\n您分享的紫云膏做法，我用茶油替代了麻油和橄榄油，对治疗湿疹、 皮肤痒，虫咬痒，效果很好，不会留疤。对比较重的湿疹我先涂紫云膏后又涂上蛇床子粉一起并用，恢复效果很好。感谢您的大翳大爱之心。<br/>\n麻烦有机会分享寫篇文章來教大家如何自己製作各種鐵打損傷、筋骨酸痛的中藥膏、中藥油。</p>",
                      "level": 4,
                      "highlight": false,
                      "children": []
                    },
                    {
                      "id": "c6941c140c6e59bf37e68afd1c5cfbc3",
                      "author": "李宗恩",
                      "time": "2023年08月04日 12:49",
                      "content": "<p>謝謝你的分享。</p>",
                      "level": 4,
                      "highlight": true,
                      "children": []
                    }
                  ]
                }
              ]
            }
          ]
        }
      ]
    },
    {
      "id": "78d199face28e87dbaa7354b62b8e103",
      "author": "劉德毅",
      "time": "2024年08月30日 04:42",
      "content": "<p>能詢問一下李醫師，藥方裏赤石脂的使用方義嗎</p>",
      "level": 0,
      "highlight": false,
      "children": [
        {
          "id": "bb5934410f43f3063cde7b8a67594163",
          "author": "李宗恩",
          "time": "2024年09月01日 10:30",
          "content": "<p>止痢</p>",
          "level": 1,
          "highlight": true,
          "children": []
        }
      ]
    },
    {
      "id": "825d471af10dfdd6950732f6676f4ee8",
      "author": "君荷",
      "time": "2024年11月27日 05:23",
      "content": "<p>生附子、乾薑、炙甘草强心；栝蔞實、枳實、薤白去心包周围痰饮；生半夏、白朮去全身痰饮；茯苓利水，把痰饮带走；人参补虚。如有错误，请李老师指正。另外请问李老师：厚朴、桂枝、杏仁在本方中的作用是什么？谢谢！</p>",
      "level": 0,
      "highlight": false,
      "children": [
        {
          "id": "1577b424c8441c828d84ce1b9f437e1e",
          "author": "李宗恩",
          "time": "2024年12月09日 05:02",
          "content": "<p>我建議你先去好好研讀倪海厦老師的中醫教材，如果你不知道那幾味藥的作用，加上你之前問的問題，看來你還沒有足夠的基本知識，就開始東想西想，思而不學則殆。</p>",
          "level": 1,
          "highlight": true,
          "children": []
        }
      ]
    },
    {
      "id": "507f921392f234754e282c22b48c68c1",
      "author": "君荷",
      "time": "2024年12月10日 04:49",
      "content": "<p>李老师所言极是。我一直在学习倪师的人纪课程，我一定会继续努力，争取早日入门。</p>",
      "level": 0,
      "highlight": false,
      "children": []
    }
  ],
  "page": 54,
  "order": 3,
  "filename": "data\\page54\\page54_order2_3fb56c8cbf5a01dc61eeaae729bab026.json"
}