{
  "article_url": "https://andylee.pro/wp/?p=2903",
  "title": "FM 96.1: 臨床效果驗證著傳統中醫的智慧",
  "content": "<!--[if lt IE 9]><script>document.createElement('audio');</script><![endif]-->\n<audio class=\"wp-audio-shortcode\" controls=\"controls\" id=\"audio-2903-1\" preload=\"none\" style=\"width: 100%;\"><source src=\"https://andylee.pro/wp/wp-content/uploads/2015/06/dr_case_20150505_510-542pm_32m21s_converted.mp3?_=1\" type=\"audio/mpeg\"/><a href=\"https://andylee.pro/wp/wp-content/uploads/2015/06/dr_case_20150505_510-542pm_32m21s_converted.mp3\">https://andylee.pro/wp/wp-content/uploads/2015/06/dr_case_20150505_510-542pm_32m21s_converted.mp3</a></audio>\n<p>高科技背景以及美國教育下拿到ＭＢＡ碩士學歷的我，接受了所謂西方的知識的訓練，在學習有成後，總覺得對人生還是存在著許多迷惑，其中當然包括父親罹患癌症，而西醫束手無策之際，才發現許多問題的答案竟然就在家裡古籍藏書中，因緣際會再次接觸這些經典，這才發覺兒時所背誦的古典充滿了道理，輾轉接軌至中醫的領域後，臨床病人的反饋在在印證了中醫古籍的博大精深。</p>\n<p>我們回頭來看先前討論過的臨床實例。一名四歲女孩，由十一個月大開始癲癇發病，史坦佛醫院也束手無策，並且讓女童服用神經阻隔劑，讓癲癇變少，但造成學習緩慢的副作用，發病時全身抖動還會跌倒，中醫如何看待這案例呢？中醫認為，脾主四肢，主肌肉，也是控管痰的臟器，而中醫認為癲癇與痰飲有著密切關係，而痰飲的顏色分為青、赤、黃、白、黑代表不同的器官，我們以小建中湯為主要建脾的湯方，服用一個月以來癲癇發作的次數明顯下降，而最近一次的發作是由感冒時服用了西藥所引起，從發作的程度來看，也較於以前來的輕微，有趣的事情就在於，這個疾病的發展和施藥後，都再次驗證中醫思維邏輯的正確性，這是一個很典型西醫束手無策但在中醫照書生病的好例子，不禁讓我再次佩服古人的智慧。</p>\n<p>案例一：江女士，九歲女兒吃飯沒有胃口，偏食，不愛吃青菜，晚上肚子鼓氣，身材適中，想請問李醫師的建議？</p>\n<p>小孩偏食的原因中醫認為跟脾臟有關，在脾有寒證時會特別挑食，日常可以使用食療幫助，但建議就診才能更進一步的了解。</p>\n<p>案例二：趙先生，六十歲，心肌損害，西醫確診心房顫動，想請問李醫師中醫如何幫助？</p>\n<p>中醫認為心陽以及心血都虛損後，心臟就會不規則跳動，西醫或許會給予避免中風的藥物，造成心臟更衰弱的副作用，而中醫可以使用炙甘草湯加上個人的症狀調整，達到幫助心臟的效果。</p>\n<p>案例三：王太太，多年前一直有腳踝腫，晚睡時腳腫更甚直到小腿，西醫檢查數據都正常，國內的中醫診斷為氣腫，想請問李醫師的看法？</p>\n<p>中醫認為水腫在腳踝跟心臟較有密切關聯，心主五液，由於心臟功能不足造成水液不流暢，當然可以藉由利水藥加上硫磺的幫助來動水液循環，也建議親自就診才能更正確判斷問題根源。</p>\n<p><strong>（語音檔案由FM96.1電台提供，文章摘錄自語音檔案內容，部分文字略有異同，敬請見諒。）</strong></p>",
  "article_time": "2015年05月05日 15:50",
  "comments": [],
  "page": 54,
  "order": 10,
  "filename": "data\\page54\\page54_order9_c61c5ad9a94c5983d9ef739458698288.json"
}