{
  "article_url": "https://andylee.pro/wp/?p=3654",
  "title": "FM96.1 ：中醫解讀「眩暈症」— 腎水上逆",
  "content": "<!--[if lt IE 9]><script>document.createElement('audio');</script><![endif]-->\n<audio class=\"wp-audio-shortcode\" controls=\"controls\" id=\"audio-3654-1\" preload=\"none\" style=\"width: 100%;\"><source src=\"https://andylee.pro/wp/wp-content/uploads/2016/07/drcase_20160705_509-544pm_31m05s_converted.mp3?_=1\" type=\"audio/mpeg\"/><a href=\"https://andylee.pro/wp/wp-content/uploads/2016/07/drcase_20160705_509-544pm_31m05s_converted.mp3\">https://andylee.pro/wp/wp-content/uploads/2016/07/drcase_20160705_509-544pm_31m05s_converted.mp3</a></audio>\n<p>一名八十幾歲的老太太，平時感覺嚴重眩暈、無法下床，吃東西感到反胃想吐，空腹也覺得反胃，接受過中、西醫的治療都未能好轉。診斷之後，判斷這位老太太的病位在＂腎　＂，由於腎陽不足導致　＂腎水上泛　＂，上泛至中膈造成眩暈，並非像西醫認為眩暈的病位在內耳系統；另外，脾臟有濕也會水泛中膈，但是這類的眩暈往往在平躺後會改善，與＂腎水上泛＂有所差別。告知病人腎臟為病因後，婦人隨即提到自己一邊腎臟因發炎而切除，同時隨著年紀的增長，腎臟的功能相對也虛弱，最令人擔心的不是婦人眩暈的問題，而是腎水上泛至肺，就會造成肺寒咳嗽，而老人家容易受寒抵抗力低弱，交叉感染引發肺炎，更進一步的形成肺積水，造成嚴重後果。</p>\n<p>在治療這類老人家眩暈的用藥，第一步，使用藥力較輕的科學中藥粉，老太太夜晚眩暈狀況就明顯改善，而白天仍然有眩暈，這也反映了老太太的病情屬「陰病」，所以晚上的症狀較為嚴重；第二步，使用藥力較強的水藥，藥方「真武湯」當中的炮附子熱腎，起到收陽之功，再加上利水藥物幫助排水，老太太的眩暈程度和頻率明顯下降了，患者接續治療中，只要病患身體能依靠良好的生活作息維持健康，就可以停藥，無須長期依靠醫師的處方以及治療。</p>\n<p>中醫辯證的名詞時常廣泛的涵蓋許多症狀，例如：濕證，其中濕在不同的部位就會有不同的症狀，濕在骨節，就形成類似所謂的風濕關節炎；濕在體表，產生所謂的牛皮癬徵狀，這就是當中醫治療時常出現的問題，上一個中醫辯證名詞廣泛的涵蓋許多症狀，造成許多時候病人的病例難以追蹤，這也是中醫需要努力求進步的地方，讓診斷的語言能夠有系統化的使用，希望未來藉由國家單位統籌，讓中醫治療疾病的有效力更普及。</p>\n<p>案例一：張女士，暈眩和嘔吐的現象，是否可以對應西醫所說的 　”vertigo”？曾經忽然感到眩暈，甚至無法行走，在西醫建議下服用西藥後緩解，想請問李醫師原因？</p>\n<p>所謂的”vertigo”泛指著眩暈的現象，而中醫的眩暈的方式不同，代表的病因位置也不同。西醫對於眩暈患者，往往查不出原因，會使用壓抑感覺神經的藥物遲緩神經，暫時麻痺眩暈症狀。這位患者初判，當時可能過於勞累，加上飲食的因素，造成脾臟無法運化水濕，而暫時有眩暈的情形，建議可以尋求中醫師親自就診，找到病因解決問題。</p>\n<p><strong>（語音檔案由FM96.1電台提供，文章摘錄自語音檔案內容，部分文字略有異同，敬請見諒。）</strong></p>",
  "article_time": "2016年07月05日 15:51",
  "comments": [
    {
      "id": "843a76dec117fd3c993b583a628072c0",
      "author": "Shamrock",
      "time": "2020年08月17日 17:23",
      "content": "<p>李醫生請教一下，倪老師說甘草蓄水，排水的時候盡量不用甘草，所以真武湯沒有甘草，那麼苓桂術甘湯卻有甘草？甘草在這裡的作用是？</p>",
      "level": 0,
      "highlight": false,
      "children": [
        {
          "id": "7e41b251e32f840947fc1256f211057e",
          "author": "李宗恩",
          "time": "2020年08月17日 17:46",
          "content": "<p>苓桂朮甘湯用的是炙甘草，炙甘草較不蓄水，卻保持甘草合胃補中的功能，加上炙過苦味入心，心主五液，強心有助於利水。</p>",
          "level": 1,
          "highlight": true,
          "children": []
        }
      ]
    },
    {
      "id": "8c237434a909a80fd939a8d76566e2dd",
      "author": "Shamrock",
      "time": "2020年08月17日 19:48",
      "content": "<p>謝謝李醫生！</p>",
      "level": 0,
      "highlight": false,
      "children": []
    },
    {
      "id": "bbfac9d7578dd93d20658d52b51a2508",
      "author": "Shamrock",
      "time": "2020年09月05日 13:24",
      "content": "<p>李醫生繼續請教一下，我現在去藥房買的炙甘草都是黏黏的蜜炙甘草，根本沒有苦味，蜜炙甘草是不是錯的？李醫生診所用的炙甘草是哪一種？謝謝！</p>",
      "level": 0,
      "highlight": false,
      "children": [
        {
          "id": "ef230dc3b2d4cd31234019fb9fa5d6f5",
          "author": "李宗恩",
          "time": "2020年09月08日 15:17",
          "content": "<p>蜜炙甘草還是有苦味，雖然古代炙甘草不是蜜炙，現在市場賣的炙甘草幾乎都是蜜炙，只要製作良好，可以使用的。</p>",
          "level": 1,
          "highlight": true,
          "children": []
        }
      ]
    },
    {
      "id": "9f9cfd2736613418cff593187a8bcfb3",
      "author": "KK",
      "time": "2021年09月23日 12:52",
      "content": "<p>李醫師您好，我住在Oregon, 我住在灣區的大媳婦非常、非常推崇您(她在您診所打過工)。</p>\n<p>我的眩暈毛病大約有15年了(50多開始今年71)，因為一年大約一兩次，每次半天到一天就恢復正常，所以即使原因不明，也並沒有積極求診。<br/>\n可是昨天清晨還未下床就覺得天旋地轉，下不了床，一動就吐，但是因為胃裡沒東西，不是乾嘔就是吐胃液、黃膽汁，這從來沒有的症狀，把我嚇壞了。</p>\n<p>到了下午即使暈眩改善很多，看了Urgent Care,在Lobby又吐了第6次。<br/>\n在排除中風腦震盪這種其他的可能後，醫生也只是說明一下暈眩的原因(果然如李醫師說的，都說是內耳問題)，然後就開藥(還沒去拿，所以沒搞清楚藥名)，24小時候的現在好很多，只是胃似乎發炎受傷，完全沒有食慾，也感覺藥吃不吃都無所謂。</p>\n<p>想請問李醫師的是:<br/>\n1. 這樣來得急去得快的症狀，有中藥可以應急嗎?<br/>\n2. 除了應急治標之外，有什麼方法可以治本改善嗎?</p>",
      "level": 0,
      "highlight": false,
      "children": [
        {
          "id": "41e61c2805ed69145e715e8c7849d77b",
          "author": "李宗恩",
          "time": "2021年09月23日 16:06",
          "content": "<p>聽起來應該不難治，中醫可以應急及治本，但並不是那個症狀就服用什麽中藥方劑，每個病人都不一樣。</p>",
          "level": 1,
          "highlight": true,
          "children": []
        }
      ]
    },
    {
      "id": "256f95b3a199644583807373dd6e2d25",
      "author": "KK",
      "time": "2021年09月27日 18:59",
      "content": "<p>聽說李醫師有開線上診療，請問要怎麼才能看得到?</p>",
      "level": 0,
      "highlight": false,
      "children": [
        {
          "id": "a9f7be2256714ca85fda622da6c11e65",
          "author": "李宗恩",
          "time": "2021年10月02日 19:53",
          "content": "<p>請聯絡診所：info@youngQi.com</p>",
          "level": 1,
          "highlight": true,
          "children": []
        }
      ]
    }
  ],
  "page": 45,
  "order": 2,
  "filename": "data\\page45\\page45_order1_7e41b251e32f840947fc1256f211057e.json"
}