{
  "article_url": "https://andylee.pro/wp/?p=3431",
  "title": "台灣工研院 4/27應邀演講",
  "content": "<p><a href=\"https://andylee.pro/wp/wp-content/uploads/2016/04/Screen-Shot-2016-04-12-at-10.01.50-AM.png\" rel=\"attachment wp-att-3517\"><img alt=\"Screen Shot 2016-04-12 at 10.01.50 AM\" class=\"alignnone size-full wp-image-3517\" decoding=\"async\" fetchpriority=\"high\" height=\"789\" sizes=\"(max-width: 560px) 100vw, 560px\" src=\"https://andylee.pro/wp/wp-content/uploads/2016/04/Screen-Shot-2016-04-12-at-10.01.50-AM.png\" srcset=\"https://andylee.pro/wp/wp-content/uploads/2016/04/Screen-Shot-2016-04-12-at-10.01.50-AM.png 560w, https://andylee.pro/wp/wp-content/uploads/2016/04/Screen-Shot-2016-04-12-at-10.01.50-AM-213x300.png 213w\" width=\"560\"/></a></p>\n<p>時間：4/27（週三），9:30am～11:30am</p>\n<p>地點：工研院（新竹）<span lang=\"EN-US\">51</span>館<span lang=\"EN-US\"><wbr/>4</span>樓國際會議廳</p>\n<p>講題：中醫對重症的治療：如何結合中醫經典智慧與現代生物科技</p>\n<p>據我了解，工研院的同仁需要事先登記，保留座位名額。去年工研院演講，名額全滿，使得不少工研院同仁無法參加，所以，我不確定這次主辦單位是否願意對外開放一小部份座位。</p>\n<p>（下面片為去年的演講）</p>\n<p><a href=\"https://andylee.pro/wp/wp-content/uploads/2015/04/IMG_3186.jpg\" rel=\"attachment wp-att-2772\"><img alt=\"IMG_3186\" class=\"alignnone size-large wp-image-2772\" decoding=\"async\" height=\"683\" sizes=\"(max-width: 1024px) 100vw, 1024px\" src=\"https://andylee.pro/wp/wp-content/uploads/2015/04/IMG_3186-1024x683.jpg\" srcset=\"https://andylee.pro/wp/wp-content/uploads/2015/04/IMG_3186-1024x683.jpg 1024w, https://andylee.pro/wp/wp-content/uploads/2015/04/IMG_3186-300x200.jpg 300w, https://andylee.pro/wp/wp-content/uploads/2015/04/IMG_3186-480x320.jpg 480w\" width=\"1024\"/></a></p>\n<p> </p>\n<p> </p>",
  "article_time": "2016年03月01日 08:44",
  "comments": [
    {
      "id": "9583b1434ccc7e5d83ca21caffe7d1e3",
      "author": "chlin",
      "time": "2016年03月02日 23:38",
      "content": "<p>可以請李醫師要求工研院錄影，然後放在網路上嗎？</p>",
      "level": 0,
      "highlight": false,
      "children": [
        {
          "id": "a8e0b083b48cae4d2dc4ffb63a4f4253",
          "author": "andy",
          "time": "2016年03月03日 14:24",
          "content": "<p>工研院應該會像上次一樣全程錄影，我跟他們再確認一下。</p>",
          "level": 1,
          "highlight": true,
          "children": []
        }
      ]
    }
  ],
  "page": 47,
  "order": 8,
  "filename": "data\\page47\\page47_order7_913bbeced209f73022a09d9469460021.json"
}