{
  "article_url": "https://andylee.pro/wp/?p=3446",
  "title": "妥瑞症（Tourette Syndrome / Tic Disorders）",
  "content": "<p>現在越來越多的小孩子會不自主的亂動，譬如眼睛一直往一邊看、眼皮亂眨、嘴巴亂動、頭轉來轉去、手腳亂敲亂踢等等，一開始家長會以為小孩子很皮，喜歡亂動搗亂，罵了幾次以後發現不對勁，家長意識到小孩子沒有辦法控制自己，那些亂動是不自主的，這時候家長緊張了，帶去看西醫，沒多久小孩子就被認定是妥瑞症（Tourette Syndrome / Tic Disorders）。這下子事情大了，因為西醫認為妥瑞症一半是基因遺傳，詳細原因仍無解，也沒有好的治療方式。而小孩子被認定是妥瑞症後，被大人「說服」他們有問題、和一般人不一樣，表面上這些小孩子學習如何當一個「比較好的妥瑞症病人」，其實小孩子已經被貼上標籤，他們也認得自己「不正常」，結果承受更多壓力，妥瑞症的現象更嚴重！</p>\n<p>其實，中醫是可以解決的，我幫助過不少妥瑞症的小孩子。中醫把這些動來動去的現象叫做「風動」，而黃帝內經說：「諸風掉眩，皆屬於肝」，而臨床上看到這些妥瑞症的小孩子，大多是脾臟不好，食物營養無法正常吸收、運送給肝臟，導致肝血虛，而產生那些「風動」的現象。 往往不需要什麼重藥，小建中湯加酸棗仁湯就可以有很大的效果。</p>\n<p>最近有位小病人，10歲左右，美國出生的華人，幾個月前開始左邊眼睛、眼皮亂動，接下來嘴巴常常向左邊歪，接下來左手亂動、左手指亂敲等等，西醫認為是妥瑞症，媽媽很緊張，帶小孩子來看診。 這位小病人比較瘦，已經有近視眼，還沒看診，肝脾的問題就已經浮現出來。媽媽說小孩子很乖，功課也很好，這學期學校考試比以前多了，小孩子有些壓力，每次要考試時，亂動的現象就會加重，其實，這樣的模式再度指向肝臟的問題。配合其它望聞問切的診斷，我覺得又是一個脾虛肝血虛的病人，沒用必要被西醫的病名給嚇壞了。開方為我常用的「小建中湯、酸棗仁湯科學中藥粉劑，加上麥芽糖」。</p>\n<p>果然，這位小病人服用中藥兩週後，亂動的現象轉好，繼續讓他服用同樣的中藥粉劑兩三週。複診時，媽媽說他已經很少有亂動的現象，最多一週有一兩次左手指敲桌子的現象，但是，小孩子表示，只要有人提醒他一下，他可以馬上停止，不像以前是無法自我控制的。</p>\n<p>寫這個醫案的目的是，提醒家長不要給小孩子貼標籤，傷了小孩子的自尊心，害小孩子自己給自己設立一個限制他的思維。很多小孩子的問題，西醫定下各種嚇人的病名，在中醫看來卻沒用多嚴重。你可以追根究底的問西醫，到底哪一個基因有問題，造成哪一部分的腦神經亂放電而導致「妥瑞症」，花上幾年的時間，即使了解了原因，病還是沒用治好。或者，你可以尋求中醫的幫忙，你可能搞不懂什麼是「風動」，你也不懂這麼簡單的中藥粉劑為什麼可以治療西醫無法治療的「疾病」，但是，重點是小孩子好了！做家長的，可以仔細想一想。</p>\n<p> </p>\n<p> </p>\n<p> </p>",
  "article_time": "2016年03月08日 15:55",
  "comments": [
    {
      "id": "58807f599b591803f04040256ec115f7",
      "author": "逍遙中醫",
      "time": "2016年03月09日 06:00",
      "content": "<p>我曾治過一名十歲大的妥瑞症男孩，<br/>\n用的是疏肝調脾法，<br/>\n也用小建中湯和小柴胡湯，<br/>\n再加上平甩功…..</p>\n<p>因為小孩子的媽媽從旁協助，<br/>\n每天陪患童練功，終才有治癒之機。</p>",
      "level": 0,
      "highlight": false,
      "children": [
        {
          "id": "8d2a31d44f6967805c7f73bf92622fa0",
          "author": "andy",
          "time": "2016年03月09日 15:58",
          "content": "<p>謝謝你的分享。對於小孩子的「風動」，我比較偏向「養」，比較少用「清」，所以喜歡用酸棗仁湯，較少用柴胡輩。</p>",
          "level": 1,
          "highlight": true,
          "children": []
        },
        {
          "id": "38e498c1270484bdfaeaeaa65e93d2eb",
          "author": "Joy",
          "time": "2024年04月13日 21:20",
          "content": "<p>请问平甩功是什么？</p>",
          "level": 1,
          "highlight": false,
          "children": [
            {
              "id": "b026c92c185bef98d8ce037dc99428c8",
              "author": "Chia",
              "time": "2024年06月06日 19:58",
              "content": "<p>你搜尋梅門平甩功，是一種很簡單的體操</p>",
              "level": 2,
              "highlight": false,
              "children": []
            }
          ]
        }
      ]
    },
    {
      "id": "15aeb56b5e75b8e36a9104868efe5871",
      "author": "沈阳高泽",
      "time": "2016年03月19日 06:39",
      "content": "<p>李医生，我的孩子发育迟缓，体瘦发黄，注意力差，舌苔白，嘴的四周发青，食欲差，可否使用小建中汤加酸枣仁汤治疗？</p>",
      "level": 0,
      "highlight": false,
      "children": [
        {
          "id": "46be6759229dd2a269cd4068a72af075",
          "author": "andy",
          "time": "2016年03月20日 20:16",
          "content": "<p>不一定是最適合的方劑，但是，你可以試一試，多少應該會有幫助。</p>",
          "level": 1,
          "highlight": true,
          "children": [
            {
              "id": "4ec42d5f1ae8f7270e2cb068329f0a12",
              "author": "Juby",
              "time": "2016年04月10日 21:15",
              "content": "<p>李醫師, 姪兒有妥瑞症, 請問你的診所在那裡可預約?</p>",
              "level": 2,
              "highlight": false,
              "children": [
                {
                  "id": "1fb52498b9c02a2f48e0d51092e10184",
                  "author": "andy",
                  "time": "2016年04月10日 22:25",
                  "content": "<p><a href=\"https://andylee.pro/wp/?page_id=2115\" rel=\"ugc\">https://andylee.pro/wp/?page_id=2115</a></p>",
                  "level": 3,
                  "highlight": true,
                  "children": []
                }
              ]
            }
          ]
        }
      ]
    },
    {
      "id": "0ec1cd2fe4762b4c68e8a5cb3040f44f",
      "author": "Connie",
      "time": "2021年06月28日 18:41",
      "content": "<p>李醫師您好<br/>\n我四歲兒子最近開始會不定時的眨眼搖頭，感覺很像是妥瑞症<br/>\n請問是否能推薦可治療妥瑞症的台灣中醫診所?<br/>\n我現在非常擔心<br/>\n謝謝</p>",
      "level": 0,
      "highlight": false,
      "children": [
        {
          "id": "1cfbcc16e0353183f94675f917fe70eb",
          "author": "李宗恩",
          "time": "2021年06月28日 19:04",
          "content": "<p><a href=\"http://hantang.health/wp/list/\" rel=\"nofollow ugc\">http://hantang.health/wp/list/</a></p>",
          "level": 1,
          "highlight": true,
          "children": []
        }
      ]
    },
    {
      "id": "5d042b2d68338f3a5295c45d3925beb5",
      "author": "周江浩",
      "time": "2022年04月03日 21:45",
      "content": "<p>我小时候有过这样的症状：吃东西没什么味道，较其他小孩显得格外消瘦，精力却非常旺盛，常常会打坏家里的碗盘，一碗饭都吃不下去，坐凳子上脚喜欢抖，手在桌子上摸来摸去，反正在家里做不住，就想出去玩，晚上睡觉就翻来覆去，睡姿很差。</p>\n<p>我妈找当地土郎中看，说是食积，在四缝处放血，效果不佳。<br/>\n现在看来我小时候的症状和李医师说的妥瑞症真的很像。</p>",
      "level": 0,
      "highlight": false,
      "children": []
    },
    {
      "id": "dc38d8e526ba2b7056230e00dcc63c22",
      "author": "小宇宙",
      "time": "2024年01月29日 07:04",
      "content": "<p>您好李博士，还是想问关于妥瑞症的问题，为什么妥瑞症基本痊愈后，长时间的看电视或者手机，又特别容易引起症状反复呢。还有，北京的中医讲治疗是扶土抑木的方向，用药时间很长，按月计算，那种诊断提法是正确的吗，请指点迷津，感谢李博士。</p>",
      "level": 0,
      "highlight": false,
      "children": [
        {
          "id": "072a9e08748ceef96de1869ece3b0a09",
          "author": "李宗恩",
          "time": "2024年01月30日 09:22",
          "content": "<p>一般而言，妥瑞症為腦內痰飲引起的，任何損傷脾臟的事情，都有可能增加痰飲，而導致妥瑞症發作，這當然包括長時間刷手機造成疲憊。另外，如何定義妥瑞症治癒？只能知道病人長時期不發作，並不能預測未來病人痰飲不會又增加而在腦部累積。扶土是建脾，能減少痰飲。抑木來治療妥瑞症，是有爭議性的，許多醫生把妥瑞症當成風動，因而用熄風的方式治療，這在許多妥瑞症病例上不一定適合。</p>",
          "level": 1,
          "highlight": true,
          "children": [
            {
              "id": "5ab0377f667ebe683ae2e87d27cb3d65",
              "author": "小宇宙",
              "time": "2024年02月04日 10:05",
              "content": "<p>感谢李博士的指点，您几句话就把这个问题讲的清清楚楚了，也有感于您的耐心和修养，但凡不是无聊透顶的问题，您都一一回复了，有这一方天地，为大家指点迷津，真好。</p>",
              "level": 2,
              "highlight": false,
              "children": []
            }
          ]
        }
      ]
    }
  ],
  "page": 47,
  "order": 5,
  "filename": "data\\page47\\page47_order4_15aeb56b5e75b8e36a9104868efe5871.json"
}