{
  "article_url": "https://andylee.pro/wp/?p=3319",
  "title": "台灣中國醫藥大學 四月校慶演講",
  "content": "<p><a href=\"https://andylee.pro/wp/wp-content/uploads/2016/01/logo.png\" rel=\"attachment wp-att-3322\"><img alt=\"logo\" class=\"alignnone size-full wp-image-3322\" decoding=\"async\" height=\"105\" sizes=\"(max-width: 333px) 100vw, 333px\" src=\"https://andylee.pro/wp/wp-content/uploads/2016/01/logo.png\" srcset=\"https://andylee.pro/wp/wp-content/uploads/2016/01/logo.png 333w, https://andylee.pro/wp/wp-content/uploads/2016/01/logo-300x95.png 300w\" width=\"333\"/></a></p>\n<p>感謝台灣<a href=\"http://www.cmu.edu.tw\">中國醫藥大學</a>李文華校長及中醫學院張恒鴻院長的邀請，將於今年四月底，中國醫藥大學五十週年校慶時演講，講題正在與主辦單位討論中，應該會偏重在臨床治療案例。</p>\n<p>李校長非常客氣，幾個月前表示希望邀請我到中國醫藥大學演講，也給我一個機會與諸位教授、醫師交流學習，而負責安排的張恒鴻院長特意邀請我在五十週年校慶時演講，實在是我的榮幸，非常感謝。目前我不知道演講及其它活動是否對外公開，如果有機會的話，我也希望與其它台灣的中醫師、教授、中醫愛好者多交流及討論中醫的未來發展。</p>",
  "article_time": "2016年01月14日 19:35",
  "comments": [
    {
      "id": "efd12267afacae1c0e901bc1c7225cc9",
      "author": "中医太美",
      "time": "2016年01月26日 19:29",
      "content": "<p>什么时间来再来大陆演讲呢，很期待！</p>",
      "level": 0,
      "highlight": false,
      "children": [
        {
          "id": "a29dc99d2a649faac0acaebbc159c6bd",
          "author": "andy",
          "time": "2016年01月28日 10:00",
          "content": "<p>十一月應該會去廣州參加李賽美教授主辦的第六屆國際經方班。</p>",
          "level": 1,
          "highlight": true,
          "children": []
        }
      ]
    }
  ],
  "page": 48,
  "order": 9,
  "filename": "data\\page48\\page48_order8_10cfada1267aa56b5e089581325b2ab6.json"
}