{
  "article_url": "https://andylee.pro/wp/?p=5332",
  "title": "椎間盤突出 手術兩次 再度嚴重疼痛",
  "content": "<p>大部分的醫案，我們都討論病人身體哪裡出了問題，如何使用中藥組合來幫助病人，比較少討論針灸部分，所以，這次我們來談談最近的一個針灸案例。病人，男，50歲左右，白人混血，是位頗有名氣的投資家，十多年前做飛行傘活動時後腰受傷，非常疼痛，西醫檢查認定有椎間盤突出，手術開刀切除椎間盤突出部分。幾年前，試用一台震動減肥機，還沒震幾分鐘，後腰突然非常疼痛，西醫檢查再度認定是椎間盤突出的問題，再一次手術開刀切除。今年初，病人去度假，據他陳述，旅館的床墊比較薄，睡了一覺起來，後腰又非常疼痛，同時從臀部沿著膽經，一直痛到腳板，站不到兩分鐘就痛到不行，得坐下來休息。西醫檢查又是椎間盤突出的問題，打算做第三次手術，然而，西醫也警告他，一次又一次的手術，可能會造成他半身不遂，讓他非常擔心。</p>\n<p>其實，這位投資家和我早就認識多年，他對中醫也挺有興趣的，每次見到我都會討論一些醫學上的題材，也都說他應該來找我好好看診一下。不過，病人都差不多，不到受不了了，是能不看醫生就不看醫生，這次沒辦法了，特地請我在他出差前，幫他安排時間看診。</p>\n<p>對於西醫認定的病名「椎間盤突出」，中醫當然有許多理論來解釋為什麼會發生，譬如肝血無法潤筋，導致脊椎兩側拉力不平衡等等，然而，在治療上，還是得以中醫自己的望聞問切來辨證論治。</p>\n<p>用藥的部分，我們這次不討論，我們來專注在針灸急診部分。根據病人疼痛的細節情況，很明顯是膀胱經和膽經上的疼痛，第一次治療先在環跳穴做呼吸補瀉的手法，然後下委中、陰谷、腰眼，以及小腿肚上的按痛點，其中最重要的細節是，小腿肚上的長針必須到達小腿脛骨的內側，並且在留針的幾十分鐘裡，針都得碰到骨頭。第一次下針後，病人説當場疼痛大幅減到10%～20%，可以自由走來走去，隔天早上疼痛回來一些，但還是比之前好很多。這個時候病人理當多休息，很可惜，他有一個非常重要的出差行程，非得飛出城，同時連續幾天走來走去、長時間站著和人討論問題。</p>\n<p>一週後，出差回來馬上來複診，果然疼痛又回來了，只有比第一次下針前稍稍好一些，我們使用和第一次同樣的針法，結果完全沒有效果！病人告訴我，起針時感覺很好，但是從診所走到停車場，剛剛上了車子，所有的疼痛又回來了！</p>\n<p>我很納悶，不知道為何如此，因此，四天後複診時，我仔細重頭問診一遍。原來，病人的陳述和我的理解有差異，病人有兩個疼痛的模式，第一個是後腰脊椎附近的疼痛，第二個是從臀部沿著膽經一直痛到腳板。第一次下針後，後腰脊椎附近的疼痛就已經減輕非常多，而第二次看診時病人說痛又回來了，他的意思是臀部到腳板的痛，而後腰脊椎附近的疼痛並沒有變差，而這樣的誤解，讓我把優先順序顛倒了。</p>\n<p>既然原因明瞭了，那就好辦。第三次下針時，還是先在環跳穴做呼吸補瀉的手法，但是第二組針改成我很喜歡使用的陽陵泉透陰陵泉、絕谷（後面一些的骨頭邊）透三陰交。果然，這次下針的效果非常好，病人不但覺得疼痛最多只剩下一兩成，而且不再是從臀部一直痛到腳板，變成臀部外側一小塊，和膝蓋下方一小塊。</p>\n<p>幾天後，第四次看診，持續進步，下針方法不變。而病人第五次來看診時，告訴我，就在這短短幾天中，他竟然跑去滑雪，而這位病人本來就是滑雪好手，他去滑雪至少都是「雙黑級滑雪道（double black）」，滑雪後依然沒有什麼疼痛。以醫生的立場而言，我覺得他很瘋狂，才剛剛不痛了，就又從事激烈運動，我問他為什麼，他的回答讓我發暈。他說他是為了測試一下他的椎間盤突出，因為明天就要和一群朋友飛到加拿大，挑戰極為困難的滑雪區域（terrain beyond double black）！這位病人兼好友之前跟我提過他們一群人的滑雪行程，但是，我以為他這次椎間盤突出嚴重疼痛，早就把滑雪行程取消，沒想到他還真勇敢，還是決定去挑戰滑雪極限。</p>\n<p>我苦笑的告訴他，等他從加拿大滑雪回來，我們可能得重新開始治療，他很瀟灑的說沒關係，既然這次可以治得好，再度受傷也不怕，只希望飛回來時不是躺在擔架上。結果，一週以後，病人從加拿大回來隔天就來複診，一切安好，他說他幾天來滑雪累積的垂直高度達一萬一千多英尺，在「雙黑級以上」累積這麼多的滑雪垂直高度，他那幾天的滑雪挑戰，只能說是超人等級！而我鬆了一大口氣，不需要替他重頭開始治療，很為他高興！</p>\n<p>一個題外話，像這樣有錢的投資人，幾乎都是老饕級的美食家，中藥難吃的味道，對他們來說，更是難以忍受。然而，只要治療有效果，再難吃的中藥，再麻煩的煮藥方法，他們都會願意接受。每次我問這位病人服用中藥受不受得了，他都很直接的告訴我，如果沒事，他絕對不會去吃，但是，只要能幫助他恢復健康，只要我要他吃，他就會堅持每天服用，一次也不會斷！</p>\n<p> </p>",
  "article_time": "2019年02月21日 15:02",
  "comments": [
    {
      "id": "976f81b99c58f561ab357b9a95a0d3aa",
      "author": "小宝宝",
      "time": "2019年02月21日 15:50",
      "content": "<p>感谢李博，我的朋友是同样的病痛，以前腰痛（没有达到突出）+从环跳到脚痛没有力，我通过捏脊和针灸，腰部好很多。也 做过环跳呼吸法的针灸，做完疼痛跑大腿内侧了，没有做过阳陵泉透阴陵泉+绝谷透三阴交。非常感谢你的分享。顺便说下，我把李博士的文章开始认真拜读，养儿的那个转载了，后面有的你介绍，标明了是你写的，如有不适，你可以告知。我们很需要你的分享。感谢</p>",
      "level": 0,
      "highlight": false,
      "children": [
        {
          "id": "d9a7a605c1e0b8f554c1fca747799cbd",
          "author": "andy",
          "time": "2019年02月22日 19:15",
          "content": "<p>只要說明出處，分享沒有關係。</p>",
          "level": 1,
          "highlight": true,
          "children": []
        }
      ]
    },
    {
      "id": "eacf89f3dfeeba878c16522c9ea4d327",
      "author": "廖欣强",
      "time": "2019年02月27日 12:30",
      "content": "<p>作为一名中国人真的为人民政府在中医药行业制定的不合理政策感到十分懊恼，几千年的中医精髓文化在近代被西医蹂躏阉割，致使国人健康无法得到保障，还无法作出舍弃西医，因为中医药这棵千年大树已经凋零，这真的是名族之痛，在大陆能真正施展岐黄之术的人才或许只能成为传说了。<br/>\n如果将来大陆政府把振兴中医药行业放在国家优先发展的战略层面，真心希望有更多像倪师.李医师等等诸多你们这样的优秀人才能来大陆发展，培育出更多像你们一样的优秀人才，造福于更多百姓。</p>",
      "level": 0,
      "highlight": false,
      "children": [
        {
          "id": "e61cbcb0afac2d1b449cb904fe9888c3",
          "author": "andy",
          "time": "2019年02月28日 19:46",
          "content": "<p>謝謝你的鼓勵與支持！</p>",
          "level": 1,
          "highlight": true,
          "children": []
        }
      ]
    },
    {
      "id": "c8201136ca0675e81475a8c547305564",
      "author": "Ming",
      "time": "2022年08月10日 02:20",
      "content": "<p>你好,李医生。前几日见一病人腰痛（椎突）前来看诊，痛点为第十五椎以及第十六椎位以及旁开一寸半的位置片状疼痛以及伴随着沿膀胱经位置的脚麻。第一次下针委中、阴谷、腰痛点、腰眼穴，第二天病人回来复诊告诉我说昨天针完并未感觉痛感减少以及腿麻减少。今天病人陈述以后每到下雨天或者下雨之前要下不下，就会在那个位置发生酸痛。请问，是否有可能是风湿？</p>",
      "level": 0,
      "highlight": false,
      "children": [
        {
          "id": "3acb4a5926235dafa3b992bc21091f6f",
          "author": "李宗恩",
          "time": "2022年08月10日 10:16",
          "content": "<p>有可能寒濕入骨節，中醫所謂的歷節，西醫所謂的僵直性脊椎炎。</p>",
          "level": 1,
          "highlight": true,
          "children": []
        }
      ]
    },
    {
      "id": "afb85939720237acaf699f519573934c",
      "author": "Ming",
      "time": "2022年08月10日 18:41",
      "content": "<p>感谢您的指点</p>",
      "level": 0,
      "highlight": false,
      "children": []
    },
    {
      "id": "77edcc87c4a622bac35412523f106dd6",
      "author": "吳道杰",
      "time": "2023年12月13日 03:59",
      "content": "<p>李大夫您好！如果用甘草附子汤+生附硫磺治强直性脊柱炎，用不用考虑肝胆问题？临床上有没有出现服药后脚筋僵硬问题（若有，这剂量怎么考量）？谢谢！</p>",
      "level": 0,
      "highlight": false,
      "children": [
        {
          "id": "95d29f88e8e7baa55fc12f3314645963",
          "author": "李宗恩",
          "time": "2023年12月18日 09:17",
          "content": "<p>每一個病人不一樣，得看個案情況來決定。</p>",
          "level": 1,
          "highlight": true,
          "children": []
        }
      ]
    },
    {
      "id": "152c6a73d7aab29763f12e7c101dd6fc",
      "author": "韩广荣",
      "time": "2023年12月18日 14:47",
      "content": "<p>李医生您好，在腿部的针是患侧（疼痛）腿，还是健侧腿？还是两个腿都要下，有没有先后顺序？感谢李医生教导，感恩</p>",
      "level": 0,
      "highlight": false,
      "children": [
        {
          "id": "6dba66b32d5b0a991db77dcfa826eb1e",
          "author": "李宗恩",
          "time": "2023年12月19日 09:16",
          "content": "<p>這得看是什麼問題，醫師打算用什麼針法。如果你只是想補洩某條經，你可以只選擇患側，然而，醫師也可以只選擇健側來下針，只是針法不一樣而已。</p>",
          "level": 1,
          "highlight": true,
          "children": [
            {
              "id": "e35bb9189b891ed03ced43f906cb6939",
              "author": "韩广荣",
              "time": "2023年12月20日 14:43",
              "content": "<p>感谢李医生的回复，就您这个腰间盘突出案例来讲，胆经出现问题，透针的患侧还是健侧呢？他们有没有先后顺序？</p>",
              "level": 2,
              "highlight": false,
              "children": [
                {
                  "id": "483d9c04bf40400e99239fa6c152e8b1",
                  "author": "李宗恩",
                  "time": "2023年12月21日 16:19",
                  "content": "<p>這還是得看個案，以及醫師選擇如何治療。建議你回去研讀倪老師的中醫教材，而不是自己在問題上轉來轉去。</p>",
                  "level": 3,
                  "highlight": true,
                  "children": [
                    {
                      "id": "6e0e7d82cf1e4b100ba5401fd215bd11",
                      "author": "韩广荣",
                      "time": "2023年12月21日 17:29",
                      "content": "<p>好的李医生，感谢您的教导！我会继续学习！期待能早日看到您的新书！感恩！</p>",
                      "level": 4,
                      "highlight": false,
                      "children": []
                    }
                  ]
                }
              ]
            }
          ]
        }
      ]
    },
    {
      "id": "a852c37951ca9b1886a98301066b6ee0",
      "author": "韩广荣",
      "time": "2023年12月21日 18:19",
      "content": "<p>李医生打扰您，治疗鼻系疾病用柴葛还是粉葛根呢？</p>",
      "level": 0,
      "highlight": false,
      "children": [
        {
          "id": "6e71a652826bf5094cf542d15c074531",
          "author": "李宗恩",
          "time": "2023年12月21日 18:37",
          "content": "<p>這得看你為什麼用葛根。另外，你應該自己好好做功課，而不是想到一個什麼問題，自己不先上網查詢，就上來提問。</p>",
          "level": 1,
          "highlight": true,
          "children": [
            {
              "id": "73eee6c46d3e672808466014ef7c9f91",
              "author": "张晋藩",
              "time": "2023年12月22日 01:05",
              "content": "<p>您好李老师，我听了您的支原体肺炎视频，新冠通方也适用于支原体肺炎，有人会对麻黄特别有反应，那请问方子里里麻黄可以用什么替代？可以替代的话多少克？给您添麻烦了，非常非常期待李老师您的回复。感恩！</p>",
              "level": 2,
              "highlight": false,
              "children": [
                {
                  "id": "acab8d15f459d7dc1f612cd4563bad08",
                  "author": "李宗恩",
                  "time": "2023年12月23日 16:05",
                  "content": "<p>這得看病情是否危急，如果危急，即使會心臟不舒服，也得使用麻黃。如果不危急，拿掉麻黃還是可以有幫助。</p>",
                  "level": 3,
                  "highlight": true,
                  "children": []
                }
              ]
            },
            {
              "id": "33da9bcc757c7452db4acfbc5bb3b3cb",
              "author": "张晋藩",
              "time": "2023年12月22日 01:33",
              "content": "<p>通方里面麻黄是9克。谢谢您了李老师。</p>",
              "level": 2,
              "highlight": false,
              "children": []
            },
            {
              "id": "77695ad0f7f0ce616b5d444b373a5cde",
              "author": "韩广荣",
              "time": "2023年12月22日 14:32",
              "content": "<p>好的！尊听教导！感谢李医生！</p>",
              "level": 2,
              "highlight": false,
              "children": []
            }
          ]
        }
      ]
    },
    {
      "id": "ae539087ec57f6cbf9b5b23658b4690e",
      "author": "暗香疏影",
      "time": "2024年03月25日 07:54",
      "content": "<p>李博士请教您这位患者的疼痛是否告诉我们一个讯息，他的肝胆出了问题，因为前两年我也是一样莫名其妙环跳穴疼，后来一次上楼梯（感觉根本不可能扭到的情况下居然扭到腰），躺床上好几天才恢复，这两次都是右侧，后期也没太关注，直到过了两年慢慢右小腿后侧连着无名指在早晨睡醒未起床伸懒腰时会抽筋，右侧委中一片静脉曲张也比左侧明显，右侧膀胱经大腿后侧偶有酸痛感，艾灸右侧环跳穴明显感到热气沿着胆经和膀胱经辐射有十多公分的范围，而左侧热感少很多，而早好多年前就查出自己有胆囊息肉，三个胆红素指标都在正常范围的最高点，另外躺下时右脚明显成一撇一捺的撇字笔画往外侧倒，打坐时右侧脚喜欢放上面，感觉右腿柔软一点，以往推拿时医生说我右腿比左腿长，以上所讲均为右侧，所以诊断肝胆问题应该可以由右肋，右肩的症状延伸到整个右半边身体了吧？</p>",
      "level": 0,
      "highlight": false,
      "children": []
    }
  ],
  "page": 31,
  "order": 5,
  "filename": "data\\page31\\page31_order4_c8201136ca0675e81475a8c547305564.json"
}