{
  "article_url": "https://andylee.pro/wp/?p=5892",
  "title": "FM96.1：北美大流感，中醫顯神威",
  "content": "<figure class=\"wp-block-audio\"><audio controls=\"\" src=\"https://andylee.pro/wp/wp-content/uploads/2019/06/S-20180116北美大流感，中醫顯神威.mp3\"></audio></figure>\n<p>（語音檔案由FM96.1電台提供，文章摘錄撰寫中，請稍加等待謝謝。）</p>",
  "article_time": "2018年01月16日 11:54",
  "comments": [],
  "page": 36,
  "order": 8,
  "filename": "data\\page36\\page36_order7_2bdccd3a9499d29cea9cb4f7c3277758.json"
}