{
  "article_url": "https://andylee.pro/wp/?p=4697",
  "title": "膝關節扭傷",
  "content": "<p>Well，這個病人是我自己，既是主治的中醫師又是病人，從兩個角度來看事情，同時可以和西醫的治療方式做對比，應該是個有趣的病例。 不過，這次我想用慢慢聊天的方式，不那麼嚴肅，也讓大家了解一下我私底下的一面。</p>\n<p>半年多以前，我開始熱衷室內攀岩運動，每週會去爬三次，從完全的新手，到現在可以自信的爬5.11a/b、 V4 overhang，進步算不錯的。同時，為了能提升攀岩的技術，加強了例行的核心肌肉訓練（core workouts），體能大增，中年男人肚子的肥肉大幅減少，六塊肌的形狀再度浮現，體重降到63公斤。即使是我二十年前，練潛水、當潛水長（Divemaster）的時候，也沒有達到這樣的標準。然而，事後諸葛的想起Al Pacino在電影The Devil’s Advocate裡面講的：「Vanity, Definitely My Favorite Sin（虛榮，肯定是我最喜歡的罪惡）」…..</p>\n<p>約兩週前的週二，我又去爬了一個V4 overhang，安全上而言，爬到頂上後應該要往下爬一段再跳下來，但是overhang不容易往回爬（downclimb），很多人都直接跳下來，何況下面又有很厚的墊子，所以，我也直接跳下來。這本來沒什麼，我也跳過很多次，但是，這次跳下來後左腳踝有些怪怪的。我左腳踝十二三年前，在我當北加州台大校友會會長時，大概活動很多，嚴重扭傷過一次，之後每幾年就會因為運動不小心而怪怪的，沒什麼大不了，這次也覺得下一兩次針就會好，因而只把運動量減少，沒有真正的好好休息，一週前的那個週六晚上，還是照樣做了例行的核心肌肉訓練（core workouts），我把內容告訴大家，作為參考：</p>\n<p>L-Hang（60 seconds）、Bicycle Crunch（x100）、Slow-Motion Bicycle Crunch（x10）、V-Ups（x20）、6-Inch Leg Raise with Weight （60 seconds）、Knee-to-Elbow Crunch – Same Side （60 seconds）、Knee-to-Elbow Crunch – Opposite Side （60 seconds）、Elbow Plank（2 minutes）、Push-Ups （x60）</p>\n<p>在做的時候，左腳踝會痛，因此我想辦法把左膝蓋撐緊，把整個訓練做完。結果，到了半夜，左膝蓋開始痛到不行。四年多前，帶全家去台灣日月潭度假時，在涵碧樓陪兒子在各種高度爬上跳下，把右膝蓋嚴重扭傷，等到我下飛機回到家時，已經疼痛到不行。可是，那時我每三個小時下一次針，下到第六次就可以正常走路了，記得隔天晚上還照常去教中國工程師學會和工研院幫我辦的中醫短期課程。我想，好吧，這是第二次遇到膝蓋嚴重扭傷，忍著撐著，週日整天躺在床上，每三個小時下一次膝五針（鶴頂、外膝眼、內膝眼、陽陵泉透陰陵泉，五穴四針）。</p>\n<p>和四年前一樣，剛剛開始下膝五針時，不但進針時很痛，下完針後膝蓋更腫更痛，合理的推理是膝五針大幅加強氣血，提高人體自我復原的能力，但也大大增加阻塞地方的壓力。如果自己不是中醫師，治療過很多膝蓋問題的病人，可能會怪這個中醫師亂治療，把膝蓋搞得更遭了。不過，說真的，當膝蓋越來越痛，還得繼續下膝五針，確實是在考驗一個人對中醫的信心。</p>\n<p>膝五針下了幾次後，會開始改變，會覺得下針真的有效，一般很輕微的扭傷，可能第一次就覺得有效，我這次扭傷的很嚴重，膝五針下到第六次才開始看到轉折點。雖然還是行動不便，上週一已經比週日好很多，在車庫找到父親當年用的老人拐杖，照常到診所看診。上週一診所比較忙，我拖著老人拐杖走來走去，到了傍晚又開始很痛，雖然還是比週日好，但很明顯的，沒讓膝蓋好好休息，造成了退步。週一晚上因而沒有睡好，週二早上也好像沒有什麼進步，診所同仁及四周親友擔心我是不是骨頭裂了。於是，我請前台把下午的病人調一調時間，下午到Palo Alto Medical Foundation去看Urgent Care，離開診所前也自己開了個中藥方，請診所同仁包好帶回家。</p>\n<p>我在Urgent Care折騰了兩個小時，從左膝蓋到左腳踝照了十多張X-ray，確定沒有弄傷骨頭，這點西醫憑著先進的科學儀器，確實比較厲害。看診的女醫生，大概才30歲左右，很認真，用各種辦法搬著我的左腳做很多不同動作，她想確定我的筋沒有斷掉，她解釋說膝蓋附近有很多不同的筋及軟組織，即使用MRI也不容易確定哪裡受損，更何況我的情況應該沒有嚴重到可以讓保險公司付MRI的費用！一面看她把我的左腳弄來弄去，一面聽她解釋，我大腦想的全是「痛、很痛、非常痛」！不過，我還是秉持我看診時和病人說說笑笑的習慣，三不五時和醫生、醫療助理、X-ray技師講些輕鬆的事情，苦中作樂，沒有辦法。</p>\n<p>Urgent Care的結論是左膝蓋有不明的軟組織受損、發炎、水腫，這些都是我本來就知道的。醫生當場給我開了1,000mg的Ibuprofen，還要我每六個小時服用一次400mg的Ibuprofen。醫療助理好心的幫我倒了水，拿著藥丸給我，被我婉拒了，害他把醫生再找回來，問我為什麼那麼痛那麼腫，卻不願意服用Ibuprofen。我不想和這位年輕的女醫生當場爭論起來，我沒讓她知道我是中醫師，我只淡淡的說，我想靠身體自己的能力復原，不想依賴化學藥劑。醫生睜大了雙眼，也不知道該說什麼，只好把原來處方中「每六小時服用Ibuprofen」加上了兩個字「if needed（如果需要的話）」，讓她沒有什麼法律責任。</p>\n<p>另外，醫生要我每天冰敷幾次，同時要我用繃帶把左膝蓋繃的緊緊的，來控制水腫。這些都違反中醫的理論，冰敷也已經被證實會延遲復原，1978年提出並大力宣導「R.I.C.E. (Rest、Ice、Compression、Elevation）」的Dr. Gabe Mirkin，自己都已經公開承認冰敷錯誤的。而把受傷的地方緊緊的繃著，會讓血液循環不良，好像把水腫壓下去，其實也是在延誤康復。我全部沒有遵守。我去Urgent Care的兩個好處：一是X-ray確定骨頭沒裂，二是拿到了一副真的拐杖，讓我行動方便許多。</p>\n<p>上週三開始，下膝五針及吃中藥成為我的例行事項，另一方面或許是確定了骨頭沒裂，心中的陰影消失，心情好很多，讓我左膝蓋復原的的進度大幅提升，週四週五已經可以不用拐杖的慢慢走，或者用拐杖的快快走。</p>\n<p>中醫治療，比那位女醫生評估我需要四到六週的復原時間快很多，沾沾自喜，撐著拐杖跑來跑去、做各種動作，還打算這週日要回去攀岩。結果，左膝蓋確實好很多，右膝蓋卻因為承受所有的力量，以及拐杖設計上對受力膝蓋的不良影響，上週五半夜，我的右膝蓋廢了，痛到不行，無法伸直、受力，一週以來的膝蓋受傷情節，從左膝蓋換到了右膝蓋，又得再花一週的時間來恢復！</p>\n<p>「Vanity, Definitely My Favorite Sin（虛榮，肯定是我最喜歡的罪惡）」。人果然不能太虛榮，如果一開始我攀岩時好好的往回爬（downclimb）再跳下來，或者左腳踝怪怪的時候就停止運動、好好休息，或者上週別那麼急著證明中醫修復膝蓋的快速、不亂跑來跑去，也就不會把自己搞得那麼慘。</p>\n<p>不過，想來想去，還是很感恩的，還好不是騎重型機車摔傷，或者高空跳傘出了什麼問題，那樣的話，就算中醫治療再怎麼有效，也很難想像會是個怎樣的結果。</p>",
  "article_time": "2018年01月28日 21:59",
  "comments": [
    {
      "id": "a3c5b3178ab0a681622d6459ac56e13a",
      "author": "魯豆腐",
      "time": "2018年01月28日 22:53",
      "content": "<p>只能說 Dr.李，您的勇敢已經過了頭，人到中年真的不能不服老，敏銳力絕對無法與年輕人相比，溫和的運動絕對是中道。許多的病人還需要您的幫助，您的家人更直接仰賴您過日子，為大家保重自己吧</p>",
      "level": 0,
      "highlight": false,
      "children": [
        {
          "id": "c1f94cbb6d29e521351fe12564d6b2f1",
          "author": "andy",
          "time": "2018年01月29日 11:33",
          "content": "<p>哈哈，說得好，還是真的不能不服老。不過，老布希九十歲去跳傘，八十歲的日本老人還登上Mount Everest，所以，我還是希望我能多鍛鍊身心、多參與一些運動，我會小心的，非常謝謝你的關心及提醒！</p>",
          "level": 1,
          "highlight": true,
          "children": [
            {
              "id": "39fa07450a441b1cbd9cc45c6aa752dc",
              "author": "魯豆腐",
              "time": "2018年01月29日 15:03",
              "content": "<p>寫完上一則後，實在有點後悔，對您的用辭用語是有所不敬，跟您說一聲Dr.李很抱歉我用語過重了。同為倪門弟子我們都無福跟在老師的身旁多學點，只有您能跟在老師身邊學到經方的神髓，我很多的經驗也是從您這學來的，您也算我半個老師了，謝謝你，一定要保重身體，我才能學到更多，哈哈</p>",
              "level": 2,
              "highlight": false,
              "children": [
                {
                  "id": "f6492117c2daa7938d6972b20e668b9f",
                  "author": "andy",
                  "time": "2018年01月29日 19:28",
                  "content": "<p>你太客氣了，我很感謝你的關心，我一點都不覺得你講的不對，我也常勸病人不要不服老。只是我覺得人生既然來了，就能做多做，能多體會就多體會，當然，可能會像這次一樣自不量力，把自己弄傷，那或許是一個好的教訓，讓我成長、更加謹慎。不過，我知道會有那麼一天，我會覺得該停下來，改踏緩慢的生活步調，那時候我也不會再養狗了，因為依賴我的生命越少，生活就可以更加緩慢而平淡，到時候葡萄酒、咖啡、普洱茶，可能還不如淡淡的白開水喝的自在。</p>",
                  "level": 3,
                  "highlight": true,
                  "children": [
                    {
                      "id": "63f50d9c434929954b7304d60fdf5ae1",
                      "author": "六经辨证",
                      "time": "2018年01月31日 21:41",
                      "content": "<p>李医师你好，我是您在中国大陆的一名普通读者，一直关注您的部落格一年多的，希望可以给您一点小小的建议，刘力红博士17年出版了一本新书《黄帝内针》，当然是他编辑，作者是他的师傅杨真海师傅，我之所以叫师傅，是我参加过一期黄帝内针的培训班，当时第一次见到师傅本人还是非常激动，这次的培训以及这本书，改变我对人体经络以及针灸治疗的整体认知，是全然不一样的取穴思路，完全不会触碰患处，也不讲究行针的手法插提迎随捻转，甚至没有针感。希望您能尽快看这本书，这完全是出于一位您的粉丝的心意，因为您也是针灸师，我也没有见到您，所以只能请您自己看书，谢谢，合十。</p>",
                      "level": 4,
                      "highlight": false,
                      "children": []
                    },
                    {
                      "id": "d11f48cccc03f0a230363e56b321764d",
                      "author": "andy",
                      "time": "2018年02月01日 11:49",
                      "content": "<p>謝謝你告訴我，我去找一找這本書，劉教授的寫的、編輯的書，都很不錯。基本上，在人體對稱位置下針，是很通行的方法，倪老師在教針灸時，也有很多闡述。左膝蓋受傷，在右曲池、尺澤附近下針，可以有所幫助，不過，從很多臨床病例看來，在膝蓋嚴重受傷時，膝五針的效果遠大過對稱針法。</p>",
                      "level": 4,
                      "highlight": true,
                      "children": []
                    },
                    {
                      "id": "5382e5459433d5cf8d7ba682ede565e3",
                      "author": "六经辨证",
                      "time": "2018年01月31日 21:54",
                      "content": "<p>按照黄帝内针的法则，在膝盖痛的时候，先在曲池穴附近找找压痛点，您只需要扎一针，扎在痛点上，左膝盖对应扎右手的曲池，然后体会膝盖患处的疼痛消失，您可以一试，一定会有惊喜的！</p>",
                      "level": 4,
                      "highlight": false,
                      "children": []
                    }
                  ]
                }
              ]
            },
            {
              "id": "7a03d9f5d648bb60d6bbf72b21ca2c29",
              "author": "王彦强",
              "time": "2018年01月29日 16:27",
              "content": "<p>还是适度运动吧，过犹不及！</p>",
              "level": 2,
              "highlight": false,
              "children": [
                {
                  "id": "0a0093bacc8e2a3a80b5aff0281df798",
                  "author": "王彦强",
                  "time": "2018年01月29日 16:45",
                  "content": "<p>vanity每个人都会有。最喜欢的罪恶好幽默的形容！</p>",
                  "level": 3,
                  "highlight": false,
                  "children": []
                }
              ]
            },
            {
              "id": "b1d06845535fb49174509b0eb7bdd9ca",
              "author": "暗香疏影",
              "time": "2024年03月26日 12:07",
              "content": "<p>他们啥时候完蛋我们不管，更无所谓，但您可不行，因为我们还盼着您完成传承工作呢（哈哈哈哈哈）！</p>",
              "level": 2,
              "highlight": false,
              "children": []
            }
          ]
        }
      ]
    },
    {
      "id": "0227745f63b493328b0c9192618ee768",
      "author": "Ferry瑞芳",
      "time": "2018年01月29日 21:34",
      "content": "<p>我觉得造成严重扭伤的本质原因也许不是出在没有按照要求downclimb,人体软组织耐疲劳强度是有限的，核心肌肉训练会对软组织造成一定的疲劳损伤，这种疲劳损伤不是一次性形成的，而是逐渐累积的，如果不是突然过度的运动，这种损伤是不会被容易察觉的。我给您举个例子：之前我在北京的时候，房东是武打替身、跆拳道高手，有一次在常规训练中，一脚没踢好，结果就受伤了，在他修养期间，他回来看我入住之后的情况，我跟他聊天，他跟我描述说，他那次常规训练其实没怎么用力就受伤了，也许刚好就是这次训练超过了他自身耐疲劳的临界点。</p>",
      "level": 0,
      "highlight": false,
      "children": [
        {
          "id": "079fbef32f5f9f22746909c17a81956a",
          "author": "andy",
          "time": "2018年01月30日 10:11",
          "content": "<p>是的，很多時候是長期勞損，已經把許多關節、軟組織推到受傷邊緣，然後某次過度運動成為臨門一腳，把事情爆發出來。另外，沒好好暖身也是一個因素，吃完晚餐後，我回書房做事，時間到了，兒子大叫要我一次做核心訓練，在沒有什麼暖身準備，直接上pull-up bar做困難的L-Hang，其實是很不好的，所以，這整個事件，只能怪我自己太不小心了。</p>",
          "level": 1,
          "highlight": true,
          "children": [
            {
              "id": "881a4731d53b2094069b925cb75194da",
              "author": "Ferry瑞芳",
              "time": "2018年01月30日 19:43",
              "content": "<p>嗯，多休息几天，不要急着Challenge,等康复了再去运动比较保险。</p>",
              "level": 2,
              "highlight": false,
              "children": []
            }
          ]
        }
      ]
    },
    {
      "id": "e5f754904966458b8974aaa83cd6af96",
      "author": "Max",
      "time": "2018年02月01日 12:25",
      "content": "<p>希望Andy老师早日康复。</p>",
      "level": 0,
      "highlight": false,
      "children": [
        {
          "id": "186e4cda4c1ffb7752e4f77cc0a09f8f",
          "author": "andy",
          "time": "2018年02月01日 11:50",
          "content": "<p>謝謝！</p>",
          "level": 1,
          "highlight": true,
          "children": []
        }
      ]
    },
    {
      "id": "2ceddbcb36ae54b4a8f647572f4a6f79",
      "author": "Jonson Gu",
      "time": "2018年02月20日 17:40",
      "content": "<p>新年好 李医师。假期中在读大陆的中医基础理论（本科生教材），发现诸多好好玩的事。譬如书P278页的治则。正治中的第一条。寒者热之，即以热治寒，指寒性病证出现寒象，用温热方药来治疗。即以热药治寒证。这个治则的描素很奇怪—-指寒性病证出现寒象。如感冒高烧的人，望诊–脸是潮红的，触诊–额头是烫—这是热象–看得见的，感觉恶寒怕冷–是感觉，是可以体会到。外热里寒–采用麻黄汤。作为初学中医的学生，这句话是否存在误导或词不达意呢？ 热者寒之–以寒治热，热性病出现热象，用寒凉的方药来治疗–阳明证但热无寒–如果是实热–这个治则是对的，如果是虚热呢？又错了。泻南补北法–是泻心火补肾水以治疗心肾不交病症的治法，适用于肾阴不足心火偏旺，水火不济，心肾不交之证。奇怪哦，难经说—此法是治肝的法则。所以此本教科书错误百出，李医师可拿来看看，如果真是如此，岂不误人子弟，那么真的怀疑大陆中医是否能治病？在鼓励小女2年后考中医本科，如果真的和倪师讲的正统中医，有天壤之别的话，等于说毕业混个执业执照，要治病还得靠倪师的《人记》，自己埋头苦学哦。还有同事的儿子媳妇都是针灸师，同事呢在腰眼哪里酸痛，冬天就酸痛，据了解好多年了在10月都睡凉席（上海的10月天气凉了），我对她说湿寒在腰部。我不好意思问她，让儿子媳妇给她扎针，估计也不会扎针。</p>",
      "level": 0,
      "highlight": false,
      "children": [
        {
          "id": "dc3c294a6a3aefe9cf81fc3399068da6",
          "author": "andy",
          "time": "2018年02月21日 16:48",
          "content": "<p>現在的中醫標準教材有不少問題，看起來整理的有條有理，編輯學者的臨床功力卻不一定足夠了解中醫經典的內容，因而流為象牙塔內的學術討論，臨床治病複雜案例乏善可陳。</p>",
          "level": 1,
          "highlight": true,
          "children": []
        }
      ]
    },
    {
      "id": "60bf0f5a1ae265971ce42b167d3f5ea7",
      "author": "子涵",
      "time": "2018年03月09日 03:17",
      "content": "<p>李医师您好，我是一名中医爱好者，关注您的部落格已经几年了，倪师的视频坚持看了一半左右，受益良多，非常的感谢！<br/>\n我有问题想咨询一下：大概三个月前，我踢球的时候，右侧膝盖骨跟人撞了一下，当时有点疼，也没在意，（我踢球二十几年了），<br/>\n可是之后，出现以下症状：上下楼梯，右侧膝盖疼痛，无法发力；坐下之后，再站起来，膝盖会嘎嘣响一下，而且也不敢发力。<br/>\n疼痛位置在髌骨上侧，鹤顶的位置，按压的时候会疼。平时走路不疼，但是小跑的时候，会疼，不敢发力。<br/>\n我现在踢球的时候，买了一个护膝，把疼痛的地方压住，这样的话，敢发力，能奔跑。<br/>\n再次感谢。</p>",
      "level": 0,
      "highlight": false,
      "children": [
        {
          "id": "ab3a0587bf2683c8b8bb9ee8ca002202",
          "author": "andy",
          "time": "2018年03月19日 11:50",
          "content": "<p>你膝蓋內的軟組織受傷，很可能是長年踢球累積下來的傷害，撞傷只是把你病症推倒的最後一步。你一樣可以下文章中降到的「膝五針」，可以恢復的。</p>",
          "level": 1,
          "highlight": true,
          "children": []
        }
      ]
    },
    {
      "id": "3c992f21d9f088905dfd4ece53ef6961",
      "author": "jonsongu",
      "time": "2018年03月09日 19:07",
      "content": "<p>被撞伤后有瘀血在关节内，可用桂枝  牛膝 川穹 生附等活血化瘀的汤剂，也可在鹤顶哪里 隔姜灸。我的膝关节没有被撞过，但是上下楼梯时有嘎嘣的响声，也感觉到痛，后来用隔姜灸，大概灸了几周后，再也没发生以前的症状。</p>",
      "level": 0,
      "highlight": false,
      "children": [
        {
          "id": "8598c6502561abd3f3ab6d17f34f35bb",
          "author": "子涵",
          "time": "2018年03月11日 03:00",
          "content": "<p>非常感谢，我去试试。</p>",
          "level": 1,
          "highlight": false,
          "children": []
        },
        {
          "id": "4841513524da9d580422c242ad831348",
          "author": "andy",
          "time": "2018年03月19日 11:50",
          "content": "<p>謝謝分享。是的，中醫有許多不同的方法來解決問題。</p>",
          "level": 1,
          "highlight": true,
          "children": []
        }
      ]
    },
    {
      "id": "e73ac938f8aec651dca19fadddf0b516",
      "author": "王彦强",
      "time": "2018年04月13日 16:09",
      "content": "<p>李医师您扭伤恢复怎么样了，最近看您更新的少了。</p>",
      "level": 0,
      "highlight": false,
      "children": [
        {
          "id": "08b830276aa2f54194bfbe7b77cd0059",
          "author": "andy",
          "time": "2018年04月13日 20:00",
          "content": "<p>我扭傷沒事了，謝謝關心！我剛剛度假回來，還在處理其它事情，應該很快就可以再開始寫文章。</p>",
          "level": 1,
          "highlight": true,
          "children": []
        }
      ]
    },
    {
      "id": "81b45539a48de8286790dfdcea7e3fd5",
      "author": "明遠",
      "time": "2019年08月03日 20:28",
      "content": "<p>李醫師 您好:</p>\n<p>文中提到每三個小時下一次膝五針。請問:為何是3小時下一次針?3小時下一次針效果最好嗎?</p>\n<p>謝謝!</p>",
      "level": 0,
      "highlight": false,
      "children": [
        {
          "id": "d722c54e443ae5067f7d8a21e39481c7",
          "author": "andy",
          "time": "2019年08月04日 11:40",
          "content": "<p>這裡的病例是我自己，「3小時下一次針」是我能忍受的極限，不能通用於其他病人，一般病人一天下一次針。</p>",
          "level": 1,
          "highlight": true,
          "children": [
            {
              "id": "5bec09a16eee81804cccdc48fc4e1bb5",
              "author": "明遠",
              "time": "2019年08月05日 09:09",
              "content": "<p>謝謝回覆!</p>",
              "level": 2,
              "highlight": false,
              "children": []
            }
          ]
        }
      ]
    },
    {
      "id": "624510ef85c846cad81030509fdd715d",
      "author": "內經初學者",
      "time": "2019年08月06日 20:28",
      "content": "<p>李醫師：<br/>\n在倪海廈先生的《針灸》和《本草》中都提到治療骨折。我的問題是：骨折處肯定需要復位、固定，然後用夾板、或什麼東西，如通用情況下的石膏固定的，中醫或古人是怎麼做的？針灸和中藥是怎麼讓斷開的骨頭能夠規規矩矩地自行長好的？謝謝.</p>",
      "level": 0,
      "highlight": false,
      "children": [
        {
          "id": "f2233a3471911d4df9cc46ac6411ae68",
          "author": "andy",
          "time": "2019年08月07日 13:00",
          "content": "<p>中醫早就有辦法固定肢體，但是我不是中醫骨傷科專家，不應該隨便解釋。</p>",
          "level": 1,
          "highlight": true,
          "children": []
        }
      ]
    },
    {
      "id": "f11b814cafa5bc999cfd127040bd4563",
      "author": "宇",
      "time": "2025年05月26日 06:10",
      "content": "<p>李醫師您好，我又來您網站留言了，這次想和您分享一個小案例，我的外公前兩天沒有特別的誘因突然出現左膝關節疼痛難忍，活動受限，下床都很困難，晚上也疼得難以入睡，我簡單詢問了一下認為膝五針就能輕鬆解決，然而第二天早上媽媽打電話來說外公疼得更厲害了，一晚上都沒有睡，這個時候我開始有些懷疑，但是想到您曾說過膝五針會讓氣血聚集在膝蓋上，而膝蓋會因為本就有的氣血瘀滯產生更加劇烈的疼痛，所以我再一次勸說外公給我機會，第二天我扎了兩次（膝五針、雙側陽陵泉透陰陵泉、雙側絕骨透三陰交），今天回去想再給他扎的時候發現他已經出門散步了哈哈~其實在臨床中還有很多很多像這樣立竿見影的案例，無論是通過針灸還是方藥，特別特別感謝倪老師和您對中醫的奉獻，每一次臨床上有疑惑的時候，重新翻閱倪老師和您的視頻或是網頁就會有一個更深的感悟，原來答案一直在這，只是自己當初沒有理解而已。再一次感謝您！最後，期待您的中醫教學~</p>",
      "level": 0,
      "highlight": false,
      "children": [
        {
          "id": "191db02b33c98111ed571458b4868d8c",
          "author": "李宗恩",
          "time": "2025年05月30日 16:00",
          "content": "<p>謝謝你的分享。</p>",
          "level": 1,
          "highlight": true,
          "children": []
        }
      ]
    }
  ],
  "page": 36,
  "order": 4,
  "filename": "data\\page36\\page36_order3_c6504c28c7f4bda63816ffde08be3a86.json",
  "timestamp": 1749528305.1142993
}