{
  "article_url": "https://andylee.pro/wp/?p=4647",
  "title": "流感",
  "content": "<p>這個冬天的流感非常嚴重，加州已經近二十人死亡，整個美國的死亡人數是加州的好幾倍，疫情嚴重已經超過前幾年的禽流感及豬流感。而這兩年來流感疫苗因為沒有猜中病毒種類，效果很差，臨床甚至看到許多病人打了流感疫苗後，依照疫苗的模式，「生病」來產生抗體，身體變弱，反而被正在流傳的不同種流感給傳染，雪上加霜，病情變得很嚴重。</p>\n<p>這兩三個月來，診所幾乎每天都會有嚴重流感、肺炎的病人，中醫治療效果很不錯，甚至有些史丹佛醫院的人員，服用大量西藥兩三週沒效果，來尋求中醫的幫助，幾天之內病情就大幅好轉。</p>\n<p>很多人問我，這些流感病毒，經過百年千年的變種，東漢時期傳下來的經典中醫，根本沒有遇到過現在的流感病毒，怎麼可能治療嚴重的流感呢？中醫從來就不是把病毒殺死，就連現代西醫超強的抗生素也無法把病毒殺死。中醫是探討人體因為各種因素而失去平衡後，該如何把人體拉回到平衡狀態，讓身體的各個系統發揮原本該發揮的功能。四五千年來，人體演化改變的非常有限，病毒變種等等的外界因素，卻改變了非常多。也因為如此，在很多情況下，中醫以專注人體本身平衡狀態的治療方式，反而比西醫專注在外來敵人的治療方式來得有效許多，流感治療就是一個很好的例子。</p>\n<p>這幾年來，每次有嚴重流感爆發的時候，診所都會有許多的流感病人來看診。依據大量臨床病例的觀察，這些流感，無論是禽流感、豬流感、還是這次流傳的流感，人體的改變進程依然如同傷寒雜病論探討的一樣，簡化而言，從桂枝湯證、葛根湯證等的表寒，轉變到小青龍湯證等的裡寒，再入裡化熱，變成比較嚴重的大青龍湯證，或者更嚴重肺臟的寒熱夾雜，得費心的以射干、麻黃、葶藶、生半夏、石膏等等，針對病人肺部寒熱夾雜的複雜情況去組合、加減。然而，這幾年來的流感，越來越兇猛，雖然進程很像，病情加重的改變速度卻快的非常多。</p>\n<p>一般感冒從桂枝湯證、葛根湯證等轉變到大青龍湯證或更複雜的情況，通常需要一兩週的時間，同時還得病人自己非常不注意，繼續操勞、食生冷、再度受寒等等，或者醫生錯誤的治療，一般感冒才會沒辦法自己好，反而變成嚴重的病症。這幾年的流感，從一開始覺得不太對勁，到嚴重複雜的病情，只需要三四天，而且有越來越快的趨勢。這大幅提高中醫師治療流感時，判斷功力及敏感度的要求，中醫師必須在許多症狀還沒有出現時，就得抓緊時間，趕緊行動，卻又不能預防過度，反而讓病情加重。</p>\n<p>舉個例子，有些病人得了流感，咳嗽非常嚴重，痰非常多，呼吸困難。依照中醫的辨證，假如一致都是寒，舌苔白、小便清、怕冷等等，本來依照辨證論治，我們可能會開射干麻黃湯加減給病人。然而，因為流感的進程非常快速，中醫師得非常敏感，譬如看到舌苔白卻帶有一絲絲乾的感覺，就很可能得加上大寒的石膏來避免肺喪失津液，卻又不能加太多石膏，以免肺寒加重，又譬如聽到咳嗽聲音非常深沈，從肺的底部發出，又帶有膿痰的濁音，就很可能得加上瀉肺的葶藶來避免肺中水飲、痰飲大幅增加，卻又不能加太多葶藶，以免肺變得太虛弱。否則，藥方開的「剛剛好」，等病人回家煮好中藥，準備吃藥的時候，病情已經又往前跳了好幾步，喝藥下去，不但不對證，甚至可能會更增加病人的身體負擔。</p>\n<p>簡單的說，流感，中醫是可以很有效的治療，治療速度也比西藥反應快很多。然而，流感越嚴重、越兇猛，對中醫師功力的考驗也就越大，雖然並不需要什麼新的武器，卻得把原來的武器應用的更流暢、更精準。</p>",
  "article_time": "2018年01月15日 14:03",
  "comments": [
    {
      "id": "3b1567ea01d413c2d4e14308073935ec",
      "author": "王彦强",
      "time": "2018年01月17日 01:15",
      "content": "<p>在大陆流感也很严重，这次流感中犯错了，看到一个女士刚好月经来得到流感表寒里热，咳嗽严重，胸闷，有大量黄痰伴有高热。当时只想到经期用小柴胡加生石膏两剂，结果无效继去找西医输液了！现在想想自己太大意了！</p>",
      "level": 0,
      "highlight": false,
      "children": [
        {
          "id": "9872d578b7e829f2852706457a1c6a49",
          "author": "andy",
          "time": "2018年01月17日 20:01",
          "content": "<p>經期來時，一般的感冒多用小柴胡湯來加減，但是遇到嚴重感冒、肺炎、流感，就不能先入為主的以小柴胡湯來做基本方劑，而是的辨證論治，同時得考量病人在經期可能發生的情況，譬如大出血等等，得多思考些。</p>",
          "level": 1,
          "highlight": true,
          "children": [
            {
              "id": "759c1df1e752fbbbb37c059600b0bb11",
              "author": "王彦强",
              "time": "2018年01月18日 17:36",
              "content": "<p>临床上考虑不周，这下就吸取教训了。</p>",
              "level": 2,
              "highlight": false,
              "children": []
            }
          ]
        }
      ]
    },
    {
      "id": "a2eebca94cd07e660b2e6ec5f669e43c",
      "author": "Gordon",
      "time": "2018年04月16日 20:33",
      "content": "<p>李医师你好，我是你的一个病人（Gong).刚刚发现你的blog 期待更多精彩文章。<br/>\n我个人也是长期打喷嚏流鼻涕症状。虽然我说是鼻炎，但是我也说不清到底什么是鼻炎。总之一年四季除了夏天 可能都会流鼻涕。今年第一次听家里话打了流感疫苗，说是为了宝宝，怕自己流感传染给他。我一直吃中药来治疗感冒症状，最担心的是难受起来约不上中医师吃不到中药 lol.</p>",
      "level": 0,
      "highlight": false,
      "children": [
        {
          "id": "d3709ab8cfd48841c00b5edd08496514",
          "author": "andy",
          "time": "2018年04月20日 10:00",
          "content": "<p>謝謝你的分享。</p>",
          "level": 1,
          "highlight": true,
          "children": []
        }
      ]
    },
    {
      "id": "dced5b975618209cd94a9e005875b5ff",
      "author": "樺",
      "time": "2021年06月08日 23:26",
      "content": "<p>李醫師，請問注射流感疫苗對身體有什麼潛在的傷害? 或是已經有證實的傷害?</p>",
      "level": 0,
      "highlight": false,
      "children": [
        {
          "id": "937219c3f70b62ae5f40c6d05d1c15f9",
          "author": "李宗恩",
          "time": "2021年06月10日 15:57",
          "content": "<p>網上有很多流感疫苗的討論，你可以自己去搜尋，比對資料的可信度。</p>",
          "level": 1,
          "highlight": true,
          "children": []
        }
      ]
    }
  ],
  "page": 36,
  "order": 9,
  "filename": "data\\page36\\page36_order8_f568b7247f4293c0b24dae1ff5bb43d1.json"
}