{
  "article_url": "https://andylee.pro/wp/?p=8414",
  "title": "網上講座：從經方治療新冠談臨床診療規範化",
  "content": "<figure class=\"wp-block-image size-large\"><img alt=\"\" class=\"wp-image-8411\" decoding=\"async\" fetchpriority=\"high\" height=\"800\" sizes=\"(max-width: 589px) 100vw, 589px\" src=\"https://andylee.pro/wp/wp-content/uploads/2020/07/647a6ca4278a226c633ae98a6ab4cac5.jpg\" srcset=\"https://andylee.pro/wp/wp-content/uploads/2020/07/647a6ca4278a226c633ae98a6ab4cac5.jpg 589w, https://andylee.pro/wp/wp-content/uploads/2020/07/647a6ca4278a226c633ae98a6ab4cac5-221x300.jpg 221w\" width=\"589\"/></figure>\n<p>美國新冠肺炎疫情，不但沒有隨著夏天天氣轉熱而減緩，反而不斷加劇，目前近四百萬人確診，約十四萬五千人病逝。許多人說難怪美國政府專家們信誓旦旦表示下半年不會有第二波疫情，因為第一波從來就沒有下降！</p>\n<p>這個週末的講座為對談問答方式，主持人列了以下的問題：</p>\n<ul class=\"wp-block-list\"><li>新冠的全球形勢簡介</li><li>新冠在全球未來發展趨勢如何？</li><li>中國新冠治療為什麼很成功？</li><li>中國的成功可不可以復制？</li><li>為什麼沒有在國際上複製？</li><li>美國中醫治療新冠面臨哪些挑戰？</li><li>對傷寒和溫病治療傳染病之爭如何看？</li><li>經方能不能治療新冠？</li><li>如何用經方治療新冠？</li><li>經方治療新冠能不能規範化？如何規範化？</li><li>結語</li></ul>\n<p>講座：從經方治療新冠談臨床診療規範化</p>\n<p>時間：北京時間，7月26日，週日，上午10am~11:30am / 加州夏令時間，7月25日，週六，下午7pm~8:30pm</p>\n<p>參加方式：微信掃描二維碼，直播和回放皆可</p>",
  "article_time": "2020年07月22日 09:45",
  "comments": [
    {
      "id": "f144854c89edffc24437d26b9a5d0252",
      "author": "四川 颜永信",
      "time": "2020年07月22日 17:03",
      "content": "<p>非常重要和现实的讲演，期待了解美国汉唐经方的处境。</p>",
      "level": 0,
      "highlight": false,
      "children": []
    },
    {
      "id": "7ce9ab970ae539e96a63f0d4029af9eb",
      "author": "gordon",
      "time": "2020年07月26日 03:15",
      "content": "<p>李醫師，麻煩跟主持人說一聲，現在還不能看回放（應該是忘記退出了，現在正在睡覺）。謝謝！<br/>\n現在進去，提示：讲师暂时离开，精彩稍后继续~</p>",
      "level": 0,
      "highlight": false,
      "children": [
        {
          "id": "71e03435c1a72588664a5688176c5fe9",
          "author": "李宗恩",
          "time": "2020年07月28日 12:49",
          "content": "<p>他們已經處理了。</p>",
          "level": 1,
          "highlight": true,
          "children": []
        }
      ]
    },
    {
      "id": "c58fe12ca812b85471f90c58040590e3",
      "author": "Ashley",
      "time": "2024年12月16日 16:10",
      "content": "<p>我在youtube和bilibili找不到此講座，因為不會用微信，所以大家若有此講座的網址可否告知，謝謝</p>",
      "level": 0,
      "highlight": false,
      "children": [
        {
          "id": "34b7ec69bd7cbb6d7fa0833cfeed41bd",
          "author": "杨学锐",
          "time": "2024年12月24日 23:10",
          "content": "<p><a href=\"https://www.ximalaya.com/renwen/36727413/320637614\" rel=\"nofollow ugc\">https://www.ximalaya.com/renwen/36727413/320637614</a></p>",
          "level": 1,
          "highlight": false,
          "children": [
            {
              "id": "85f0b470bbe6049b035555286e6b84d5",
              "author": "Ashley",
              "time": "2024年12月29日 23:10",
              "content": "<p>謝謝你提供，但無法打開觀看此影片，它顯示出我所在的國家無法提供，不知道你是否還有其他網站有此講座的影片，感謝</p>",
              "level": 2,
              "highlight": false,
              "children": []
            }
          ]
        }
      ]
    }
  ],
  "page": 19,
  "order": 10,
  "filename": "data\\page19\\page19_order9_98d7039e337d98ae161e6bc6f99fb63e.json"
}