{
  "article_url": "https://andylee.pro/wp/?p=7320",
  "title": "花絮：通許人民醫院醫護人員拍攝的抖音",
  "content": "<p>通許人民醫院一千多位醫護人員，為對抗新冠肺炎疫情，放棄了農曆新年的假期，犧牲和家人相聚的機會，在寒冷的風雪裡，堅守著崗位，不忘救人的初心！</p>\n<figure class=\"wp-block-video\"><video controls=\"\" src=\"https://andylee.pro/wp/wp-content/uploads/2020/02/1581140192422.mp4\"></video></figure>\n<p>從1月21日開始，奈院長下令全院一千多位醫護人員服用中藥預防，醫院免費提供給全院同仁。在隔離病區的醫務人員，更是每天多次服用中藥，除了預防傳染外，也支持他們體力透支的身體。與患者直接接觸過的十八名醫護人員，均已隔離十四天期滿，基因核酸檢測均為陰性，無一人感染。</p>\n<figure class=\"wp-block-video\"><video controls=\"\" src=\"https://andylee.pro/wp/wp-content/uploads/2020/02/1581140185908.mp4\"></video></figure>",
  "article_time": "2020年02月07日 22:47",
  "comments": [
    {
      "id": "0f7f5197f721edbb895c32a75574a663",
      "author": "Joseph Huang",
      "time": "2020年02月08日 12:45",
      "content": "<p>對這群醫護人員的付出深感敬佩, 聽聞中醫對新型病毒的療效更令人振奮, 謝謝李醫師對中醫及病患的持續貢獻, 可否告知奈院長中醫預防的處方? 在這防疫期間這份處方應該會是一個強力盾牌, 感恩!</p>",
      "level": 0,
      "highlight": false,
      "children": [
        {
          "id": "0b8caa7fd0e4df2753e6899c5dc71dcf",
          "author": "andy",
          "time": "2020年02月08日 21:54",
          "content": "<p>我建議一般人服用桂枝湯加五苓散，醫療人員及高危險群得依照個人情況而加強力道，可以參考湯英主任的文章 <a href=\"https://mp.weixin.qq.com/s/7nF1Cmdk02TqXMSUsbY56Q\" rel=\"nofollow ugc\">https://mp.weixin.qq.com/s/7nF1Cmdk02TqXMSUsbY56Q</a></p>",
          "level": 1,
          "highlight": true,
          "children": [
            {
              "id": "f27135d20e17ea540104a1c4b7dc6e0f",
              "author": "Joseph",
              "time": "2020年02月08日 22:23",
              "content": "<p>再次感恩，李醫師功德無量！</p>",
              "level": 2,
              "highlight": false,
              "children": []
            },
            {
              "id": "f66b4d49dd7f59959413ce8e696784f0",
              "author": "明遠",
              "time": "2020年02月08日 22:47",
              "content": "<p>湯主任德才兼備，老師在天之靈一定甚感欣慰。</p>",
              "level": 2,
              "highlight": false,
              "children": []
            },
            {
              "id": "cbba3d0f9ddef442df738f9c95b93b72",
              "author": "李晨",
              "time": "2020年02月08日 23:32",
              "content": "<p>这个链接打不开</p>",
              "level": 2,
              "highlight": false,
              "children": []
            }
          ]
        }
      ]
    },
    {
      "id": "6613a296e7772817cb9b70c5ae923b1c",
      "author": "Dennis Wu",
      "time": "2020年02月08日 01:42",
      "content": "<p>这个预防中药方应该公布出来，起码给到全国各地所有医务人员，让他们工作不会受到感染，才能照顾更多病人！</p>",
      "level": 0,
      "highlight": false,
      "children": [
        {
          "id": "66a603228094c0274738d095a8bfa6e9",
          "author": "andy",
          "time": "2020年02月08日 21:56",
          "content": "<p>我建議一般人服用桂枝湯加五苓散，醫療人員及高危險群得依照個人情況而加強力道，可以參考湯英主任的文章 <a href=\"https://mp.weixin.qq.com/s/7nF1Cmdk02TqXMSUsbY56Q\" rel=\"nofollow ugc\">https://mp.weixin.qq.com/s/7nF1Cmdk02TqXMSUsbY56Q</a></p>",
          "level": 1,
          "highlight": true,
          "children": []
        }
      ]
    },
    {
      "id": "af3851d651210155583fa454b1b806fb",
      "author": "上火之人",
      "time": "2020年02月08日 05:35",
      "content": "<p>李博士好，看到中医经方发挥重要防疫的作用，心里真的很高兴，我想请教您，最近上火一周了，口苦舌头干，就喝粥不苦吃菜都苦怪味，睡前喝三大杯醒来还是渴，嘴角两边长小口一直不好，还心烦意乱的闹心啥事做不下去，中医有适合我降火的方吗？</p>",
      "level": 0,
      "highlight": false,
      "children": [
        {
          "id": "868b3a4898617845a99a1ef19e47e7c4",
          "author": "andy",
          "time": "2020年02月08日 21:57",
          "content": "<p>我不在網路上看診，你得就近找中醫師看診。</p>",
          "level": 1,
          "highlight": true,
          "children": []
        }
      ]
    },
    {
      "id": "28d51916d9cd5b98540f490ca9543738",
      "author": "李晨",
      "time": "2020年02月08日 15:46",
      "content": "<p>见下症者：<br/>\n发热，咳嗽，干咳，或咳清浊或者是黄痰，手脚凉，或不凉而手心热腿酸，身体酸胀，软累，甚者，咽喉肿痛，小便热，头昏，鼻出热气，眼眶发热等症。可与：大青龙汤加减。效果甚速。<br/>\n参考量为成人量（2-6岁儿童减半量。6岁以上儿童参考成交量或者2/3量）<br/>\n生麻黄12，桂枝20 炙甘草15，生姜30，苦杏仁20 红枣12只切开 生石膏60，蝉蜕4。（单位克）。如果咽痛，口干很要紧，加，北沙参30，葛根40。<br/>\n加水两斤半到三斤，大火烧开以后，中小火沸腾40分钟到60分钟。将药水分成三份。每两小时喝一份。不管喝到哪一份烧退，症状缓解以后，停药观察，如果症状还有，三个钟头以后再喝。<br/>\n如果退烧以后，观察半天，一天基本上没有什么症状了就好了。如果不发烧了，只是感觉到潮热，或者来往寒热，身体酸累，胃口不好的选择下方：<br/>\n柴胡20，黄芩15，桂枝20 炙甘草15，生姜30，贯众12，红枣12只切开 百合30，沙参20（单位克）。若还带有肺中或者取款当中有干咳或者是粘痰，或者胃口很大者，老想喝水的，生石膏40加进去。如果出现呕吐或者是老是吐稀痰，胃口好差，加陈皮15，姜半夏15.<br/>\n如果一开始发现的时候，没有得到及时的治疗，或者体质比较弱，经受医院的抗生素或者是吊药水，或者是寒热错杂的体质，合并或者伴随着拉肚子的情况，参考如下：<br/>\n1、低热，呕吐，口干，想喝温热水，大便稀薄不臭者选：<br/>\n桂枝30，白芍30，生姜40，红枣12只，炙甘草20，白术20，茯苓30，猪苓15，泽泻50。呕.吐严重者，加姜半夏20。<br/>\n2，发热，或者是午后潮热，放屁多，想吃东西，但吃后气喘汗出，大便粘烂或者非常臭者选：<br/>\n柴胡15，黄芩15，葛根 40，黄连6，贯众15，紫苏叶30（后下，只煮5分钟），生甘草10。<br/>\n以上之处方，除应急发烧期，带有麻黄的方剂，要求两小每隔两小时服用一次。其他处方的煮药时间，煮水开后30分钟就可，水你看看办，就像平时煮汤。笨蛋的，花钱请人去伺候，不多讲。<br/>\n对中医有信心者，若有不效，或变化不在以上范围者，请教当地精细的经方或伤寒流派的中医师调方。<br/>\n病急者,情况恶劣的，仍然去找医院，请相信国家。<br/>\n本公开只为明者智者公开，不对笨蛋负责，莫作过多无谓的恐慌或者干扰。<br/>\n愿天度人，与世太平。<br/>\n 李博士，评价一下如何？ 我转载来自美国倪伯时的徒弟。</p>",
      "level": 0,
      "highlight": false,
      "children": [
        {
          "id": "57ebfb3c9d47113d8a6668d91537dcbb",
          "author": "andy",
          "time": "2020年02月08日 22:01",
          "content": "<p>這一個月來，很多人把各種中藥方寄給我，希望我評論那些藥方能不能治療武漢肺炎。我不想評論他人的武漢肺炎的中藥方，如果什麼人覺得什麼藥方有效，那就拿到臨床治療上試一試，有確切療效就公佈病例來造福大眾，如果沒有真的臨床有效病例，那就只是紙上談兵，大家看看就好。</p>",
          "level": 1,
          "highlight": true,
          "children": []
        }
      ]
    },
    {
      "id": "78cb59a101809fa1298998075cbe09e8",
      "author": "魯豆腐",
      "time": "2020年02月08日 16:24",
      "content": "<p>中藥才能產生抵抗力，最強的自身抗體完全不必依賴西藥的無用疫苗，更不會促使病毒變種，也沒有後遣症產生</p>",
      "level": 0,
      "highlight": false,
      "children": [
        {
          "id": "a5f45412fd8a80686c6be75b6d5c94a0",
          "author": "andy",
          "time": "2020年02月08日 22:02",
          "content": "<p>雖然不能確定病毒不會因中藥而變種，至少應該比西藥治療下變種慢非常多。</p>",
          "level": 1,
          "highlight": true,
          "children": []
        }
      ]
    },
    {
      "id": "ca4b5578f5f56508c4e77aadb05947f1",
      "author": "刘剑彬",
      "time": "2020年02月08日 17:16",
      "content": "<p>李医师，我在大陆看了4年中医基本都是温病南派，结果越治越严重，自己也一直在学倪师的视频，刚喝完栀子豆岐合半夏泻心汤，感觉不对，我在福建泉州，不知道我在大陆可以找到倪师的徒弟吗？</p>",
      "level": 0,
      "highlight": false,
      "children": [
        {
          "id": "d17cfedbef0c949c436a51028b3cedfd",
          "author": "andy",
          "time": "2020年02月08日 22:04",
          "content": "<p>倪老師大部分的學生在台灣及美國，一些台灣的學生到大陸行醫，但我熟識的已經各奔東西，我們正在設法重新建立學生名單及執業地區。</p>",
          "level": 1,
          "highlight": true,
          "children": [
            {
              "id": "5106e1bbd29c48a3cfa36391a34b88cf",
              "author": "刘剑彬",
              "time": "2020年02月08日 22:28",
              "content": "<p>李医师，您好，在大陆基本找得都是南派温病派中医，已经拜访过三十多个中医，每天也坚持学习倪师伤寒金匮视频，但是目前身体感觉不是很好，想找您看，不知道您近一年有回大陆的行程吗？</p>",
              "level": 2,
              "highlight": false,
              "children": [
                {
                  "id": "8f35727ecf286a21facee12a822103c6",
                  "author": "JOJO",
                  "time": "2020年02月09日 05:11",
                  "content": "<p>找不到经方医师看病，那就只能靠自己了，自己多锻炼身体，练练太极或者八段锦或者金刚功应该都可以的虽然过程可能慢一点但是效果肯定是有的。</p>",
                  "level": 3,
                  "highlight": false,
                  "children": []
                },
                {
                  "id": "0a7d8284ff0c7ab178f7301f835a36d6",
                  "author": "ET",
                  "time": "2020年02月09日 19:04",
                  "content": "<p>李博士是从台湾到美国后才学中医的，即使去到大陆，没有行医资质也不方便为你诊治。大陆还是有一些经方医师的，到网上书局搜索“经方”就可以看到一些经方中医师的著作，我常买来学习。个人素来景仰一位在广州的皮肤科中医，用六经辨证治疗皮肤病。即便您不是皮肤问题也可以找他，真正的中医是不分科的。他姓欧阳，你按我以上说的方法搜索，应该不难找到。</p>\n<p>要记得，不是用寒凉药就是温病派，仲景方也有很多寒凉药呀。还有“一剂知，二剂己”是指急病、外感病而言，慢性病和体质调理还是要一段时间坚持服药才可以治愈，轻易换医生是不可取的。</p>",
                  "level": 3,
                  "highlight": false,
                  "children": []
                }
              ]
            }
          ]
        }
      ]
    },
    {
      "id": "07217114f557c2433f15694ee7da94d2",
      "author": "子超RayZ",
      "time": "2020年02月10日 03:54",
      "content": "<p>快看哭了！太感动了！白衣天使们太伟大，更有倪老师和李老师你们在大陆这种如此抵触中医的环境下推广传承中医，能在这次武汉肺炎上实实在在治愈病人，实在是国人的大幸！</p>\n<p>虽然我是学工科的但是也已经对中医感兴趣了！</p>",
      "level": 0,
      "highlight": false,
      "children": []
    },
    {
      "id": "8a8397e0eb30b2d69c6cc0002ed0fbc1",
      "author": "瑞文",
      "time": "2021年06月06日 22:36",
      "content": "<p>李醫師好：</p>\n<p>有沒有不適合飲用這些藥方的體質的人呢？或者身體平時有什麼疾病的話不適合？</p>",
      "level": 0,
      "highlight": false,
      "children": [
        {
          "id": "4e6e22b4641a82c5b19f7d7bfc397d10",
          "author": "李宗恩",
          "time": "2021年06月07日 10:15",
          "content": "<p>那些護士服用中藥前，都有先咨詢通許學中醫的醫生們，告知個人是否有特殊情況而得修改藥方。</p>",
          "level": 1,
          "highlight": true,
          "children": []
        }
      ]
    }
  ],
  "page": 23,
  "order": 10,
  "filename": "data\\page23\\page23_order9_28d51916d9cd5b98540f490ca9543738.json"
}