{
  "article_url": "https://andylee.pro/wp/?p=3306",
  "title": "[经方班] 乳水经水通，解胸前无忧",
  "content": "<div class=\"rich_media_meta_list\"><span class=\"rich_media_meta rich_media_meta_text\" id=\"post-date\">2016-01-03</span> <span class=\"rich_media_meta rich_media_meta_text\">“一至”小组</span> <a class=\"rich_media_meta rich_media_meta_link rich_media_meta_nickname\" id=\"post-user\"></a>李赛美教授工作室</div>\n<div class=\"rich_media_content\" id=\"js_content\">\n<p>小编注：各位看官新年好！上回讲到经方学堂一先生巧治消渴，引来诸多看客关注。其实，学堂中有真才实学者众，今日便来谈谈另一位禮先生的故事。</p>\n<p>话说这一日，禮先生正带着小徒弟在学堂中伏案看书。突然，堂外传来唤门声：“禮先生，禮先生，求您救救我呀！”小徒弟一听便知有病人求诊，蹦蹦跳跳即去迎接。只见门外站着一年近四十的妇人，愁眉不展，表情急迫。小徒弟连忙引路，才至大堂，妇人即赶至禮先生面前诉：“禮先生，终于找到您了！十多年前，我这乳房长了肿块，当时年少不知事，听人说一切万事好，我便毫不犹豫切了。本以为能继续安享大好青春，但不曾想，这肿块切了又长，像狗皮膏药样粘住我。十多年呐！我四处求医，但都治不好。如今肿块化脓，疼痛不已，更觉是没活路了！”</p>\n<p>禮先生请妇人安坐，稍事歇息，先平复心情，不必着急。转而问到一旁站着的小徒弟：“徒儿，若你接诊，该如何治好？” “自然是通乳。” “何出此言？”“这……因为…因为…”禮先生见徒弟犯难的模样，引导说：“你个小糊涂虫呀，学医切记要严谨。你且仔细想一想，乳房本如容器，能放的东西有限，一旦满了，就得排泄。这排泄多是依靠心阳把乳水沿着冲任二经引流至女子胞。女子胞的后面恰是小肠，而小肠与心相表里，受热于心阳，烹煮前面的器官，把这女子胞中乳白色的乳水“烹煮”成红色的经水，每月排出体外。然，若心阳不够强大，或者引流路途出现堵塞，乳水便只能堵在乳房，周而复始，终成肿块。所以…” “师傅，师傅，我明白了”，小徒弟兴奋地打断了老郎中的话，“既然乳房肿块是因为乳水不流通形成的，治疗的时候只要通乳就行了。” 禮先生略点头：“孺子可教也。清楚为何通乳，就知如何通乳。若心阳不足，就需助心阳；若道路不通，就要打通道路。”“师傅，这位病人是哪种情况？要如何用药？”</p>\n<p>禮先生见妇人气息已较平稳，遂与其号脉，并询问平素起居、月事情况。但触其双手冰凉，知其眠睡欠佳，多有忧虑，月经量少。禮先生斟酌片刻，即提笔拟方——柴胡加龙骨牡蛎汤加减，言：“这柴胡入肝经，牡蛎重用能攻坚，防己、茯苓通利三焦，少量丹皮走肝脾攻血，瓦楞子、炒麦芽通乳，小量生附子、干姜温阳。且服3月，月经量定增多，肿块必消除。”</p>\n<p>果不其然，3月后一日，妇人满面春风来道谢：“先生真乃神医！我服药半月，便疼痛消失，化脓愈；再服至上旬，肿块亦散开。十多年来，从未如此轻松！”</p>\n<p><img alt=\"\" data-ratio=\"1.0403225806451613\" data-s=\"300,640\" data-src=\"https://mmbiz.qpic.cn/mmbiz/o8Q8S9KbCxhU9A3aiatu1vvVYSAfWYdgW7eQXnQTgMibJoREsn8IEpjicmxSticWBSjuQrviaAibRtDJ7gd9G6Zab3OA/0?wx_fmt=jpeg\" data-type=\"jpeg\" data-w=\"496\" decoding=\"async\" src=\"https://mmbiz.qpic.cn/mmbiz/o8Q8S9KbCxhU9A3aiatu1vvVYSAfWYdgW7eQXnQTgMibJoREsn8IEpjicmxSticWBSjuQrviaAibRtDJ7gd9G6Zab3OA/640?wx_fmt=jpeg&amp;wxfrom=5&amp;wx_lazy=1\"/></p>\n<hr/>\n<p><strong>以上故事纯属杜撰，且看“经方学堂”李宗恩博士讲述治疗案例</strong>：</p>\n<p><iframe allowfullscreen=\"allowfullscreen\" class=\"video_iframe\" data-src=\"https://v.qq.com/iframe/preview.html?vid=m01795gme3o&amp;width=500&amp;height=375&amp;auto=0\" frameborder=\"0\" height=\"502.5\" scrolling=\"no\" src=\"https://v.qq.com/iframe/player.html?vid=m01795gme3o&amp;width=670&amp;height=502.5&amp;auto=0\" width=\"670\"></iframe></p>\n<p>剪辑：杨晴</p>\n<p>文稿：高安然、库婉</p>\n<p>编辑：刘超男、谢致学、方剑锋</p>\n<hr/>\n<p><strong>“经方学堂”APP，明师荟萃，敬请关注。</strong><strong>iOS用户敬请通过App Store搜索“经方学堂”，安卓用户可通过“应用宝”搜索<strong>“经方学堂”或扫描页面底部二维码安装。</strong></strong><strong>名师风采，尽在指尖上的经方班。</strong></p>\n<p><img alt=\"\" data-ratio=\"1.0070175438596491\" data-s=\"300,640\" data-src=\"https://mmbiz.qpic.cn/mmbiz/o8Q8S9KbCxgYNZvEaW7SMictibUMs8rwcGEAj7U65Xdy2zgibzAaswNiciaXv1E0BzibHwWlUntdvGTziclp6UzATDfCQ/0?wx_fmt=jpeg\" data-type=\"jpeg\" data-w=\"285\" decoding=\"async\" src=\"https://mmbiz.qpic.cn/mmbiz/o8Q8S9KbCxgYNZvEaW7SMictibUMs8rwcGEAj7U65Xdy2zgibzAaswNiciaXv1E0BzibHwWlUntdvGTziclp6UzATDfCQ/640?wx_fmt=jpeg&amp;wxfrom=5&amp;wx_lazy=1\"/></p>\n</div>",
  "article_time": "2016年01月03日 11:20",
  "comments": [],
  "page": 49,
  "order": 2,
  "filename": "data\\page49\\page49_order1_71fcf220c96b2397c5a16f99ec78ce88.json"
}