{
  "article_url": "https://andylee.pro/wp/?p=3366",
  "title": "FM: 96.1：冬天常見感冒、心臟問題的中醫應對",
  "content": "<!--[if lt IE 9]><script>document.createElement('audio');</script><![endif]-->\n<audio class=\"wp-audio-shortcode\" controls=\"controls\" id=\"audio-3366-1\" preload=\"none\" style=\"width: 100%;\"><source src=\"https://andylee.pro/wp/wp-content/uploads/2016/01/dr_case_20160105_508-546pm_33m09s_converted.mp3?_=1\" type=\"audio/mpeg\"/><a href=\"https://andylee.pro/wp/wp-content/uploads/2016/01/dr_case_20160105_508-546pm_33m09s_converted.mp3\">https://andylee.pro/wp/wp-content/uploads/2016/01/dr_case_20160105_508-546pm_33m09s_converted.mp3</a></audio>\n<p>農曆歲末進入冬季，在這段寒冷的季節感冒的民眾也逐漸增多，加上雨季的濕氣，呼吸道疾病就容易上身，再者也容易引發心血管疾病，中醫認為＂心屬火＂、冬天屬水、水可剋制火，當心陽不足無法透至四肢，手腳就會冰冷、足跟龜裂、皮膚破裂，甚至臨床見過孩童在冬季期間手腳不斷冒水泡。冬季來臨，許多人骨節開始疼痛，中醫認為可能寒濕積聚在骨節，造成寒濕積聚的背後原因是心陽不足，利用　＂當歸四逆湯　＂方劑，將四肢循環增加，寒濕的現象就會消失。一般華人孩童重視課業，忽略了運動的重要性，造成心陽不足現象，生活中的小細節都會影響身體的健康，建議即早尋求可信賴醫師診斷，利用調整生活習慣，加強飲食的改善，即可預防重大疾病的發生。</p>\n<p>感冒看似小問題，若拖延太久可以導致肺炎，而西醫可能會讓患者施打抗生素及類固醇，暫時症狀解除，但是抗生素的使用會導致抗藥性的後果，後劑量只會加重不會減少，在中醫的角度，抗生素的濫用首當其衝就是肝臟的健康，許多毒素因此而累積，也間接造成免疫力下降，而服用中藥的病患治療後，下次感冒的機會相對減少許多，身體免疫功能也健全。聽眾或許會誤解中醫，認為中醫只能養生，對於疾病的治療並不見效，這個觀念恰好相反，在西醫看似棘手的問題，有經驗的中醫往往藥到病除，甚至比西醫治療來的要快。中醫使用的文字一般人較難理解，但它診病的原理卻是宏觀且全面性，中醫將焦點擺在＂人＂的健康狀態，而非病毒細菌的存在。中醫講求人體內環境的平衡，也就是健康狀態，當平衡被打破，外來的異物就會侵犯人體，這時候中醫致力將體內失衡的部位調整，西醫專注於病毒細菌的分析並且消滅，也同時傷害到身體的健康部位。</p>\n<p>近年來西醫看待發燒的現象與二十年前大大不同，過去西醫認為發燒必須趕快降溫，以免溫度過高導致腦炎的發生，正好相反，近年發現，身體每增加攝氏一度，免疫白血球增加數倍，這時候使用冰枕降溫反而降低抵抗力。中藥使用＂石膏　＂，使用恰當可以自然的降體溫降低而不會影響抵抗力，不僅對人體有好處，使用自然的藥材也降低社會成本。</p>\n<p>中醫講求四診合參，望聞問切，與西醫所謂的定量醫學非常不同，臨床上ＧＯＴ、ＧＰＴ指數正常，就代表肝臟健康嗎？反觀中醫，收集人體產生的線索，交叉比較反而更準確的得知身體的疾病所在，西醫訂定許多臨床建康數據，也時常因為科技的進步更改這些數據，許多高血壓病患，長期服用藥物，卻忽然被宣判之前的數據指標為正常範圍，長時間服用藥物後的副作用也難恢復了。</p>\n<p><strong>（語音檔案由FM96.1電台提供，文章摘錄自語音檔案內容，部分文字略有異同，敬請見諒。）</strong></p>",
  "article_time": "2016年01月05日 17:49",
  "comments": [
    {
      "id": "aec31a7a175de8101e6f3bc67d968be5",
      "author": "Ferry 瑞芳",
      "time": "2017年12月27日 19:32",
      "content": "<p>Hello Andy ,请教一下麻黄的煎煮方法，《伤寒论》关于麻黄的方剂中，对于麻黄的煎煮方法有不同的阐述，麻黄桂枝各半汤是煮取麻黄一二沸，去上沫再纳入诸药煎煮，麻黄汤是以水九升煮取二升，去上沫再纳入诸药煎煮，现在去中药房拿药时一般会被告诉先煮麻黄十五分钟，这种煎煮方法是对的麽？如果我买到的是纯度比较好的出口级别的药材该怎么煮呢？</p>",
      "level": 0,
      "highlight": false,
      "children": [
        {
          "id": "7c868cdb75da6550057ebc3589cb0c88",
          "author": "andy",
          "time": "2017年12月29日 21:05",
          "content": "<p>兩者並不衝突，都可以減少麻黃鹼的強度。其實現在的麻黃品質比較差，通常直接和其它中藥材一起煮即可，如果對病人有其它的考量，譬如病人心臟衰弱，那可以在麻黃的劑量上做調整，而非依賴不同的煮藥方法。在臨床上，如果煮藥方法複雜，有些病人就不會按照醫師交代的方法來煮藥，所以，簡單一致的煮法，反而減少許多變因。</p>",
          "level": 1,
          "highlight": true,
          "children": [
            {
              "id": "0c9c82bd98592ba817b0d89f77a84430",
              "author": "Ferry瑞芳",
              "time": "2017年12月30日 18:51",
              "content": "<p>嗯，明白了,感谢！</p>",
              "level": 2,
              "highlight": false,
              "children": []
            }
          ]
        }
      ]
    },
    {
      "id": "dd1f1add5286cdc39b61b88d583fa68d",
      "author": "Irene Zhao",
      "time": "2018年11月02日 21:54",
      "content": "<p>想请教李医生，冬天手热但脚易冷也是心阳不足的表现吗？</p>",
      "level": 0,
      "highlight": false,
      "children": [
        {
          "id": "0578aaf67996b651820490c9dc2abb66",
          "author": "andy",
          "time": "2018年11月03日 10:01",
          "content": "<p>單一現象是無法真的診斷病因的，只能說心陽不足加上其它條件下，是有可能手熱腳冷。</p>",
          "level": 1,
          "highlight": true,
          "children": []
        }
      ]
    },
    {
      "id": "20d66918383dc8272fb797a2256016d8",
      "author": "Joanne",
      "time": "2021年10月26日 03:35",
      "content": "<p>李醫師您好，我自產後就很怕冷，冬天腳都是冰的，最近試著吃科學中藥當歸四逆湯，每次一匙，腳有比較溫暖，便秘也有改善，但是會感覺喉嚨癢想咳嗽，某天因為工作比較忙，自己把脈感覺左關特別微弱，於是加了一點當歸的劑量，結果當天晚上睡覺一直起來吐痰，非常影響睡眠，想請問當歸為何會造成這種現象？那我還能繼續吃當歸四逆湯嗎？感謝您</p>",
      "level": 0,
      "highlight": false,
      "children": [
        {
          "id": "249e007c0927b296e8d7046220ece762",
          "author": "李宗恩",
          "time": "2021年11月04日 18:54",
          "content": "<p>這代表你對自己健康問題的了解有限，你應該找中醫師看診，而不是自己服用當歸四逆湯。</p>",
          "level": 1,
          "highlight": true,
          "children": []
        }
      ]
    },
    {
      "id": "50fac05dd0453f1dbfbe1518202ca500",
      "author": "闫中天",
      "time": "2023年10月27日 19:13",
      "content": "<p>老师，加州中医药大学4个小时课程有视频吗？在哪里可以看到</p>",
      "level": 0,
      "highlight": false,
      "children": [
        {
          "id": "4def17982a4d3dd277b2d889bce7dbf7",
          "author": "李宗恩",
          "time": "2023年10月30日 09:44",
          "content": "<p>如果網頁上搜尋不到，就是沒有上傳。</p>",
          "level": 1,
          "highlight": true,
          "children": []
        }
      ]
    }
  ],
  "page": 49,
  "order": 1,
  "filename": "data\\page48\\page48_order10_1b1092c747d7f215d914080ff2c3e79c.json"
}