{
  "article_url": "https://andylee.pro/wp/?p=13785",
  "title": "聯合國全球契約組織 印尼高峰會",
  "content": "<p>應邀參加印尼政府及聯合國全球契約組織聯合主辦的「首屆全球企業共建高品質一帶一路高峰會」，一同參與峰會的嘉賓，包括橋水基金(Bridgewater)創始人Ray Dalio、廈門航空董事長趙東等多位國際知名人士，印尼國家級領導亦參與大會。我將與正安集團董事長梁冬及新加坡中醫研究院院長吳佳盛有一場對談，主題為「醫道無界：傳統醫學的現代化發展賦能全球健康共同體」。 </p>\n<p>時間：5月24-26日</p>\n<p>地點：印尼雅加達</p>\n<p>官網：<a href=\"http://desp.casearth.cn/BRI_BIZ_Summit/#/\">http://desp.casearth.cn/BRI_BIZ_Summit/#/</a></p>\n<figure class=\"wp-block-image size-large is-resized\"><a href=\"https://andylee.pro/wp/wp-content/uploads/2025/05/Screen-Shot-2025-05-06-at-10.04.51-PM.png\"><img alt=\"\" class=\"wp-image-13787\" decoding=\"async\" fetchpriority=\"high\" height=\"547\" sizes=\"(max-width: 1024px) 100vw, 1024px\" src=\"https://andylee.pro/wp/wp-content/uploads/2025/05/Screen-Shot-2025-05-06-at-10.04.51-PM-1024x547.png\" srcset=\"https://andylee.pro/wp/wp-content/uploads/2025/05/Screen-Shot-2025-05-06-at-10.04.51-PM-1024x547.png 1024w, https://andylee.pro/wp/wp-content/uploads/2025/05/Screen-Shot-2025-05-06-at-10.04.51-PM-300x160.png 300w, https://andylee.pro/wp/wp-content/uploads/2025/05/Screen-Shot-2025-05-06-at-10.04.51-PM-768x410.png 768w, https://andylee.pro/wp/wp-content/uploads/2025/05/Screen-Shot-2025-05-06-at-10.04.51-PM.png 1349w\" style=\"width:500px\" width=\"1024\"/></a></figure>\n<figure class=\"wp-block-image size-full is-resized\"><a href=\"https://andylee.pro/wp/wp-content/uploads/2025/05/Screen-Shot-2025-05-06-at-10.03.12-PM.png\"><img alt=\"\" class=\"wp-image-13788\" decoding=\"async\" height=\"692\" sizes=\"(max-width: 811px) 100vw, 811px\" src=\"https://andylee.pro/wp/wp-content/uploads/2025/05/Screen-Shot-2025-05-06-at-10.03.12-PM.png\" srcset=\"https://andylee.pro/wp/wp-content/uploads/2025/05/Screen-Shot-2025-05-06-at-10.03.12-PM.png 811w, https://andylee.pro/wp/wp-content/uploads/2025/05/Screen-Shot-2025-05-06-at-10.03.12-PM-300x256.png 300w, https://andylee.pro/wp/wp-content/uploads/2025/05/Screen-Shot-2025-05-06-at-10.03.12-PM-768x655.png 768w\" style=\"width:500px\" width=\"811\"/></a></figure>\n<figure class=\"wp-block-image size-full is-resized\"><a href=\"https://andylee.pro/wp/wp-content/uploads/2025/05/Screen-Shot-2025-05-06-at-10.03.43-PM.png\"><img alt=\"\" class=\"wp-image-13789\" decoding=\"async\" height=\"701\" sizes=\"(max-width: 508px) 100vw, 508px\" src=\"https://andylee.pro/wp/wp-content/uploads/2025/05/Screen-Shot-2025-05-06-at-10.03.43-PM.png\" srcset=\"https://andylee.pro/wp/wp-content/uploads/2025/05/Screen-Shot-2025-05-06-at-10.03.43-PM.png 508w, https://andylee.pro/wp/wp-content/uploads/2025/05/Screen-Shot-2025-05-06-at-10.03.43-PM-217x300.png 217w\" style=\"width:502px\" width=\"508\"/></a></figure>",
  "article_time": "2025年05月06日 22:32",
  "comments": [
    {
      "id": "0511bd235a6fb96da755af6a06646bfd",
      "author": "一壶酒",
      "time": "2025年05月07日 17:13",
      "content": "<p>李博士了得！了不得！不得了！能够和国际对话、国际接轨的中医界巨擘！</p>",
      "level": 0,
      "highlight": false,
      "children": []
    },
    {
      "id": "e4097960b7554b9fab1bb01c0a3ab6db",
      "author": "出師未捷身先死",
      "time": "2025年05月08日 03:57",
      "content": "<p>印尼乃華人的傷心之地，因為1998年印尼發生了駭人聽聞舉世震驚慘絕人寰針對華人的大屠殺，華人作為弱勢群體被迫害被迫改為印尼姓,華人文化被屠戮殆盡，完全被滅絕</p>",
      "level": 0,
      "highlight": false,
      "children": []
    },
    {
      "id": "77969dcfd7699991f688e4c0ba0bee0f",
      "author": "仲景心法",
      "time": "2025年05月08日 21:53",
      "content": "<p>李老师，我刚刚发现倪师网站有个链接出问题了，就是深圳汉唐中医诊所网址链接.</p>",
      "level": 0,
      "highlight": false,
      "children": [
        {
          "id": "640dea9f988710e67bbd9de44490771c",
          "author": "李宗恩",
          "time": "2025年05月13日 10:30",
          "content": "<p>深圳漢唐中醫診所早就關門多年了，後來借有類似名字開的診所，和倪老師無關。</p>",
          "level": 1,
          "highlight": true,
          "children": []
        }
      ]
    },
    {
      "id": "c9b2177094e4248630d4759656c8c45c",
      "author": "吴茱萸",
      "time": "2025年05月10日 05:21",
      "content": "<p>鿄冬也是孤勇者，致力于推广中医。是因为对传统文化由衷的热爱。在假西医与假中医的围攻之中昂首阔步！他与厚朴的徐文兵堪称国内两大明星。</p>",
      "level": 0,
      "highlight": false,
      "children": []
    },
    {
      "id": "8df92688a9a6b523100803b155f81033",
      "author": "叶明",
      "time": "2025年05月12日 04:48",
      "content": "<p>望李博士到时候分享一下</p>",
      "level": 0,
      "highlight": false,
      "children": []
    },
    {
      "id": "d13e925ba6daaa6633d17fcec6fc60ef",
      "author": "单单",
      "time": "2025年05月12日 23:32",
      "content": "<p>你这人真是的，人家谈这个，你就非要谈那个，你不觉得你所有的留言都留错地方吗？</p>",
      "level": 0,
      "highlight": false,
      "children": []
    }
  ],
  "timestamp": 1748059346.4776235,
  "page": 2,
  "order": 2,
  "filename": "data\\page2\\page2_order1_d4ae10da63ecdc2277b687a77068f106.json"
}