{
  "article_url": "https://andylee.pro/wp/?p=13741",
  "title": "Podcast 03 – 傳承與使命",
  "content": "<p>一位診所病人邀請我參與她製作的podcast，雖然我沒有太多時間花在社群媒體，她在看診時，問了許多有深度的非醫學問題，讓我覺得可以試一試不一樣的對話。目前沒有特定的題材，也沒有特定的時間表，隨性也隨時間，藉由主持人的提問，來和大家聊一聊。</p>\n<p></p>\n<p>錄音檔：</p>\n<div class=\"wp-block-file\"><a href=\"https://andylee.pro/wp/wp-content/uploads/2025/04/3.倪海厦之后｜传承与使命（还有一点点八卦）.mp3\" id=\"wp-block-file--media-6974354a-8bcb-4000-837c-312b0dd97072\">3.倪海厦之后｜传承与使命（还有一点点八卦）</a><a aria-describedby=\"wp-block-file--media-6974354a-8bcb-4000-837c-312b0dd97072\" class=\"wp-block-file__button wp-element-button\" download=\"\" href=\"https://andylee.pro/wp/wp-content/uploads/2025/04/3.倪海厦之后｜传承与使命（还有一点点八卦）.mp3\">下載</a></div>\n<p></p>\n<p>小宇宙：</p>\n<p><a href=\"https://www.xiaoyuzhoufm.com/episode/67fc8c9759699d74dc8edeaf\">https://www.xiaoyuzhoufm.com/episode/67fc8c9759699d74dc8edeaf</a></p>\n<p></p>\n<figure class=\"wp-block-image size-full\"><a href=\"https://andylee.pro/wp/wp-content/uploads/2025/04/Screen-Shot-2025-04-13-at-9.38.48-PM.png\"><img alt=\"\" class=\"wp-image-13740\" decoding=\"async\" fetchpriority=\"high\" height=\"841\" sizes=\"(max-width: 531px) 100vw, 531px\" src=\"https://andylee.pro/wp/wp-content/uploads/2025/04/Screen-Shot-2025-04-13-at-9.38.48-PM.png\" srcset=\"https://andylee.pro/wp/wp-content/uploads/2025/04/Screen-Shot-2025-04-13-at-9.38.48-PM.png 531w, https://andylee.pro/wp/wp-content/uploads/2025/04/Screen-Shot-2025-04-13-at-9.38.48-PM-189x300.png 189w\" width=\"531\"/></a></figure>",
  "article_time": "2025年04月13日 21:42",
  "comments": [
    {
      "id": "165a12d4b66764f2ee99946bebf95f6e",
      "author": "吴茱萸",
      "time": "2025年04月13日 22:25",
      "content": "<p>倪师在斯坦福的演讲，李博士当司仪，足见李博士的地位！</p>",
      "level": 0,
      "highlight": false,
      "children": [
        {
          "id": "437b2044eacc3d6e11b2f6201c0965e1",
          "author": "李宗恩",
          "time": "2025年04月15日 15:31",
          "content": "<p>我是主持人，不是司儀，那場演講沒有司儀。</p>",
          "level": 1,
          "highlight": true,
          "children": [
            {
              "id": "37c2d5e62c3bf16b6a2d2d09e5b12825",
              "author": "吴茱萸",
              "time": "2025年04月18日 23:48",
              "content": "<p>谢谢指正，在我意识里，一直以为主持人就是司仪。I’m sorry!</p>",
              "level": 2,
              "highlight": false,
              "children": []
            }
          ]
        }
      ]
    },
    {
      "id": "e6ae1673b8bf550d4942ab241402753c",
      "author": "吴茱萸",
      "time": "2025年04月13日 22:27",
      "content": "<p>很心痛，汉唐中医学院没有传承下去。</p>",
      "level": 0,
      "highlight": false,
      "children": []
    },
    {
      "id": "85824f8e5a6947ecad379c3e3290a074",
      "author": "刘超",
      "time": "2025年04月13日 22:59",
      "content": "<p>倪师母，出de书名字是什么想买来学习下，在中国大陆买不到。</p>",
      "level": 0,
      "highlight": false,
      "children": [
        {
          "id": "890522f316eb26ed89ad7f4091973b6a",
          "author": "李宗恩",
          "time": "2025年04月15日 15:33",
          "content": "<p><a href=\"https://andylee.pro/wp/?p=11254\" rel=\"ugc\">https://andylee.pro/wp/?p=11254</a></p>",
          "level": 1,
          "highlight": true,
          "children": [
            {
              "id": "d0042e39827d90da7f9cd0b20b6d43f9",
              "author": "刘超",
              "time": "2025年04月15日 22:10",
              "content": "<p>感谢李老师的链接，买到了，虽然是盗版。李老师，什么时候可以公开收学生，现在太多顶着倪师的名目收学生的了。听了很多根本不是倪师的思想，违背倪师的愿望。</p>",
              "level": 2,
              "highlight": false,
              "children": []
            }
          ]
        }
      ]
    },
    {
      "id": "5245de39f2ac87f6ae6ca3252562541a",
      "author": "Dking",
      "time": "2025年04月14日 02:56",
      "content": "<p>有一个渠道可以听到李医生的分享，很开心，祝好！</p>",
      "level": 0,
      "highlight": false,
      "children": []
    },
    {
      "id": "8bd875bec1868b08afa0fcd5225ca26e",
      "author": "一壶酒",
      "time": "2025年04月14日 07:42",
      "content": "<p>李博士，《大医精诚——倪海厦医师逝世十周年纪念文选》中陈正容医师提到“坐镇汉唐玄虎厅亲爱的大师姐颜北辰”，颜北辰医师不是男性么？怎么陈医师说亲爱的大师姐？是笔误么？</p>",
      "level": 0,
      "highlight": false,
      "children": [
        {
          "id": "f9041c43cfaf2ecc9a267abb132ce2e4",
          "author": "李宗恩",
          "time": "2025年04月15日 21:34",
          "content": "<p>顏北辰醫生是男性。</p>",
          "level": 1,
          "highlight": true,
          "children": []
        }
      ]
    },
    {
      "id": "119a3f311a2edcc8190e1efb4583efa1",
      "author": "哈啰",
      "time": "2025年04月14日 16:18",
      "content": "<p>李医生在行医这么多年里，就目前来说，是否会有些病例你处理的会比倪老师更好，或者还有没有达到倪老师的效果的地方呢？问题稍有尖锐不知李医生方不方便回答。</p>",
      "level": 0,
      "highlight": false,
      "children": [
        {
          "id": "afc97c3e5eb3d964aa681ce3fd1c081a",
          "author": "李宗恩",
          "time": "2025年04月15日 21:42",
          "content": "<p>這點很難比較，畢竟每一位病人的情況不一樣。如果硬要找件事情來說，那麼，倪老師當年沒有機緣親自參與非典肺炎疫情大爆發的治療，對非典的闡述來自他的想法，而非大量的病例治療，而我有機緣親自參與新冠肺炎疫情大爆發的治療，得以深入很多細節及複雜困難的挑戰，治療效果也被大量危急病例所證實。</p>",
          "level": 1,
          "highlight": true,
          "children": []
        }
      ]
    },
    {
      "id": "cdd6864096aba5fb6d97a1a4eebf99f8",
      "author": "出师未捷身先死",
      "time": "2025年04月14日 16:45",
      "content": "<p>当主持人脱口而出“倪老师是一个有争议性的人物”时，就让人心里感到非常的不舒服。如果倪师还能活到现在，他肯定会被左疯媒体冠以“阴谋论者”的称呼。倪海廈是一位有正義感和良知的經方家和學者，他反對西醫宣揚的所謂安全有效的疫苗，單憑這點他就會被西藥厰以莫須有的罪名來定罪。</p>",
      "level": 0,
      "highlight": false,
      "children": [
        {
          "id": "ee8c9ab72d6cb137ed2a5fb8fd9606b0",
          "author": "李宗恩",
          "time": "2025年04月15日 21:46",
          "content": "<p>主持人說倪老師是一位有爭議性的人物，這個陳述沒有問題，這並不是說主持人本身反對倪老師，而是說明目前的現實情況。目前許多人還在攻擊倪老師，雖然我們都知道攻擊倪老師的人是錯誤的，但這不能改變那些人對倪老師持有不同意見的現實情況。換句話說，「有爭議性的」不代表對或錯，而是許多人表示不同的看法，彼此無法有一致的結論。</p>",
          "level": 1,
          "highlight": true,
          "children": [
            {
              "id": "5a8907da5993e91d8812eccc04583f0f",
              "author": "出師未捷身先死",
              "time": "2025年04月16日 01:36",
              "content": "<p>倪海廈倪師一生懸壺濟世，救人于危難之間，觸動了太多人的利益。美國有很多像倪海廈師這樣遇到邪惡勢力絕不低頭的人物，比如去年11月15日被川普總統提名為美國衛生部長的小羅伯特肯尼迪。他是西藥厰口中的反疫苗陰謀論者，他的提名消息報出來后，Moderna, Pfizer, Lilly, Novavax幾家西藥厰的股價應聲下跌。到了1月29日的參議院聽證會西藥厰的一衆走狗左瘋民主黨參議員狗仗人勢仗勢欺人，强烈反對他的衛生部長提名。這位小肯尼迪的父親和叔叔都死於暗殺，他因爲反對西藥厰也收到死亡威脅。肯尼迪家族的故事揭示了美國政治黑暗的一面，雖然一些人因爲收到死亡威脅就保持沉默，但是還是有人絕不向黑惡勢力低頭。敢於仗義執言的倪師受到中國大陸反中醫人士的抹黑和攻擊令人感到憤怒，他不應該被汙名化。</p>",
              "level": 2,
              "highlight": false,
              "children": []
            }
          ]
        }
      ]
    },
    {
      "id": "0ba828148f821600f1960ae01ce72315",
      "author": "出师未捷身先死",
      "time": "2025年04月14日 16:56",
      "content": "<p>主持人問的問題都非常沒有水平沒有深度沒有高度沒有常識Common Sense，完全被西藥厰所把持媒體的宣傳所洗腦。很可惜主持人沒有看過倪海廈的漢唐中醫學術網站，倪師在他所撰寫的文章當中苦口婆心地勸説世人認清西藥厰西醫的真面目，但是一些人還是一意孤行執迷不悟</p>",
      "level": 0,
      "highlight": false,
      "children": [
        {
          "id": "c16d4fc0c12093747945a4b729fd6b91",
          "author": "李宗恩",
          "time": "2025年04月15日 21:48",
          "content": "<p>你的發言有些偏激，主持人並沒有提到什麼西醫的事情。</p>",
          "level": 1,
          "highlight": true,
          "children": [
            {
              "id": "e4e694afb7e4aa969d8088a9e5be2a55",
              "author": "出師未捷身先死",
              "time": "2025年04月16日 02:10",
              "content": "<p>在2010年中央廣播電臺中國之聲囯學堂梁冬對話倪海廈節目當中，主持人梁冬尊稱倪海廈為名滿天下的老師。這位女主持人沒有做好功課，不明真相，聽信了反中醫人士的謊言，希望她下次能改正他對倪老師的稱謂</p>",
              "level": 2,
              "highlight": false,
              "children": []
            }
          ]
        }
      ]
    },
    {
      "id": "a07314d2e6ec811b0ac73928aa30f98a",
      "author": "出师未捷身先死",
      "time": "2025年04月14日 17:06",
      "content": "<p>倪海廈曾經的漢唐中醫位於美國佛羅里達州梅里特島，倪師把梅里特島稱爲桃花島，他就是桃花島的島主東邪黃藥師，他的對手就是强大的西毒西藥厰。很可惜天妒英才，漢唐中醫的主人已經英年早逝，漢唐中醫診所改名為Animal Wellness World, 專門為貓貓狗狗看病。</p>",
      "level": 0,
      "highlight": false,
      "children": []
    },
    {
      "id": "948424060906cd9532f20f1c6c475a15",
      "author": "出师未捷身先死",
      "time": "2025年04月14日 17:56",
      "content": "<p>主持人說她看過美國國家地理頻道在2018年出品的 Free Solo，這一句話就可以看出她被左瘋媒體蠱惑之深。Free Solo是一部所謂奧斯卡獲獎影片，獲得了左瘋媒體紐約時報以及The New Yorker的一致好評。這就是西藥厰所控制宣傳機器希望普通民衆所能看到的洗腦紀錄片，真正西藥厰犯下的罪行他不希望你看到。建議主持人看一看紀錄片疫苗三部曲Vaxxed: From Coverup To Catastrophe(2016), Vaxxed: The People’s Ttruth(2019) 以及Vaxxed: Authorized To Kill(2024). 疫苗三部曲中出現的有頭有臉的良心媒體人醫生學者幾乎都被西藥厰控制的左瘋媒體污衊封殺</p>",
      "level": 0,
      "highlight": false,
      "children": [
        {
          "id": "f8aa3c306ca0499c30f949a46fe4a062",
          "author": "李宗恩",
          "time": "2025年04月15日 21:50",
          "content": "<p>Free Solo影片是講述徒手攀岩的故事，無關政治立場，更和西藥廠沒有關聯。</p>",
          "level": 1,
          "highlight": true,
          "children": []
        }
      ]
    },
    {
      "id": "0fc0fb08227c5eab873e28fd29071906",
      "author": "出师未捷身先死",
      "time": "2025年04月14日 18:05",
      "content": "<p>Patience is a virtue. 李博士是一位非常有耐心有愛心有智慧的學者，善於傾聽主持人的苦惱。但是她所提出的非常幼稚非常天真非常沒有常識Common Sense的問題非常令人失望，假如節目當中的被采訪對象是倪海廈倪師，她一定會被罵得狗血淋頭。</p>",
      "level": 0,
      "highlight": false,
      "children": []
    },
    {
      "id": "3c07fe356e651f97f1891f699ce2717f",
      "author": "出师未捷身先死",
      "time": "2025年04月14日 18:28",
      "content": "<p>李博士的記憶力真是超乎常人非同凡響，【古文觀止】這本書對於中國大陸人來説簡直就是天書，一般人讀的話都讀不通，更談不上整本背誦。</p>",
      "level": 0,
      "highlight": false,
      "children": []
    },
    {
      "id": "9ce25ec9d84d1bddd73778b20a4099db",
      "author": "出师未捷身先死",
      "time": "2025年04月14日 19:56",
      "content": "<p>主持人很替阿育吠陀आयुर्वेद – Ayurveda的失傳扼腕嘆息，但是如果你打開由左瘋編輯的阿育吠陀的維基百科網站，上面寫的是阿育吠陀是一門僞科學pseudoscience. 中醫經方在中國大陸也被污衊成一門僞科學，因爲中醫經方能夠真正治好病人。而招搖撞騙治標不治本的西醫無法解除人世間的疾苦。當手術完成后病人奄奄一息不久撒手人寰之後，西醫卻恬不知恥大言不慚地宣佈手術很成功，病人在手術之後仍舊存活了一段時間，用存活率在作爲西醫的遮羞布</p>",
      "level": 0,
      "highlight": false,
      "children": [
        {
          "id": "a41d2fc16d78363047ab802115e4bf85",
          "author": "天城",
          "time": "2025年04月14日 22:16",
          "content": "<p>“中醫經方在中國大陸也被污衊成一門僞科學”、“【古文觀止】這本書對於中國大陸人來説簡直就是天書”是哪里的事？没有自己了解就不要乱发言！我看你才是被洗脑</p>",
          "level": 1,
          "highlight": false,
          "children": []
        }
      ]
    },
    {
      "id": "7f484b4cf6e8de45684fce5ff92e41fa",
      "author": "出师未捷身先死",
      "time": "2025年04月14日 20:26",
      "content": "<p>現在美國民主黨有一批左瘋人士在批判他們認爲的陰謀論者或者說反疫苗人士，代表人物就是美國衛生部長Robert F Kennedy Jr。左瘋相信其推出的一刀切One Size Fits All强制接種疫苗政策能夠拯救生命，但結果卻是謀財害命導致普通人家破人亡。中國大陸現在也有這樣數典忘祖崇洋媚外的這麽一批反中醫經方人士，對於疫苗的安全性和效果深信不疑。有反中醫經方人士存在，經方的傳承就會收到嚴重阻礙甚至失敗，因爲中醫經方的廣汎流傳觸動了西藥厰的蛋糕和利益，他們不會坐視不理任由中醫經方生根發芽。</p>",
      "level": 0,
      "highlight": false,
      "children": [
        {
          "id": "af808e6175c9f00dde4dd248e5bcf1a3",
          "author": "一壶酒",
          "time": "2025年04月17日 12:33",
          "content": "<p>阁下这是要弃医从文或者是弃医从政了。</p>\n<p>不知道还有没有Podcast 04、Podcast 05……了？</p>",
          "level": 1,
          "highlight": false,
          "children": []
        }
      ]
    },
    {
      "id": "483a2bf9e831da593beaf2b45ec00d4f",
      "author": "吴茱萸",
      "time": "2025年04月14日 20:50",
      "content": "<p>世上无难事只怕有心人，我30多岁背道德经，也能背出来。</p>",
      "level": 0,
      "highlight": false,
      "children": []
    },
    {
      "id": "e69fff24aff8d65c3d4e81ab1f834133",
      "author": "吴茱萸",
      "time": "2025年04月14日 20:56",
      "content": "<p>倪师在天纪里讲过，李淳风比袁天罡高一点点，袁天罡一百年都补不回来。中医与西医一样。目前中医能治病，西医为赚钱。</p>",
      "level": 0,
      "highlight": false,
      "children": []
    },
    {
      "id": "531ca723102f9cdafb82a5aa71715b2a",
      "author": "吴吉顺",
      "time": "2025年04月14日 22:26",
      "content": "<p>客观 中正 逻辑强 讲说依然流利自如，</p>",
      "level": 0,
      "highlight": false,
      "children": []
    },
    {
      "id": "3e95616d987b054f84790cf3225b6d16",
      "author": "llau",
      "time": "2025年04月15日 12:23",
      "content": "<p>李医生好：<br/>\n  本节播客结尾处，李医生有提到自己想做problem solver，让我想到李医生写的文章中有讲到自己小时候喜欢拆卸工具、零件，然后再组装好。我也认为这是一件很有意思的事，不仅可以提升动手能力，实用技巧，还可以获得成就感，以及遇到问题逐步分析思考的方式方法。<br/>\n  最近在看《孙子兵法》，作者有讲到欧美、日本的武器、装备等，引申到国内许多人重“抽象道理、哲学理念、形而上”而缺少“实际、落地、形而下”，抽象思维、哲学要学，实际落地也要做，从“高层次的思维”到“所谓的低层次“的实际落地不是一蹴而就的，中间要层层递进，少不得波澜，也少不了调整修改，比较古为今用，背景、大环境变了，不能生搬硬套，就像《庄子》讲的“得其环中，以应无穷”。 就像中医要把握《黄帝内经》等中医理论，加上系统的思考修正，落到临床实际上。<br/>\n  祝福李医生“自天佑之，吉无不利”！</p>",
      "level": 0,
      "highlight": false,
      "children": [
        {
          "id": "7dfde2cb58a6c6f3c31f6e838a5783b7",
          "author": "李宗恩",
          "time": "2025年04月15日 21:55",
          "content": "<p>謝謝你的祝福。是的，學問不能停留在幾萬尺的高空，必須得落地實踐，解決真實的問題。</p>",
          "level": 1,
          "highlight": true,
          "children": []
        }
      ]
    },
    {
      "id": "74b0403b45d00da12da87ca2863cdea3",
      "author": "出師未捷身先死",
      "time": "2025年04月15日 01:39",
      "content": "<p>主持人說中國大陸的學生也學唐詩當中的平仄押韻，這句話很有爭議有待證實。中國大陸的老師只會讓學生死記硬背，根本不會講究所謂的平仄押韻。真正的傳統文化已經在中國大陸逐漸失傳，人們怎麼可能在意所謂繁瑣的平仄押韻。</p>",
      "level": 0,
      "highlight": false,
      "children": [
        {
          "id": "68cdbfaf23aef93e9e87a8a3191d731a",
          "author": "多米",
          "time": "2025年04月17日 20:23",
          "content": "<p>你太偏激了。我觉得主持人挺好的！并没有你所说的幼稚等问题。现在90后、00后都有一些他们独有的表达方式，你可以感觉不习惯，但是不要轻易批判。</p>",
          "level": 1,
          "highlight": false,
          "children": []
        }
      ]
    },
    {
      "id": "7938aaff6bb3712f99b57563f5037acd",
      "author": "出師未捷身先死",
      "time": "2025年04月15日 17:02",
      "content": "<p>經方在中國大陸的沒落和失傳與繁體字的廢除有很大的關係。繁體字屬於中華文明優秀傳統文化，承載著一個民族興衰的歷史和老祖宗的智慧。自從鴉片戰爭以來，一群數典忘祖崇洋媚外的國人認爲繁體字書寫繁瑣難於記憶，將繁體字簡化成簡體字。簡體字就如同一個沒有靈魂的行尸走肉，如同無目夜游一般。經常遭人詬病的就是愛心的愛字，把心去掉確實是一個敗筆。黃帝内經中說心為君主之官，心主神明，把中間的心去掉，這個字瞬間就喪失了神韻和本義。</p>",
      "level": 0,
      "highlight": false,
      "children": []
    },
    {
      "id": "9569d722686bcc89711d0214de5105e0",
      "author": "出師未捷身先死",
      "time": "2025年04月15日 17:27",
      "content": "<p>李博士說台灣學生曾經能夠吟詩作賦，這一現象已經在中國大陸幾乎絕跡。目前來看只有開國領袖毛澤東能夠做到這一點，他的詩詞歌賦一直入選大陸的語文教材，如他寫的沁園春．雪，七律．人民解放軍占領南京，他的詩詞特點是一氣呵成氣勢如虹勢不可擋。可惜的是自從他去世以後，中國大陸再無這樣深諳中國傳統文化精通唐詩宋詞之人。人們開始追捧外文詩詞，但是和言簡意賅對仗工整朗朗上口博大精深的唐詩宋詞相比，這些外文詩詞經過翻譯之後簡直不值一提。</p>",
      "level": 0,
      "highlight": false,
      "children": [
        {
          "id": "3ced84014c6b6d3f1d595076fd21b91b",
          "author": "多米",
          "time": "2025年04月17日 20:30",
          "content": "<p>中国大陆也有不少有才华的大学生会吟诗作赋，只是你没有遇到而已，你没有遇到就不能说绝迹。我就了解到我的家乡有一个还在读中学的小孩，他非常热爱读古书，已用文言文写了很多文章，也喜欢写书法等。只不过因为目前的教育体系不可能出现大量这样的人才，这样的人才是比较少的。我没有感觉有很多人追捧外文诗词，而且我觉得外文诗词也有它独特的魅力，不可以走极端，一棒子打死。</p>",
          "level": 1,
          "highlight": false,
          "children": [
            {
              "id": "fe4f428bfc65e2d0a87816d9d5710d0d",
              "author": "天城",
              "time": "2025年04月17日 22:48",
              "content": "<p>这人反陆反魔怔了，不会听别人好好解释的</p>",
              "level": 2,
              "highlight": false,
              "children": []
            }
          ]
        }
      ]
    },
    {
      "id": "c56b9610ce2d224794f524473b8d744a",
      "author": "中医爱好者",
      "time": "2025年04月16日 01:37",
      "content": "<p>李博士，<br/>\n您好！倪老师对低温的病症阐述比较少。麻烦请问您一下，发烧之后，温度低（白天35.5度~36.5度，晚上35度~35.6度），晚上有盗汗。一个症状可能无法判断根本原因，只是对低温的而言，有什么可以考虑的方向吗？</p>",
      "level": 0,
      "highlight": false,
      "children": [
        {
          "id": "6a949639ef25dbfdb74b58280446a17a",
          "author": "李宗恩",
          "time": "2025年04月16日 06:18",
          "content": "<p>一般情況下，血虛無法好好藏陽時，陽反逆而出，出現虛熱，然而，當陽流失過多，連虛熱都無法產生時，身體會出現低溫現象，譬如大出血是比較嚴重的例子。</p>",
          "level": 1,
          "highlight": true,
          "children": []
        }
      ]
    },
    {
      "id": "fc018531a58da3827f5662ee13349fe4",
      "author": "吴茱萸",
      "time": "2025年04月16日 02:18",
      "content": "<p>倪师在讲天纪时就很喜欢骂人，有个姓孙的骂得最多最厉害。这就是很玄的地方！骂了人啥事也没有。论取名字时，有个叫朱经文，在台湾干中将，朱经武，得诺贝尔奖。倪师都说名字取错。倪师的要求真高。跟诊的学生们估计会是像黄帝骂雷公那样了。</p>",
      "level": 0,
      "highlight": false,
      "children": [
        {
          "id": "ab7989d5d50cd53c36aa9498c9f7cbb8",
          "author": "李宗恩",
          "time": "2025年04月16日 06:23",
          "content": "<p>朱經武教授並沒有得到諾貝爾奬。我大學時代榮獲四年的「朱經武教授超導材料獎學金」，並在朱教授推薦及安排下，大三升大四的暑假，到哈佛大學研習了一個暑假，和朱教授有些特殊的緣分。</p>",
          "level": 1,
          "highlight": true,
          "children": []
        }
      ]
    },
    {
      "id": "e1f749b6c1667cbb4ec558469d0355e8",
      "author": "送你座帆船",
      "time": "2025年04月16日 05:37",
      "content": "<p>听到手脚冰冷这个例子真的笑起来了，老师的意思其实因为心功能、脾胃功能好，手脚会温热，也许是因为下意识的做法仅仅用手脚温热四个字概括了一系列的前提条件；而现在抹黑倪老师的就是这种自己没有学习好，听到一句话没有去能力去思考为什么会这么讲，那无异于害人害己。<br/>\n还记得之前文章说的等到青澀的葡萄釀成香濃的葡萄酒再端到桌面上來，大概也是这个道理吧。</p>",
      "level": 0,
      "highlight": false,
      "children": []
    },
    {
      "id": "955dbd6b38668b6795afb70e611ec4c6",
      "author": "III",
      "time": "2025年04月16日 10:04",
      "content": "<p>李医师你好，我通过看倪海厦老师的视频，发现自己常年齿痕舌，肚子大应该是下焦湿盛引起的。是否可以推荐一个简单的方让一般人日常也可以吃一吃来治疗湿气重齿痕舌？倪老师说泽泻白术白芍各三钱茯苓六钱，如果还有失眠症状可以如何在这基础上加减？</p>",
      "level": 0,
      "highlight": false,
      "children": [
        {
          "id": "26caf8780632645a7be31530d5a5681c",
          "author": "李宗恩",
          "time": "2025年04月16日 11:21",
          "content": "<p>我不在網針對個案一一討論。</p>",
          "level": 1,
          "highlight": true,
          "children": []
        }
      ]
    },
    {
      "id": "2e9f501ea9d4f7f0cfe242ea9d7cff3a",
      "author": "吴茱萸",
      "time": "2025年04月16日 14:54",
      "content": "<p>简化字简直是毁灭了传统文化，比如爱无心，有了今天的订婚强奸。内臓都脏了，所以现在人心污蔑，百病丛生。现在简化的更厉害了，把路牌的英文取消了，全部换成了拼音。</p>",
      "level": 0,
      "highlight": false,
      "children": [
        {
          "id": "1fbc8e812f7904320644e4bbbe3eb9ab",
          "author": "潇航",
          "time": "2025年04月21日 05:25",
          "content": "<p>我其实不想骂人但你这话非常招人骂，中国台湾曾经也想把简体字搞成，但是因为种种原因没搞成，之所以搞简体字一个很大原因如果要开民智就必须降低教育难度，先普及教育再提升教育。尤其是中国积弱积贫几百年，建国时所面临的国家生存压力是巨大，无论是地缘政治压力，国家防御压力，经济压力，舆论压力等等都是巨大的。为了快速提高国家实力降低生存压力必然要快速提高国民必然要进行扫盲运动，既然要扫盲，降低教育难度那么简化文字是必然结果，当然简化文字有利有弊，从当时的角度必然是利大于弊。当然经过几十年的发展，我们确实可以考虑是否重新恢复繁体字。可是你不应该动不动就把社会政治问题造成的结果直接丢给什么简体字毁了传统文化上，传统文化的毁灭也不是简体字带来的，这是一个多方面原因造成的问题并不是那么简单的一件事。还有一点搞学问的人应该抛弃政治意识形态看问题，要用唯物主义视角，科学视角观念看待问题，摈弃偏见与傲慢。还有这里是李博士网页是讨论学问的地方，不是聊政治的地方。把重心多放在如何正确的学习知识上。李博士多次强调这里不谈政治，而你这种言论完全是在挑起政治问题和误导他人。在批评人和事时你应该多做些功课。碍于文字输入限制，无法与你长篇大论。也出于尊重李博士。我不想过多在这里谈论政治问题。</p>",
          "level": 1,
          "highlight": false,
          "children": []
        }
      ]
    },
    {
      "id": "0698a77eab207603249233d6531d8d28",
      "author": "于典",
      "time": "2025年04月17日 07:04",
      "content": "<p>您好，李博士，冒昧问一下倪师提到的增高丸哪里可以买上，或是方便告知是哪几味药么？我的孩子今年7岁，个子很小，听了倪师介绍的增高丸，想给孩子试试</p>",
      "level": 0,
      "highlight": false,
      "children": [
        {
          "id": "0db985a5b4c6487d7a0a43570f41c51c",
          "author": "李宗恩",
          "time": "2025年04月17日 15:12",
          "content": "<p>你應該找醫生給孩子看診，而不是隨便給他服用中藥。</p>",
          "level": 1,
          "highlight": true,
          "children": []
        }
      ]
    },
    {
      "id": "0526693dd112ca69c4505008639ebaa5",
      "author": "邹景星",
      "time": "2025年04月17日 10:21",
      "content": "<p>李医师您好，听完这期对话后，开始真的很羡慕您的聪明才智跟经历，但转念一想您肩上的责任也是常人难以承担的，听到您说到年轻时的学霸身份时有一种轻描淡写的感觉，而过程里所付出的努力与汗水正是我应该学习的地方。待轻舟已过万重山之时，希望也能像您一样云淡风轻地叙述自己的经历。愿您能完成自己大任，生活愉快。</p>",
      "level": 0,
      "highlight": false,
      "children": [
        {
          "id": "fd295e582a525fe17b980daabb97f234",
          "author": "李宗恩",
          "time": "2025年04月17日 15:16",
          "content": "<p>謝謝你的祝福！確實，人生許多事情，就像浮在海上的冰山，大家往往只看到水上的冰山，沒有想到水下的份量，是上面露出來的九倍之多。</p>",
          "level": 1,
          "highlight": true,
          "children": []
        }
      ]
    },
    {
      "id": "091e9f50d89325099693dba7a1671ec0",
      "author": "问题",
      "time": "2025年04月17日 13:44",
      "content": "<p>李医生，您好！<br/>\n我一直对解决公司问题非常感兴趣，平时也会看一些商业案例，但这方面的知识对我来说仍显零散。一方面可能是因为社会阅历尚浅，常常有纸上谈兵、眼高手低的感觉；另一方面，也可能是缺乏一个系统的学习框架。虽然业余时间读过不少商业类书籍，但不少内容偏理论，实际应用上总觉得不够落地。<br/>\n想请教您，是否能推荐一些学习的方向与建议，以及您认为具有实战价值的书籍？非常感谢！</p>",
      "level": 0,
      "highlight": false,
      "children": [
        {
          "id": "6efa912bbf7767a3feec62ab750ccbd4",
          "author": "李宗恩",
          "time": "2025年04月17日 15:30",
          "content": "<p>公司運營，包含的層面很廣，而任何環節都可能發生問題。因此，解決公司問題，重整公司運營，不是單單幾本書可以涵蓋的。最直接的入門，是企業管理碩士 (MBA)，雖然MBA的學程不足以真的運營一個有規模的公司，但可以讓你有基本的認識。</p>",
          "level": 1,
          "highlight": true,
          "children": [
            {
              "id": "6960a9f84f52f80cdf2577ccb53f7ae9",
              "author": "问题",
              "time": "2025年04月17日 21:01",
              "content": "<p>好的，我了解了，谢谢李医生！</p>",
              "level": 2,
              "highlight": false,
              "children": []
            }
          ]
        }
      ]
    },
    {
      "id": "e2cbcaf48032472f434414ca201e0e09",
      "author": "微",
      "time": "2025年04月18日 07:57",
      "content": "<p>李医生你好，上次询问过您转眼球和眼睛重大疾病之间的关系，很抱歉今天又来问您这个相关的问题，因为我对自己的视力非常在意，现在400多度的近视，还有200多度的散光，现在又在上高中很担心会进一步加深。<br/>\n“我想询问一些关于转眼球的具体事项，是否应该用力的转眼球，是应该缓慢有节奏或有停顿的转动眼球（比如每到一个方向停顿一两秒再继续转动），还是应该快速的转眼球？〞<br/>\n我也查了一些资料和医生的建议，我目前认为不应该太过用力，因为平常在转动眼球的时候也没有太过用力，如果太过用力可能会造成类似于肌肉拉伤？对眼睛结构造成损伤；应该缓慢有节奏停顿的转动眼球，因为我平常使用眼睛的时候，也是会在某方向上停留一会儿才继续转动眼睛，我怕如果快速的转动眼球也会导致某些疾病的发生。<br/>\n最后感谢李医生，您按摩眼眶的方法很管用，之前干眼症眼睛刺痛时可以快速止痛，谢谢</p>",
      "level": 0,
      "highlight": false,
      "children": [
        {
          "id": "93e2cb4bbef620ff9279bd9f5c47d023",
          "author": "微",
          "time": "2025年04月19日 02:13",
          "content": "<p>但是这毕竟是我的猜想，您遇到的病例那么多，肯定是要比我考虑的更加全面，客观。</p>",
          "level": 1,
          "highlight": false,
          "children": []
        },
        {
          "id": "a3742cdf1c08850c9052edea9bd0aacd",
          "author": "李宗恩",
          "time": "2025年04月21日 14:03",
          "content": "<p>Common sense!!當然不會要你用力拼命地轉眼球！</p>",
          "level": 1,
          "highlight": true,
          "children": [
            {
              "id": "05bc0a3a86072c627ab2fffffa5633e8",
              "author": "多种甘蔗",
              "time": "2025年04月21日 21:00",
              "content": "<p>倪师如此强调常识，我想是因为常识中实在太多的道理，道常在人的眼前，可大家执着的再描上一层自己的色彩。病，解药，常识同有一个出处</p>",
              "level": 2,
              "highlight": false,
              "children": []
            },
            {
              "id": "0219b334ec8949e6f6f4ec62baefaf0a",
              "author": "微",
              "time": "2025年04月28日 08:36",
              "content": "<p>了解，谢谢李医生</p>",
              "level": 2,
              "highlight": false,
              "children": []
            }
          ]
        }
      ]
    },
    {
      "id": "b7d9f4fcea36c15043bd67c61123cf34",
      "author": "吴茱萸",
      "time": "2025年04月18日 19:29",
      "content": "<p>我猜倪师的意思是，如果他叫经文的话，应该可以拿诺贝尔奖。这纯属个人玩笑，没有对朱教授不敬。望勿怪。</p>",
      "level": 0,
      "highlight": false,
      "children": []
    },
    {
      "id": "f190dd23d2080c90c574e76cfeae1a4a",
      "author": "zzzz",
      "time": "2025年04月19日 09:56",
      "content": "<p>李医生，请问你对蝾螈粉这味中药有了解吗？</p>",
      "level": 0,
      "highlight": false,
      "children": []
    },
    {
      "id": "21e8e7bafca77b7bdc5181b80ff5efc5",
      "author": "无名",
      "time": "2025年04月20日 12:00",
      "content": "<p>感谢诸位很厉害的大佬给我们带来了非常重要又非常好的讲座，解除了很多幻想。<br/>\n1.倪老师也是人，也犯过很多回不了头的错，也有低估了时间对人心的侵蚀，哪怕是这般精通人性和帷幕中事的人，也会有地方推测不准，连这么厉害的人都做不到事事皆平，我们又有什么好责怪自己呢？（当然，该反省的还是要反省）<br/>\n2.我该如何对待那些自称倪师野生弟子的人（学得好不害人无所谓，学不好误导人害人害己就该骂）<br/>\n3.可能我们自学的很多人甚至大多数人，哪怕学的很好终其一生都没办法从事这方面工作了，但我们可以好好运用这个知识过的更好，见识到真的有很厉害活在传说中如张仲景医师那般传说的人了，把合理的养生观念传给下一代<br/>\n4.科权禄所带来对人心的影响居然这么大？！<br/>\n5.手脚温热这个例子说明所有东西都不是死的，也就是说所有知识都是为了抵达那个神，那我怎么及时反应过来我错了呢？好多好多人都拿这一两个症来说这个那个的，会不会无形之中和我一样，以为我懂了？着相了如何才能在出事之前醒悟？<br/>\n6.人情世故是多看多听少说少做就会了吗？<br/>\n7.纪念书每次我看到李宗恩医生赶着见倪老师最后一次见面的那一段看一次哭一次，为什么明明这么有缘，可载入史册的一段感情，最后偏偏错过了那一次会面，真的天不遂人意吗？<br/>\n8.接手经营和卖 虽然都是熟人，但有没有长得好看说话好听的大佬解释一下有啥区别吗？<br/>\n9.手机开繁体字会不会更好呢？</p>\n<p>以上是我一个小小学习人给自己的思考，以下是我一些一直没头绪的问题，感谢李医生看到此了哈。<br/>\n1.缘到底是什么？为什么李医生可以遇到这么多如倪老师一样的大才相处得有缘有份，而我只能和所有人停留在表面一层无法深入一分？是互动吗？为什么这么多人跟在倪老师身边，到头来还是李医生最合拍？所以这就是缘？<br/>\n2.大山大水没见过，如何才能在这么多真假中看清人性的险恶和人性的好坏呢？<br/>\n3.没机会临床也没机会接触太多药我们怎么不被误导呢？<br/>\n4.为什么倪老师明明一开始猜到后面这些人会利用他，还允许这些人靠近他呢？也就是说强如倪老师也会因为各种各样的原因不得不让一些小人靠近，但哪怕是这样，他还是包容了这些小人，如果是我，面对对方好脸色都不会有一个，那为什么倪老师和天纪的时候表现得不一样呢？<br/>\n5.problem这一块，哈哈哈，果然每个男人都喜欢帅帅的。</p>\n<p>好吧，我承认听完了以后心情蛮自闭蛮迷茫蛮复杂的了。<br/>\n春蚕到死丝方尽，蜡炬成灰泪始干<br/>\n我只恨自己不明白倪老师和李老师的思路，也没用上，也没机会用上，瞪着这些书读不透这作者的良苦用心，暴殄天物，希望有才之士能给我点头绪，万分感谢！</p>",
      "level": 0,
      "highlight": false,
      "children": [
        {
          "id": "4ed5e0b532f88155f76cd0f3f15027cd",
          "author": "飞飞飞",
          "time": "2025年04月21日 05:01",
          "content": "<p>符合天纪啊，在乾卦，九二爻，见龙在田，利见大人。。教材里的解释就是遇邪道，但求存诚，德施普及，不伐其恶，以诚纯一。虽不为君，但此为君之德。</p>",
          "level": 1,
          "highlight": false,
          "children": []
        },
        {
          "id": "b1c4faf7906755abd6f451ca928d3922",
          "author": "李宗恩",
          "time": "2025年04月21日 14:28",
          "content": "<p>謝謝你的分享。</p>",
          "level": 1,
          "highlight": true,
          "children": [
            {
              "id": "1946c244e3a7eb08df11009f90b9e876",
              "author": "正好赶上",
              "time": "2025年04月28日 07:17",
              "content": "<p>李博士，请问下肾衰竭就是肾萎缩了，中医来说治疗萎缩的部分，治好康复能正常恢复吗，还是说这种只能保留残留功能带病生存</p>",
              "level": 2,
              "highlight": false,
              "children": [
                {
                  "id": "686a583fb0640049657db15299f90eb5",
                  "author": "李宗恩",
                  "time": "2025年04月28日 08:12",
                  "content": "<p>腎衰竭不一定是腎萎縮引起，每一個病人情況也不一樣。</p>",
                  "level": 3,
                  "highlight": true,
                  "children": []
                }
              ]
            }
          ]
        }
      ]
    },
    {
      "id": "bcf2ce66be04e6bdb99f749de90ffa5c",
      "author": "出師未捷身先死",
      "time": "2025年04月20日 05:40",
      "content": "<p>倪海廈倪師作爲蜚聲海外經方派漢唐中醫掌門人，把自己比作金庸筆下【射雕英雄傳】當中行俠仗義的黃藥師。黃藥師武功蓋世，打遍天下無敵手。倪師在醫學醫道方面的造詣也是天下無雙，連美國最頂級的西醫也自嘆不如。令人唏噓不已的是他沒有一位像黃蓉一樣溫柔體貼聰明伶俐的女兒，他一手創辦苦心經營的漢唐中醫由於他弟弟倪伯時學藝不精技不如人沒有發揚光大。中國大陸溫病派中醫在西醫爲主中醫爲輔中西醫結合模式下被西醫全面圍剿節節敗退，完全與西醫同流合污狼狽爲奸。</p>",
      "level": 0,
      "highlight": false,
      "children": [
        {
          "id": "30e973e89a64973aa444479249ee09e1",
          "author": "一壶酒",
          "time": "2025年04月21日 02:25",
          "content": "<p>这两月，北京灵兰小苗中医传承基金与中国中医药报合作宣传推广灵兰小苗慈善项目“播种小苗、培育小苗”——背诵《黄帝内经》且师承十年成为中医大师挑战者。</p>\n<p>上李博士网站看到留言、感兴趣者可自行查阅。通过考核有类似奖学金。</p>\n<p>参与慈善项目常见问题解答<br/>\n<a href=\"https://mp.weixin.qq.com/s/PzHW1OyJdowDjfY1_60Kyg\" rel=\"nofollow ugc\">https://mp.weixin.qq.com/s/PzHW1OyJdowDjfY1_60Kyg</a></p>\n<p>致背诵《黄帝内经》且师承十年成为中医大师挑战者的一封信<br/>\n<a href=\"https://mp.weixin.qq.com/s/_OzmqGMTOR6zMB6D2auz9A\" rel=\"nofollow ugc\">https://mp.weixin.qq.com/s/_OzmqGMTOR6zMB6D2auz9A</a></p>\n<p>背诵《黄帝内经》项目年龄限制放宽至60岁！灵兰小苗公益项目格局打开：谁说学中医只能拼年轻？<br/>\n<a href=\"https://mp.weixin.qq.com/s/bDoA19g2ww3EBDm8L8eK4Q\" rel=\"nofollow ugc\">https://mp.weixin.qq.com/s/bDoA19g2ww3EBDm8L8eK4Q</a></p>",
          "level": 1,
          "highlight": false,
          "children": [
            {
              "id": "d0d8a5776e96ebaf7668c9e480b175db",
              "author": "吴茱萸",
              "time": "2025年04月21日 07:20",
              "content": "<p>这就是在形上面下功夫，永远学不了神。论记忆，人永远也比不上ai，但是人会看病，ai看不了病。因为ai没有神。</p>",
              "level": 2,
              "highlight": false,
              "children": []
            }
          ]
        },
        {
          "id": "25f89710c86ff2fb0e3e1ac4a3427a93",
          "author": "李宗恩",
          "time": "2025年04月21日 14:30",
          "content": "<p>倪老師退休回台灣時，美國漢唐中醫診所是賣給了診所總管李大叔，並不是他弟弟接收經營的。</p>",
          "level": 1,
          "highlight": true,
          "children": []
        }
      ]
    },
    {
      "id": "a910d1bd373f443e8331a8eaa33a262d",
      "author": "出師未捷身先死",
      "time": "2025年04月20日 06:32",
      "content": "<p>令人感到奇怪的是，當時所有的跟診弟子都被倪師要求寫一篇跟診日志，這裏面的跟診日志當中，唯獨缺少李博士的名字。由此可見倪師和李博士之間的師徒關係非同一般，甚至可以用情同父子來形容。</p>",
      "level": 0,
      "highlight": false,
      "children": [
        {
          "id": "f44b636830dcbd0f863d7413da96e442",
          "author": "李宗恩",
          "time": "2025年04月21日 14:36",
          "content": "<p>不只我不需要寫跟診心得，其他幾位和老師很熟的學生，也不需要寫跟診心得，或者幫忙紀錄病例。譬如，和我一起主辦倪老師到舊金山灣區演講的史丹佛大學孟懷瑩教授，當然，那位國際明星也不需要做這些事情。</p>",
          "level": 1,
          "highlight": true,
          "children": [
            {
              "id": "6c7e57a801c4ff1f307723b9ae930454",
              "author": "Ashley",
              "time": "2025年04月22日 01:17",
              "content": "<p>國際明星是指金城武嗎？</p>",
              "level": 2,
              "highlight": false,
              "children": []
            }
          ]
        }
      ]
    },
    {
      "id": "aa990f3a5688e9af0ad40daacda507e3",
      "author": "孙沐川",
      "time": "2025年04月20日 12:02",
      "content": "<p>请问李医师，但论舌诊的话，舌尖凹陷、舌根白且带许多红紫色斑点分别代表哪些信息？</p>",
      "level": 0,
      "highlight": false,
      "children": [
        {
          "id": "edf7542ecffd6d25129b83da2dd8192d",
          "author": "李宗恩",
          "time": "2025年04月21日 15:21",
          "content": "<p>你可以上網查詢舌診的基礎資料，在真的臨床上，得考慮望聞問切所有蒐集到的資料。</p>",
          "level": 1,
          "highlight": true,
          "children": [
            {
              "id": "a2f33ca80db8ed18004568a88c9f894d",
              "author": "孙沐川",
              "time": "2025年04月21日 19:59",
              "content": "<p>我看网上说舌尖凹陷是心肺气虚，舌根白且瘀点是下焦寒湿化瘀，和其他诊断结果对应上了：睡眠不好，信心不足，山根有虚纹，爱拉肚子，性功能减退，血海三阴交压痛，只是我看您的中医概论 Slides 中没有完全针对这两点说是什么问题，所以信心不是很足。</p>",
              "level": 2,
              "highlight": false,
              "children": []
            }
          ]
        }
      ]
    },
    {
      "id": "8325a0e176521a3f572a68f5b0999563",
      "author": "czc",
      "time": "2025年04月20日 22:01",
      "content": "<p>如果没去学中医，很有可能会是诺贝尔奖。但是李博士任然选择中医。我想，比起名誉或者科技进步，李博士认为治病更加有意义吧~！</p>",
      "level": 0,
      "highlight": false,
      "children": [
        {
          "id": "0230b9ca8e1da5eb0579bb4f9902d360",
          "author": "一壶酒",
          "time": "2025年04月21日 01:31",
          "content": "<p>说到这儿，还要非常非常非常感激一位重要人物，那就是李博士的太太。</p>\n<p>李博士的太太在李博士面对丁字路口时，给出了决定性的建议——大体意思是科技界不差李博士，顶多自己和家庭变得很有钱；但是急缺能够和国际对话、国际接轨的中医界人士！</p>",
          "level": 1,
          "highlight": false,
          "children": []
        },
        {
          "id": "2f551b92e25efeeadbd69fd9a5f6a7ea",
          "author": "李宗恩",
          "time": "2025年04月21日 15:24",
          "content": "<p>人生的機緣，有時候是無法事先知道的。</p>",
          "level": 1,
          "highlight": true,
          "children": []
        }
      ]
    },
    {
      "id": "f377e422f908d0ffcef639d8266899c7",
      "author": "左",
      "time": "2025年04月21日 04:20",
      "content": "<p>李医生，我在学理中丸加减时有问题。倪师没有细说，就是白术。有一条是渴欲得水者，加术。还有一条腹满者去术加炮附。李医生有空解一下惑</p>",
      "level": 0,
      "highlight": false,
      "children": []
    },
    {
      "id": "dee2317bc5d2847dffeb4ac89eb84bed",
      "author": "半夏与忍冬",
      "time": "2025年04月21日 20:12",
      "content": "<p>八卦总是让人感兴趣，就像倪师风趣幽默的课堂，不仅能让人感受到他对中医的热爱，还能不断激发学生对中医的兴趣，如同给大家开了一副“阳药”。我猜，那个国际大明星是金城武，哈哈。只是竟然他也不需要写跟诊心得，不知是因为学得好，还是因为倪师把他当做比较熟的朋友，所以不必？</p>",
      "level": 0,
      "highlight": false,
      "children": []
    },
    {
      "id": "ca61abe89df12132f359f8f0f4481e87",
      "author": "柴兵兵",
      "time": "2025年04月24日 17:01",
      "content": "<p>最近在读李博士新书《养儿育女必备中医知识》，今天在地铁上读到您五十岁时儿子写给您的生日卡片的内容时，能感受到言语中一位刚成年的孩子在回顾自己一路成长的经历时对父亲深深的感激之情。作为四岁孩子父亲的我，被这一父子间的互动所感动，也期待着当自己孩子成年后回顾过去时，也能真诚的感谢我在他成长之路上的陪伴！</p>",
      "level": 0,
      "highlight": false,
      "children": [
        {
          "id": "a5afdf994cb5cc07d248e4e7b7a84227",
          "author": "李宗恩",
          "time": "2025年04月27日 18:51",
          "content": "<p>謝謝你告訴我。是的，雖然男人比較少談論感情，當孩子逐漸長大，做父親的會後很多的感動。</p>",
          "level": 1,
          "highlight": true,
          "children": []
        }
      ]
    },
    {
      "id": "fbd8c32e308b810eb0e4353d5fa0cace",
      "author": "一壶酒",
      "time": "2025年04月25日 16:48",
      "content": "<p>请问李博士，倪师注解的神农本草经中每味药   的“主治”，是来源倪师自己的归纳总结么？每味药的主治描述，感觉不是完全来自一本书。</p>",
      "level": 0,
      "highlight": false,
      "children": [
        {
          "id": "925b8682fd4d7573f0b897361ea81298",
          "author": "李宗恩",
          "time": "2025年04月27日 18:54",
          "content": "<p>主要來自神農本草經原文。</p>",
          "level": 1,
          "highlight": true,
          "children": []
        }
      ]
    },
    {
      "id": "f914fdf1ab89bbdb42ded89d441cbe04",
      "author": "aaa",
      "time": "2025年04月26日 04:55",
      "content": "<p>李医生，请问柴胡桂枝干姜汤是如何跟清血脉里面的湿进而治疗痨症联系起来的。<br/>\n柴胡，黄芩 清肝<br/>\n桂枝 走血脉<br/>\n干姜 温中<br/>\n牡蛎 印象中一般是软坚，但是我查了一下还有利水排水的功能。<br/>\n天花粉 升津止渴<br/>\n炙甘草 和药强心<br/>\n问题：<br/>\n1.我不知道每味药的作用在这个方中理解的对不对。<br/>\n2.虽然此方是清血脉里面的湿，但是其中我没有看到常见的祛湿药，我很好奇它是怎么把湿去掉的？是牡蛎吗？<br/>\n3.去血脉的湿为什么会用到清肝的药？</p>",
      "level": 0,
      "highlight": false,
      "children": [
        {
          "id": "38056376650f32531a756b7f57651b86",
          "author": "李宗恩",
          "time": "2025年04月27日 18:58",
          "content": "<p>和解少陽，溫化水飲。嚴格而言，只是某些情況下的痨症，並非所有的情況。</p>",
          "level": 1,
          "highlight": true,
          "children": []
        }
      ]
    },
    {
      "id": "17ac9eaa7b7af915f16f02560912f0a3",
      "author": "离中虚",
      "time": "2025年04月26日 21:17",
      "content": "<p>李医师<br/>\n倪师的网站hantang.com，里面的大陆支援网链接里，盗用倪师知识产权（售卖盗版人纪教材）</p>",
      "level": 0,
      "highlight": false,
      "children": [
        {
          "id": "111b71769b9eabeee16c4f6ab718faae",
          "author": "李宗恩",
          "time": "2025年04月27日 19:00",
          "content": "<p>我已經聯絡原診所總管李大叔，還沒得到他的回覆。我已經很久沒有幫忙管理漢唐舊網頁了，我試著登錄，密碼已經不對了，得李大叔來處理。</p>",
          "level": 1,
          "highlight": true,
          "children": [
            {
              "id": "28a069272e4381a5c2c7e8dc34989b2b",
              "author": "Tim",
              "time": "2025年04月28日 12:42",
              "content": "<p>李醫師，大陸支援網站是hangtang.org.cn,網站首頁就有顯示售賣倪海廈台灣原版8本，您可以看下。</p>",
              "level": 2,
              "highlight": false,
              "children": [
                {
                  "id": "2702daa17e94f782ca75490a8a25c272",
                  "author": "李宗恩",
                  "time": "2025年04月28日 05:58",
                  "content": "<p>那個網頁和倪老師沒有關聯，任何人都可能自己去註冊一個網頁，宣稱是什麼支援網頁。</p>",
                  "level": 3,
                  "highlight": true,
                  "children": [
                    {
                      "id": "ee970cbf52719ccb7ddb3655832a84ff",
                      "author": "Tim",
                      "time": "2025年04月28日 19:12",
                      "content": "<p>明白了，李醫師，不過這個支援網站的鏈接是顯示在通過倪師的網站進入後，點擊中文解說的網站裡面，部落格沒法上傳圖片，給您facebook同樣的帖子下評論上傳了網站圖，您方便的時候可以查看一下。</p>",
                      "level": 4,
                      "highlight": false,
                      "children": []
                    }
                  ]
                }
              ]
            },
            {
              "id": "523bcf620c25a2785dae0514fb9a2cef",
              "author": "离中虚",
              "time": "2025年04月28日 18:42",
              "content": "<p>好的</p>\n<p>这次太过分了！<br/>\n这些“人”（畜牲），什么钱都想挣。居然敢在倪师网页里插入非法链接，毫无敬畏之心<br/>\n天纪倪师曰：“盗亦有道”<br/>\n这些“人”做事毫无盗理。早晚有一天，会被金钱所反噬（自作孽不可活）<br/>\n希望看到的网友，勇于揭发盗版，转告给其他人<br/>\n（“看笑话的人也是帮凶“记得李医师说过类似的话）</p>",
              "level": 2,
              "highlight": false,
              "children": []
            }
          ]
        }
      ]
    },
    {
      "id": "83c9d9499a0bf6693688a5697f6b7877",
      "author": "地山谦",
      "time": "2025年05月02日 04:44",
      "content": "<p>请问李医师临床会用电针吗，看倪师的教学并没有提及，不知您怎么看待这种新式针灸</p>",
      "level": 0,
      "highlight": false,
      "children": [
        {
          "id": "9e37eb7ad052bd3cfa5a1206ac01fb51",
          "author": "李宗恩",
          "time": "2025年05月04日 07:58",
          "content": "<p>倪老師有討論過，我也討論過許多次。電針並非針灸，是現代人從電片治療改的，而電流會從皮膚淺層導電性較強的部分流動，大多數情況下，無法達到穴位。</p>",
          "level": 1,
          "highlight": true,
          "children": []
        }
      ]
    }
  ],
  "timestamp": 1747281773.2130163,
  "page": 2,
  "order": 7,
  "filename": "data\\page2\\page2_order6_9be5083276b235cd4158e56d420e731d.json"
}