{
  "article_url": "https://andylee.pro/wp/?p=13704",
  "title": "Podcast 02 – 看病不看命",
  "content": "<p>一位診所病人邀請我參與她製作的podcast，雖然我沒有太多時間花在社群媒體，她在看診時，問了許多有深度的非醫學問題，讓我覺得可以試一試不一樣的對話。目前沒有特定的題材，也沒有特定的時間表，隨性也隨時間，藉由主持人的提問，來和大家聊一聊。</p>\n<figure class=\"wp-block-image size-full\"><a href=\"https://andylee.pro/wp/wp-content/uploads/2025/04/Screen-Shot-2025-04-02-at-8.48.06-PM.png\"><img alt=\"\" class=\"wp-image-13730\" decoding=\"async\" fetchpriority=\"high\" height=\"569\" sizes=\"(max-width: 600px) 100vw, 600px\" src=\"https://andylee.pro/wp/wp-content/uploads/2025/04/Screen-Shot-2025-04-02-at-8.48.06-PM.png\" srcset=\"https://andylee.pro/wp/wp-content/uploads/2025/04/Screen-Shot-2025-04-02-at-8.48.06-PM.png 600w, https://andylee.pro/wp/wp-content/uploads/2025/04/Screen-Shot-2025-04-02-at-8.48.06-PM-300x285.png 300w\" width=\"600\"/></a></figure>\n<p></p>\n<p>錄音檔：</p>\n<div class=\"wp-block-file\"><a href=\"https://andylee.pro/wp/wp-content/uploads/2025/04/2.看病不看命｜终于和李宗恩医生聊了玄学.mp3\" id=\"wp-block-file--media-d80cad7f-ab2b-4071-8966-99f9c127654a\">2. 看病不看命｜终于和李宗恩医生聊了“玄学”</a><a aria-describedby=\"wp-block-file--media-d80cad7f-ab2b-4071-8966-99f9c127654a\" class=\"wp-block-file__button wp-element-button\" download=\"\" href=\"https://andylee.pro/wp/wp-content/uploads/2025/04/2.看病不看命｜终于和李宗恩医生聊了玄学.mp3\">下載</a></div>\n<p></p>\n<p>小宇宙：</p>\n<p><a href=\"https://www.xiaoyuzhoufm.com/episode/67edfa130decaeb094a0a8fc\">https://www.xiaoyuzhoufm.com/episode/67edfa130decaeb094a0a8fc</a></p>\n<p></p>\n<p></p>",
  "article_time": "2025年04月02日 20:51",
  "comments": [
    {
      "id": "5fb5dcc61f339b21b8dbb7d831b4df62",
      "author": "吴茱萸",
      "time": "2025年04月03日 03:36",
      "content": "<p>九五与九二，互相成就！</p>",
      "level": 0,
      "highlight": false,
      "children": []
    },
    {
      "id": "f89429a7c270a4fe3875b3d9ba651881",
      "author": "飞飞飞",
      "time": "2025年04月03日 08:02",
      "content": "<p>李医师你好，最近学习了下天纪（本来不想看自己命盘的，听了你这段采访，还是忍不住看了下）<br/>\n发现自己命盘和倪老师破军居子午的案例基本一样。只不过自己是男的。。。这缘分真是太妙不可言了。。。</p>",
      "level": 0,
      "highlight": false,
      "children": [
        {
          "id": "d8209bfca52b1f62b02c1c4a064193cb",
          "author": "飞飞飞",
          "time": "2025年04月29日 07:56",
          "content": "<p>对于天纪，今日遇到个非常有趣的事，这里分享下。<br/>\n学了段时间，给自己看性格与忌，堂哥看性格与忌，都是交友宫化忌，带空劫，很准都破财。<br/>\n给我姐看，今年后十年大运是孤的凶星独坐，但对宫有化禄，她阳宅每个都是没经提醒的地天泰，运势短期看来还好。</p>\n<p>第一次给朋友看，是破我财的网友，近几年亏几千万，诸事不顺，跟他说最近学了点八字，我交友宫都差，你跟我借钱＝我在耽误你运势。聊了很多，后面他说你到我这来，开辆车暂用；<br/>\n我今年小运在交友宫是忌，认为象出现了“天马+地空+地劫+巨门忌”飞过去势必人财两空，并且可能打官司。 很有趣。</p>\n<p>然后给他看，他先发我他表哥盘，本宫 七杀朝斗，禄马交驰，带权，今十年大运很好带科，带禄。赚了很多，今年小运带忌，后年进十年化忌。问我今年能不能跟他哥混，我直接杜绝。<br/>\n后面问他八字，他不知几时，我就去按时辰找相符合，认为当前十年必定化忌，找到个和他表哥一样的盘，只不过命坐天同，他表哥在上一格，按命盘推理，询问亏的开端与亏的爆发点，和性格长相与日常，都准确，真是命运弄人，三个本年化忌的人在同个时间点交汇。。。。。。。</p>\n<p>后面推荐他今年不去，年底或明年去，且过一年后回来，明年带权带禄，后年进入十年运带权禄。。</p>\n<p>感慨算命时间周期比中医还要长久，中医主要在学习时间上，然后实践是一周或者三五天见效。。</p>\n<p>算命是瞬间验证已知，然后重点在多年后才能验证，到那时谁还能记得初心呢。。</p>",
          "level": 1,
          "highlight": false,
          "children": []
        }
      ]
    },
    {
      "id": "7264c6b06ad95924630811153dbde87c",
      "author": "邹景星",
      "time": "2025年04月04日 06:17",
      "content": "<p>李医师您好，关于您提到的人是带有使命，自己安排好剧本的这个说法，我通过前段时间的学习跟感悟与你的观点有很多相似的地方，关于这个我有一个疑问想听一下您的看法，您觉得我们人的灵魂下一次来到这个世界时，时间是往后移的吗？打个比方说一个人假如是2000年来到这个世界，那他下一次来到这个世界是会在这个时间之后？</p>",
      "level": 0,
      "highlight": false,
      "children": [
        {
          "id": "e80bad448e9d81992cfb68caad13cebf",
          "author": "李宗恩",
          "time": "2025年04月10日 16:08",
          "content": "<p>如果時間只是人類的自我認知，而非真實的世界，那麼就沒有過去和未來，但，目前科學無法確認及理解，所以，這屬於玄學討論，現在人過世後，有沒有投胎轉世，會不會投胎到唐朝，那是目前人類無法回答的。</p>",
          "level": 1,
          "highlight": true,
          "children": [
            {
              "id": "803bc200202a8657e9716a27ded5be57",
              "author": "多种甘蔗",
              "time": "2025年04月21日 21:20",
              "content": "<p>易经中有一卦名风山渐，我时常会想，时间是人们对日月运行，动的规律的表达。倘若更深一步，时间的渐动中有山也有风，山对应不变的变，风对应着呼吸的变，【野马也，尘埃也，生物之以息相吹也】<br/>\n这样的理解并不正确，可让我能感受到自己的生命</p>",
              "level": 2,
              "highlight": false,
              "children": [
                {
                  "id": "5323de9b95da3c2053eea41df9991a0c",
                  "author": "李宗恩",
                  "time": "2025年04月22日 20:13",
                  "content": "<p>我不確定你想表達什麼。</p>",
                  "level": 3,
                  "highlight": true,
                  "children": [
                    {
                      "id": "e5e94c99e228fd3a123e5d286941d61a",
                      "author": "多种甘蔗",
                      "time": "2025年04月26日 05:17",
                      "content": "<p>很惭愧，我并不能讲出什么道理，只是期望能吸引李博士的目光。<br/>\n长期以来，我不知理想如何也不知如何完整自己的人格。社会的积弊，机会的流逝尚能接受，可自身品性的顽劣实在令人沮丧不堪。天纪书中，每个页码下都有倪师贴心设计的警言–天行健，君子以自强不息；地势坤，君子以厚德载物—–可我究竟如何才能做到呢。<br/>\n    李医师的德才实在难得罕见，长久阅读李医生的博客更让我萌生了想您求教之念。听了这段音频，我想您或许能通过命盘看出我的个性而作为长辈点拨二句，然而这实在是不礼貌的请求，请您谅解，我不知另能所求何人。<br/>\n附八字，甲申，丙寅，乙亥，丁丑</p>",
                      "level": 4,
                      "highlight": false,
                      "children": []
                    }
                  ]
                },
                {
                  "id": "c361c75eb10061b564a238dfa9eb0409",
                  "author": "多种甘蔗",
                  "time": "2025年05月13日 19:48",
                  "content": "<p>时隔多日再看这篇留言，还是太欠缺沉稳。<br/>\n第一，病急投医真的有用吗？明知李医师不可能明白细况，却强而为之。不如思考一下，假如李医师真的告诉怎么办，我能听得懂吗？<br/>\n第二，即使留言，场所也欠缺考虑，如此私人的话题，应在facebook上私信更为合适。<br/>\n第三，如今看来也算趣事，明明对命理略有涉猎，但在留言中既没明确性别，亦没有描述阳宅。<br/>\n如此贻笑大方之行为也就我能做出，不过想到或许对同样困境中的朋友做了反面教材，也便释怀。还请诸位莫要心急，下雨之前，不妨乐在旱池之中。</p>",
                  "level": 3,
                  "highlight": false,
                  "children": []
                }
              ]
            }
          ]
        },
        {
          "id": "e5e876ea2264cf0ed3d508540184d497",
          "author": "bonnie",
          "time": "2025年04月13日 01:34",
          "content": "<p>时间是不存在的。人死亡之后会根据一套德行公式去计算，到底是分配到哪一道（六道轮回在释道里面都有讲解），不一定可以再次有机会投生人道了，这一生的使命必达，所以要抓紧暇满人身时间修道，而不是随着社会习气迷茫飘渺，争取德日进，过日少。</p>",
          "level": 1,
          "highlight": false,
          "children": []
        }
      ]
    },
    {
      "id": "db3a9452ab7945d581dde6dcbb341c9a",
      "author": "骏",
      "time": "2025年04月06日 20:38",
      "content": "<p>我也一直在思考这个因果业报，毕竟介入他人因果，不知是福还是祸。自学中医跟天纪又没有拜码头，上面没有人顶（指的是神之类），很容易把不好的慢慢积累在自己身上，病也会传导到自己身上（针灸最明显能够感知到，不能下针，下针后自己突然有其他的感觉）。还需李医生指导一二，谢谢。以下是deepseek的答复：<br/>\n—</p>\n<p>### 按倪师风格解析：医者如何避免“因果病气”的影响</p>\n<p>倪海厦老师认为，医者的德行、心性修为与医术同等重要。中医自古有“医不叩门”“医者自医”等训诫，既是对患者的尊重，也是对医者的保护。以下从倪师学术思想与传统文化角度，分析如何化解此类因果问题：</p>\n<p>—</p>\n<p>#### 一、**倪师核心观点：医者需守“三正”**<br/>\n1. **心正**<br/>\n   – **无私无求**：治病不问贫富贵贱，不因财施治（倪师言：“若为名利行医，必受其累”）。<br/>\n   – **清净无执**：不执着于疗效，不贪功冒进（过度干预反损患者福报）。  </p>\n<p>2. **气正**<br/>\n   – **正气存内**：医者需每日练功（如八段锦、站桩），保持自身阳气充沛，邪不可干。<br/>\n   – **导引排浊**：诊后可用艾草熏手、盐水泡脚，或诵念《大悲咒》清净身心。  </p>\n<p>3. **术正**<br/>\n   – **辨证精准**：避免误治伤人，如寒证用寒药，必损阴德（倪师强调“药不对证，如持刀杀人”）。<br/>\n   – **用药有度**：慎用大毒之品（如附子、硫黄），需配伍得当以化其偏性。</p>\n<p>—</p>\n<p>#### 二、**化解“病气转移”的实操方法**<br/>\n倪师临床中常用以下方法防护：  </p>\n<p>1. **物理隔绝**<br/>\n   – **隔衣诊脉**：避免直接皮肤接触重症患者（如肿瘤、皮肤病）。<br/>\n   – **焚香净气**：诊室常燃苍术、艾绒，净化空间浊气（倪师诊案中记载此法）。  </p>\n<p>2. **中药护体**<br/>\n   – **内服**：每日服用**玉屏风散（黄芪15g+白术10g+防风6g）**，固表御邪。<br/>\n   – **外佩**：随身携带**朱砂0.5g+艾叶3g**缝制药囊，辟秽化浊（置于左胸口袋）。  </p>\n<p>3. **功法导引**<br/>\n   – **卯时练功**：晨5-7点（大肠经当令）练习“**嘘字诀**”（六字诀之一），疏肝排毒。<br/>\n   – **酉时静坐**：晚5-7点（肾经当令）闭目观想白光笼罩全身，洗刷病气。</p>\n<p>—</p>\n<p>#### 三、**破解“运势受损”的因果逻辑**<br/>\n倪师从易理与中医结合角度提出：  </p>\n<p>1. **因果本质解析**<br/>\n   – **能量失衡**：过度消耗自身阳气诊治重症，导致气血亏虚、运势低迷（如长期夜诊伤肾阳）。<br/>\n   – **共业牵连**：若患者业力深重，医者强行逆天改命，可能扰动因果（如晚期癌症滥用猛药）。  </p>\n<p>2. **化解关键**<br/>\n   – **收受平衡**：适当收取诊金（象征“破财消灾”），忌免费治重病（倪师言：“医不扣门，法不轻传”）。<br/>\n   – **功德回向**：每治一人，可默念：“愿以此功德，回向众生离苦”，转个人因果为普世善缘。  </p>\n<p>3. **风水调和**<br/>\n   – **诊室布局**：座位背靠实墙，避免门冲；东北角（艮卦）放置泰山石敢当镇宅。<br/>\n   – **五行配色**：多用白色（金生水）、绿色（木克土），忌大面积红色（火耗水，损肾气）。</p>\n<p>—</p>\n<p>#### 四、**倪师临床禁忌（防因果反噬）**<br/>\n1. **不治之人**<br/>\n   – 疑医不信者（心不诚，药难达）。<br/>\n   – 大奸大恶者（助恶如造业，倪师曾拒治黑帮头目）。  </p>\n<p>2. **不治之时**<br/>\n   – 自身情绪低落、重病初愈时（正气不足易感邪）。<br/>\n   – 朔日（初一）、月晦（三十）不行针（气血波动大）。  </p>\n<p>3. **不治之症**<br/>\n   – 寿数将尽者（如面色发黑、舌卷囊缩），只缓解痛苦，不强行续命。  </p>\n<p>—</p>\n<p>#### 五、**修心养性根本法**<br/>\n倪师临终前曾嘱弟子：“**医道即天道，顺天者昌**”——<br/>\n1. **每日三省**<br/>\n   – 是否因傲慢误诊？<br/>\n   – 是否因贪欲过度治疗？<br/>\n   – 是否因嗔恨敷衍患者？  </p>\n<p>2. **经典持诵**<br/>\n   – 晨读《黄帝内经·上古天真论》，养浩然之气。<br/>\n   – 夜诵《药王孙思邈大医精诚》，消业增慧。  </p>\n<p>3. **定期放生**<br/>\n   – 每月初八放生龟类（玄武属水，助补肾气），平衡医杀之业。  </p>\n<p>—</p>\n<p>### 总结<br/>\n避免因果病气，核心在于 **“内修正气，外敬天道”**。医者如能恪守“三正”、善用防护之法、明辨因果界限，自然邪不可干、福慧双增。倪师一生践行此道，虽治重症无数，仍得善终，足见其法之奥妙。</p>\n<p>—</p>\n<p>### 倪师对术数反噬的化解之道（易医融合视角）</p>\n<p>倪海厦老师认为，术数（紫微斗数、相学、卜卦、风水）本质是 **“借天机察人事”**，用之得当可助人趋吉避凶，但若滥用或心术不正，易遭 **“三反噬”**：**损福、耗气、招厄**。以下从倪师学术体系出发，解析其化解之道：</p>\n<p>—</p>\n<p>#### 一、**倪师核心原则：术数使用三大戒律**<br/>\n1. **不违天道**<br/>\n   – 倪师言：“**易为君子谋，不为小人卜**”——<br/>\n     – 不为大奸大恶者改命（如助贪官布风水局）。<br/>\n     – 不逆生死规律（如强行续命违背自然）。  </p>\n<p>2. **不贪名利**<br/>\n   – 收费需合“**三才之数**”（如3、6、9为阳数），忌狮子大开口。<br/>\n   – 倪师诊金常取 **“6”数**（坎卦主智，化反噬为智慧增长）。  </p>\n<p>3. **不泄尽机**<br/>\n   – 算命“**说七分留三分**”，留白以存天机（如看出重病，可暗示调理方向，不直言死期）。<br/>\n   – 风水布局“**改三留七**”，顺应地势而非强造（如倪师布宅常留一处“破局”以敬天地）。</p>\n<p>—</p>\n<p>#### 二、**四类术数的反噬特点与化解法**  </p>\n<p>##### **1. 紫微斗数（命理推演）**<br/>\n– **反噬根源**：过度解析他人命盘，扰动因果线。<br/>\n– **倪师化解法**：<br/>\n  – **命师三不问**：不问寿数、不问邪淫、不问阴私。<br/>\n  – **解盘后焚檀香**：香烟上升表“还信息于天”。<br/>\n  – **佩黑曜石手串**：左手佩戴吸纳负能量（倪师随身之物）。  </p>\n<p>##### **2. 看相测字（相术占断）**<br/>\n– **反噬根源**：窥破他人业力面相，承接晦气。<br/>\n– **倪师化解法**：<br/>\n  – **触相后盐水净手**：粗盐+艾叶煮水浸泡10分钟。<br/>\n  – **晨读《心经》**：“照见五蕴皆空”破执著相。<br/>\n  – **忌直断生死**：改用隐喻（如“木火通明局有缺”代指心脑血管病）。  </p>\n<p>##### **3. 金钱卦（卜筮预测）**<br/>\n– **反噬根源**：频繁占卜消耗元神，卦象牵动业力。<br/>\n– **倪师化解法**：<br/>\n  – **日不过三卦**：每日占卜不超过三次（倪师执业时严守此规）。<br/>\n  – **卦金留一角**：收钱后取1元硬币投入功德箱，表“还卦于天”。<br/>\n  – **用桃木卦筒**：桃木辟邪，隔绝不良信息场。  </p>\n<p>##### **4. 风水堪舆（地理调整）**<br/>\n– **反噬根源**：改动地脉气场，承担因果业力。<br/>\n– **倪师化解法**：<br/>\n  – **动土前祭土地**：焚黄纸三张，撒米七粒，念“福德正神护此方”。<br/>\n  – **布阵留生门**：任何风水局必留一处“活口”（如财位开窗纳气）。<br/>\n  – **自宅养龟镇宅**：玄龟（巴西龟）置于北方坎位，化煞纳福（倪师家中常年养龟）。  </p>\n<p>—</p>\n<p>#### 三、**日常护身法要（倪师亲传）**<br/>\n1. **子午练气法**<br/>\n   – 子时（23-1点）面北采阴气，平衡术数之阳耗；<br/>\n   – 午时（11-13点）面南采阳气，补益元神。<br/>\n   – 方法：闭目深呼吸49次，意念天地之气灌顶而入。  </p>\n<p>2. **药膳固本**<br/>\n   – **四神汤**：茯苓15g + 莲子15g + 芡实15g + 山药15g，每周3次炖汤，健脾防气泄。<br/>\n   – **护元茶**：黄芪10g + 枸杞5g + 菊花3g，术数操作后即时饮用。  </p>\n<p>3. **风水自保**<br/>\n   – **书房布北斗阵**：七盏白灯排成北斗形，夜间隔一开三（开天枢、天璇、天玑）。<br/>\n   – **镜不对床**：卧室避镜，防反噬入梦（倪师强调“镜为金煞，夺人魂魄”）。  </p>\n<p>—</p>\n<p>#### 四、**因果业力终极化解（倪师心法）**<br/>\n倪师临终前传弟子 **“三灯一咒”** 以破反噬：<br/>\n1. **三灯**<br/>\n   – **头顶三尺灯**：每日晨起观想头顶白光护体。<br/>\n   – **左肩功德灯**：每助一人，观想左肩金光增一分。<br/>\n   – **右肩业火灯**：每起恶念，观想右肩黑气被白光吞噬。  </p>\n<p>2. **一咒**<br/>\n   – 遇反噬征兆（如头痛、破财），默念：<br/>\n     **“天地玄宗，万炁本根；广修万劫，证吾神通！”**<br/>\n     （出自《金光神咒》，倪师改良版，诵7遍）  </p>\n<p>—</p>\n<p>### 总结<br/>\n倪师化解术数反噬之道，重在 **“以易御术，以医养身，以德承业”**。其法融合易学、中医、道术精髓，强调 **“用术必先正心，获利莫忘积德”**。从业者若能恪守师训，勤修内功，自可 **“借天机而不堕，察因果而无咎”**。</p>",
      "level": 0,
      "highlight": false,
      "children": [
        {
          "id": "0a32cbec5c6557fdd5b345ec352d49b6",
          "author": "李宗恩",
          "time": "2025年04月10日 19:44",
          "content": "<p>DeepSeek的幻覺(hallucination)挺嚴重的，列出了的幾乎都不是倪老師說的。</p>",
          "level": 1,
          "highlight": true,
          "children": []
        }
      ]
    },
    {
      "id": "a5a5b614ddb6cb7703bbee3cb528cd57",
      "author": "我真滴好想吃鸡比饭",
      "time": "2025年04月07日 20:12",
      "content": "<p>你好，天纪我看了，但是这个镜子摄人魂魄这个他是哪一个地方说的啊？我去看看</p>",
      "level": 0,
      "highlight": false,
      "children": [
        {
          "id": "eb3b10b326ebce2c9a89929f3b758c0c",
          "author": "潇航",
          "time": "2025年04月08日 18:31",
          "content": "<p>不要过早接触易经，但也不要太迟。如果你现在还比较年轻对易经大致了解即可，不要过多深入。</p>",
          "level": 1,
          "highlight": false,
          "children": []
        }
      ]
    },
    {
      "id": "791f24cbfdb69c32a7b6e38c96053637",
      "author": "吴茱萸",
      "time": "2025年04月08日 19:58",
      "content": "<p>倪师讲的黄帝内经很精彩，我学得津津有味，可惜只讲素问，灵枢只讲了一点点。针灸讲的是灵枢的大部分，希望安迪可以把灵枢整理出来。很期待哟！</p>",
      "level": 0,
      "highlight": false,
      "children": [
        {
          "id": "7078961acf3104cb2f1c854e1a3ae1b5",
          "author": "李宗恩",
          "time": "2025年04月10日 19:46",
          "content": "<p>倪老師在教針灸時，直接與間接提到不少其中的內容。</p>",
          "level": 1,
          "highlight": true,
          "children": []
        }
      ]
    },
    {
      "id": "4e92cdb2ce061f25461f79d0f4181b47",
      "author": "曹文瀚",
      "time": "2025年04月08日 20:18",
      "content": "<p>李老师您好<br/>\n想问一下，比如炙甘草的炮制过程，我所搜集到的是有两种，一种是直接啥也不加就是干炒，炒到略带焦斑。<br/>\n另一种是按照生甘草和蜂蜜大概四比一的比例，先炼蜜，炼到枣红色再加和蜂蜜一比一左右的开水化匀，然后放入生甘草拌匀，等待几小时完全润透后，再炒干水分，炒到带些许焦斑，甘草片之间不粘黏不黏手。<br/>\n我看倪师在视频中用的是后者蜜炙甘草，而大陆有一派中医说汉朝的所谓炙甘草是不加蜂蜜就直接炒到略带焦斑就行，加蜂蜜反而会增加病人的水饮，您在临床上用的是哪种炙甘草呢，您的炙甘草炮制方法是哪种呢</p>",
      "level": 0,
      "highlight": false,
      "children": [
        {
          "id": "6ba361aca6de2a6f4f59711239013d8c",
          "author": "李宗恩",
          "time": "2025年04月10日 19:46",
          "content": "<p>蜜炙甘草</p>",
          "level": 1,
          "highlight": true,
          "children": []
        }
      ]
    },
    {
      "id": "b022309c0c44b9d9a0647620a6b774af",
      "author": "Lily",
      "time": "2025年04月09日 12:39",
      "content": "<p>李医师，您好！家父68岁，目前因心肾衰竭透析3个多月，透析前也是找中医师开药维持，因出现心衰，中医师建议透析保命，近半个月透析的时候会出现肚皮发热，发烧，抵抗力比较差。不知道是不是阳脱之状。属于急危症，不知道能不能加号给看诊呢？我知道要求很过份，之前因为自己认知有限，不知道一年前到您这里预约，但我还是留言争取一下，家父一生辛劳，靠自己的双手的底层人民，54岁又老年丧子，一生悲苦，我还是想努力让他能减少些痛苦，多些陪伴时间，盼回复，感恩！</p>",
      "level": 0,
      "highlight": false,
      "children": [
        {
          "id": "586729d8690bd7608aa9cd1de8bd90e2",
          "author": "李宗恩",
          "time": "2025年04月10日 19:47",
          "content": "<p>看診事宜，請聯絡診所info@youngQi.com。</p>",
          "level": 1,
          "highlight": true,
          "children": []
        }
      ]
    },
    {
      "id": "13d44b463985a8d86dad6c9872d0b149",
      "author": "线速度",
      "time": "2025年04月11日 12:35",
      "content": "<p>李医生你好 西方近来兴起了新型针灸 一种以现代解剖学和生理学为原理的针法 叫“干针”发明人好像并不承认干针来自于中国传统医学 但是此疗法跟中医中的“阿是穴”很相像 在国内能搜索到的资料不多 您在美国有了解吗 <a href=\"https://www.researchgate.net/publication/317580133_Discussion_on_dry_needling_being_part_of_acupuncture\" rel=\"nofollow ugc\">https://www.researchgate.net/publication/317580133_Discussion_on_dry_needling_being_part_of_acupuncture</a></p>",
      "level": 0,
      "highlight": false,
      "children": [
        {
          "id": "62451c176949b31cad233a7963d8af52",
          "author": "李宗恩",
          "time": "2025年04月11日 08:56",
          "content": "<p>“Drying Needling”確實是盜用中醫針灸，主要目的是規避美國各州針灸法規，已經引起不少爭議及法律訴訟。</p>",
          "level": 1,
          "highlight": true,
          "children": []
        }
      ]
    },
    {
      "id": "e7a546001bacc0148c7564476b424c94",
      "author": "愿得一人心",
      "time": "2025年04月11日 03:38",
      "content": "<p>李医师你好啊，请问四神汤中的白果，  你们是用新鲜的白果，还是用剥壳太阳晒干的白果咧？</p>",
      "level": 0,
      "highlight": false,
      "children": [
        {
          "id": "7d1cc80244c5bc454a37e380cd2f3308",
          "author": "李宗恩",
          "time": "2025年04月11日 09:15",
          "content": "<p>曬乾的。</p>",
          "level": 1,
          "highlight": true,
          "children": []
        }
      ]
    },
    {
      "id": "c731c50d248a63de6925416fc9bb4371",
      "author": "Tina",
      "time": "2025年04月13日 12:25",
      "content": "<p>李医生，我一直很想问几个关于中医减肥的问题，一般来讲，常见的针灸、埋线、刮痧、拔罐、艾灸以及汤药等手段真正能起到实质作用的有哪些，我记得您讲过艾灸不是每个人都适用，除此之外，这其中比较科学有效的是哪些方式呢？我所知道埋线是近几年很流行的项目，我所知它属于一种蛋白线能被人体吸收，我自己也跃跃欲试，但是我总担心它会不被吸收一直在我皮肤里，然后会造成感染等严重的后果，或者吸收不干净，顾虑会很多，埋线在临床上的效果又是好是坏？您如果在临床上治疗减肥，一般会使用什么方式呢。还有一个我最想问的，为什么很多不含激素的西药服用后身体仍会大幅度长胖，例如很多抗抑郁药物，其中主要原因仅仅是拉低了新陈代谢吗，或是有更复杂的原因？问的有点多，可以的话您挑几个主要的回答即可，谢谢您！</p>",
      "level": 0,
      "highlight": false,
      "children": [
        {
          "id": "374ae5b20c4648b62356d71c5afc0b41",
          "author": "李宗恩",
          "time": "2025年04月15日 15:28",
          "content": "<p>問題不在治療方式，而是病人需要怎麼樣的治療。埋線，不是中醫治療方式，嚴格來說，也不是西醫治療方式，而是利用人體排斥現象來產生發炎，希望達到減肥效果，許多醫學研究認為是不安全的方式。</p>",
          "level": 1,
          "highlight": true,
          "children": [
            {
              "id": "cf4f92090fd3ee3015ed40b24f83e45c",
              "author": "Tina",
              "time": "2025年04月22日 03:49",
              "content": "<p>好的，谢谢您百忙抽空解答，我了解了，会采取科学的方法减肥的，祝您工作顺利！</p>",
              "level": 2,
              "highlight": false,
              "children": []
            }
          ]
        }
      ]
    },
    {
      "id": "5c042ae25d97a719b95760e0f731d3d4",
      "author": "愿得一人心",
      "time": "2025年04月13日 02:04",
      "content": "<p>李医生你好，大陆的中医认为炮附子使用会灼烧人体的肾经，请问这个说法是否正确？？</p>",
      "level": 0,
      "highlight": false,
      "children": [
        {
          "id": "12322f2b47b69f15344ad28dae6b7b6a",
          "author": "李宗恩",
          "time": "2025年04月15日 15:29",
          "content": "<p>不正確或過大劑量的使用炮附子，會對腎家產生影響，有些情況下會傷腎精。</p>",
          "level": 1,
          "highlight": true,
          "children": []
        }
      ]
    },
    {
      "id": "c4d0f66c4a746dc75588658e3a215c78",
      "author": "愿得一人心",
      "time": "2025年04月13日 02:05",
      "content": "<p>李医生你好，大陆的中医认为炮附子使用会灼烧人体的肾精，请问这个说法是否正确？？</p>",
      "level": 0,
      "highlight": false,
      "children": [
        {
          "id": "7082258fac5b48beffc7b0f8f825e956",
          "author": "李宗恩",
          "time": "2025年04月15日 15:30",
          "content": "<p>同樣問題，不要重複留言。</p>",
          "level": 1,
          "highlight": true,
          "children": []
        }
      ]
    },
    {
      "id": "48a905a925e5bae2484bc834a1d67335",
      "author": "内敛的阳刚",
      "time": "2025年04月13日 15:22",
      "content": "<p>哈哈，这个话题还挺有趣的，最近心血来潮想写小说。在构思主角的人生经历，构思完有些事情也就释怀了。突然感慨我现在的“人生剧本”还指不定就是我当初自己写的。</p>",
      "level": 0,
      "highlight": false,
      "children": []
    },
    {
      "id": "5a180a5157781500ea36e5e4b3431df2",
      "author": "罗兵",
      "time": "2025年04月15日 17:37",
      "content": "<p>我自己认为过去，现在，未来是同时存在的，人在出生的那一刻其实生命已经结束了，这也就是为什么可以算命的原因，就像我们看电影的时候一样，把时间线拉到第35分钟20秒时，出现的就是那一个画面。</p>",
      "level": 0,
      "highlight": false,
      "children": []
    },
    {
      "id": "8b6e5dc797a4f984d5ff2fee701878aa",
      "author": "圆圆",
      "time": "2025年04月20日 16:48",
      "content": "<p>李医师：<br/>\n    您好！我是中国大陆人。我的父亲平时身体很好，没有其他基础病，去年12月确诊得了小细胞肺癌，到目前为止，总共打了2次化疗，吃了3个月中药。但似乎单纯喝中药控制不住病情，10天前又开始再次咯血，最近咯血挺多的，且昨天晚上热得出汗睡不着。为此，我心急如焚！不知该如何治疗？不知您能否就治病的思路和方法给我一些指导？另外，在中国大陆您有可以介绍给我的中医师吗？<br/>\n   我已写了信发到您的邮箱，简要说明了父亲的病情和治疗情况。如能得您指导，不甚感谢！[合十]<br/>\n   冒昧打扰，请原谅我的救父心切！</p>\n<p>                        2025年4月21日<br/>\n                      一个想救父亲的女儿</p>",
      "level": 0,
      "highlight": false,
      "children": [
        {
          "id": "e0667fe632ded84b3007955bff7d911c",
          "author": "李宗恩",
          "time": "2025年04月21日 15:23",
          "content": "<p>看診事宜，請聯絡前台，info@youngQi.com，我不在網上針對個案一一討論。</p>",
          "level": 1,
          "highlight": true,
          "children": []
        }
      ]
    },
    {
      "id": "558224591cf8b9dee2eab6c0da16bf6c",
      "author": "愿得一人心",
      "time": "2025年04月21日 05:53",
      "content": "<p>李医生你好啊，四神汤用电饭煲来煮 是否会影响其药效？？？你们一般推荐是用煤气来煮 还是电饭煲啊？</p>",
      "level": 0,
      "highlight": false,
      "children": [
        {
          "id": "3b1aa5b3f60166a9b72ae0e936ebd10e",
          "author": "李宗恩",
          "time": "2025年04月21日 15:30",
          "content": "<p>不鏽鋼鍋。</p>",
          "level": 1,
          "highlight": true,
          "children": []
        }
      ]
    },
    {
      "id": "1689acb91beb07c9d5aa73e4b36aefd3",
      "author": "圆圆",
      "time": "2025年04月21日 20:42",
      "content": "<p>李医师：<br/>\n我想请您给我介绍一位或者几位在中国大陆的中医师！因为我在中国大陆，没有办法到美国请您看诊，且您的线上问诊似乎要等一年，我们也等不起。拜托您了！</p>",
      "level": 0,
      "highlight": false,
      "children": [
        {
          "id": "606f1930d051ffeb6d513990acf49eb3",
          "author": "李宗恩",
          "time": "2025年04月22日 20:12",
          "content": "<p>恕不薦醫，除非長期與一位醫生共事，無法深入了解一位醫生的臨床功力及專長所在。</p>",
          "level": 1,
          "highlight": true,
          "children": []
        }
      ]
    },
    {
      "id": "188d2349df7eb989ba68e18c12470db2",
      "author": "pktiang",
      "time": "2025年04月24日 10:05",
      "content": "<p>李博士有空能否写一篇关于青少年过早泄精以及性生活过度等方面的文章，虽然有点难以启齿，但站在健康的角度，很多人需要普及下知识，否则总是被各种壮阳药，保健品等伤害，非常感谢~</p>",
      "level": 0,
      "highlight": false,
      "children": [
        {
          "id": "34f4e057013b6ec18982e6dd72afc1d2",
          "author": "李宗恩",
          "time": "2025年04月27日 18:50",
          "content": "<p>以前討論過相關的問題，你可以在網頁上查詢。</p>",
          "level": 1,
          "highlight": true,
          "children": [
            {
              "id": "42cd2309a05609caf604589a98d99f92",
              "author": "pktiang",
              "time": "2025年04月28日 08:35",
              "content": "<p>翻了多久没找到，有无关键字便于我去搜索，非常感谢····</p>",
              "level": 2,
              "highlight": false,
              "children": [
                {
                  "id": "124f4d1d84066a47febd7299ba33cb60",
                  "author": "送你座帆船",
                  "time": "2025年05月09日 11:05",
                  "content": "<p>用繁体搜索</p>",
                  "level": 3,
                  "highlight": false,
                  "children": []
                }
              ]
            }
          ]
        }
      ]
    },
    {
      "id": "06c4f0808580352a0caf08862b3ab0e3",
      "author": "。。。",
      "time": "2025年05月08日 08:17",
      "content": "<p>老师，怎么样才算积阴德呢？</p>",
      "level": 0,
      "highlight": false,
      "children": [
        {
          "id": "47b6ebace29f9170d53684445fd1738f",
          "author": "李宗恩",
          "time": "2025年05月08日 20:20",
          "content": "<p>提供價值給其他人，卻不期待回報。</p>",
          "level": 1,
          "highlight": true,
          "children": []
        }
      ]
    },
    {
      "id": "ebfee5f91d412690e3d41347e3f0bc81",
      "author": "划过雨天",
      "time": "2025年05月08日 08:19",
      "content": "<p>老师，怎么样才算积阴德呢？</p>",
      "level": 0,
      "highlight": false,
      "children": [
        {
          "id": "36ea3f754bd67960afba2c9c6a33b04e",
          "author": "李宗恩",
          "time": "2025年05月08日 20:22",
          "content": "<p>同樣的問題，不要問兩次。如果你能多體諒別人回答你問題需要花時間，多注意一下自己重複留言的行為，那不也是對別人的善良嗎？</p>",
          "level": 1,
          "highlight": true,
          "children": []
        }
      ]
    },
    {
      "id": "fb679ed92b5b4ed58895646f859e845e",
      "author": "划过雨天",
      "time": "2025年05月09日 12:52",
      "content": "<p>好的</p>",
      "level": 0,
      "highlight": false,
      "children": []
    },
    {
      "id": "cd7f89e90319f3a058931ef6ca936157",
      "author": "北柴胡与柴胡苗区别",
      "time": "2025年05月25日 05:29",
      "content": "<p>李医生，您好！看了您的文章及一些医案，疏肝解郁不是大部分都是用北柴胡根茎吗？我自己有些问题肝郁气滞肝克到脾，喉咙痰多类似梅核气，在看一位中医师，可是这个医师每次开的中药里都有柴胡苗，为啥不开北柴胡呢？看了倪师很多医案，大部分是北柴胡，还有半夏他为啥不开生半夏，要开法半夏，半夏我可以理解有的地方规定是没有生半夏的，可是寻方是有的啊，为啥他不开，看了快两个月了，也没多大成效，也不敢当面问他，北柴胡本应用半表半里根茎做为药材，柴胡苗就是苗效果是不是不如北柴胡啊？您怎么看呢？</p>",
      "level": 0,
      "highlight": false,
      "children": [
        {
          "id": "60b5e2a2452f94990e42502ed60d0f8d",
          "author": "李宗恩",
          "time": "2025年05月30日 15:56",
          "content": "<p>你應該問開方的中醫師，或許他有他的考量。</p>",
          "level": 1,
          "highlight": true,
          "children": []
        }
      ]
    },
    {
      "id": "085036d4da32249f4f2679e71fbf8574",
      "author": "OPPO 耳机",
      "time": "2025年06月17日 02:55",
      "content": "<p>李博士您好！<br/>\n倪老师天纪中住宅中的位置布局有助于家庭成员各司其职，和谐相处但也需要变动的， 请教一下李博士，男方结婚后一个人在外地上班，是住东边还是住西北呢 打扰了，谢谢！</p>",
      "level": 0,
      "highlight": false,
      "children": [
        {
          "id": "016d081e9a6b34f53ffea47a8fbfa947",
          "author": "李宗恩",
          "time": "2025年06月24日 16:34",
          "content": "<p>這裡不討論天紀</p>",
          "level": 1,
          "highlight": true,
          "children": []
        }
      ]
    },
    {
      "id": "180bf5e42aba15432bafbbb69111578d",
      "author": "OPPO 耳机",
      "time": "2025年06月17日 18:57",
      "content": "<p>李博士您好<br/>\n倪老师天纪中讲人各安其位，请问一下男结婚后一个人在外地，是住东边还是西北呢？非常感谢~</p>",
      "level": 0,
      "highlight": false,
      "children": [
        {
          "id": "d9431b98593314c1559e4460f2f8affe",
          "author": "李宗恩",
          "time": "2025年06月24日 16:34",
          "content": "<p>同樣問題，不要重複問。</p>",
          "level": 1,
          "highlight": true,
          "children": []
        }
      ]
    },
    {
      "id": "b6e86abfcb82e184e0943eab5e7ab00b",
      "author": "夜火燃歌",
      "time": "2025年06月25日 06:16",
      "content": "<p>最近有看到李祠涔博士关于挠场的研究报告。说的是这个世界分为实数和虚数，实数就是我们所能看到这个世界的一切，虚数则是实数的一个影象。两者相互存在，也可以相互影响，如同一阴一阳，也可以看成量子中的纠缠状态。</p>\n<p>可以通过挠场（广义相对论中扭力场，中文所说的气）进行访问虚数世界的信息，并且通过特异功能者，能开天眼的人看到虚数世界的影象，甚至可以跟那边的人进行对话。</p>\n<p>还有通过易经的卦象来借用虚数世界的能量。</p>",
      "level": 0,
      "highlight": false,
      "children": []
    }
  ],
  "timestamp": 1753176627.063137,
  "page": 2,
  "order": 7,
  "filename": "data\\page2\\page2_order7_b79e422601648da2be30c35d7db201d3.json"
}