{
  "article_url": "https://andylee.pro/wp/?p=10555",
  "title": "斷章取義的危險誤謬",
  "content": "<p>倪海廈老師的人紀中醫教學内容讓很多人驚艷與震撼，非常多對中醫有興趣的人紛紛加入學習的行列，這除了讓盜版斂財的現象極爲猖獗外，同時也產生了另一個奇特的現象：許多人把倪老師的教學視頻剪輯成一小段一小段，每段幾分鐘，自己再加上標題及注解，在各個網路管道免費和大家分享，方便大家學習。這樣看似「好心推廣中醫」的行爲，卻往往讓人斷章取義，誤導眾多的學習者及病人，導致更大的問題。</p>\n<p>譬如，網路上流傳一小段倪老師講解使用生附子治療白血病的剪輯視頻，約四分鐘左右。如果只從這段短短的視頻來看，會讓人認定倪老師告訴大家，只要聼到是白血病就非得使用生附子，而且得要使用大劑量的生附子，不然白血病是治不好的。很多病人、中醫愛好者、甚至中醫師基於對倪老師的信任及敬仰，直接把「大劑量生附子治療白血病」視爲鐵律， 以爲倪老師教導大家用這種「便秘就加大黃」的方式治病。</p>\n<p>這其實是大錯特錯，斷章取義下的危險誤謬。如果你從頭到尾深入研讀過倪老師全部的中醫教學内容，你會知道倪老師許多「直截了當」的字句，只是他生動有趣的講話方式，在上述的視頻中，他真正的意思是該用生附子時就得用，但所有臨床看診依然是辨證論治，而非聽到 「白血病」之類的西醫病名就得使用生附子。如果你長期在倪老師身邊跟診過，你會知道大多數的白血病治療中，倪老師並沒有使用生附子，同時也會知道倪老師使用生附子時，劑量很少會超過一天九克，依賴大劑量的生附子或炮附子，只代表你已經搞錯方向了。如果你真的學習到倪老師中醫教學的精髓，你會知道雖然倪老師喜歡把事情簡化來教導學生，他臨床卓越的療效來自對中醫生理病理的深入理解，從看似雜亂無章的一堆症狀反推病人身體内部的癥結所在，遠遠不是像他常常用半開玩笑的方式說的那麽簡單，單憑幾個症狀就連到什麽方劑、什麽藥材！</p>\n<p>最近有位白血病病人找我求救。她之前到中國一家號稱以人工智能軟件看診的中醫診所看診，聼到她去年被西醫診斷為白血病，在根本不對證的情況下，直接開大量的生附子給病人，而且一次比一次加大劑量，一天開到生附子50克再加蒸附子50克，導致病人全身非常難受。而連續服用大量的附子更導致了病人白血病復發，白血球數量從正常值(4~10)×10^9/L狂飆十多倍，超過了140×10^9/L！ </p>\n<p>斷章取義、不甚理解下，連很多倪老師的學生都只學到形而沒學到神，更何況那些從一段段簡短視頻來學習的大眾？做學問要扎實、要深入，臨床救人的事情更是如此。</p>\n<p></p>",
  "article_time": "2021年08月12日 12:49",
  "comments": [
    {
      "id": "198e797c623576fdc30c10be8abe8925",
      "author": "古中医爱好者",
      "time": "2021年08月12日 16:06",
      "content": "<p>李醫師，大陸中醫之亂象比比皆是，那些學習的人也如同病人，找個救命稻草，一付神藥就把病治好了，哪裡有在系統的認真學習，無非在推銷盜版的書籍而已。更好玩的，痛經也分原發性和繼發性。這樣的中醫比西醫更差勁。也是無語了。</p>",
      "level": 0,
      "highlight": false,
      "children": [
        {
          "id": "36900839056b7699f658ce5dcaafed52",
          "author": "李宗恩",
          "time": "2021年08月14日 11:40",
          "content": "<p>這些亂象讓大眾對中醫失去信心，中醫的衰敗不是來自西醫的打壓，而是這些亂象，以及只想當鄉愿、對亂象沈默不語的人們。</p>",
          "level": 1,
          "highlight": true,
          "children": [
            {
              "id": "ebbc831b13570bf12f3be813e1a225d1",
              "author": "轩妈",
              "time": "2021年08月15日 19:25",
              "content": "<p>李医师，我的孩子从2岁10个月开始寻求治疗，目前4月8个月了，多位医师也没解决我儿的问题。孩子脾气暴躁，稍不留意便导致他骂人、打人、摔东西、打自己、撞头，鸡蛋过敏、面粉过敏，入睡困难，尿床。多位中医辨证为肝旺脾虚，但用药后孩子问题依然，请问我怎样能得到您的帮助呢？</p>",
              "level": 2,
              "highlight": false,
              "children": [
                {
                  "id": "53f5a5a4e34d49d4901a077df1b2036e",
                  "author": "李宗恩",
                  "time": "2021年08月16日 15:27",
                  "content": "<p>如果有醫療需要，請聯絡診所:info@youngQi.com</p>",
                  "level": 3,
                  "highlight": true,
                  "children": [
                    {
                      "id": "d97aa1ef9c973183e5507dec24ad9e32",
                      "author": "轩妈",
                      "time": "2021年08月18日 17:01",
                      "content": "<p>好的，谢谢您！</p>",
                      "level": 4,
                      "highlight": false,
                      "children": []
                    }
                  ]
                }
              ]
            }
          ]
        }
      ]
    },
    {
      "id": "72b54995c27310e29a3613ac8405e765",
      "author": "ieitZYB",
      "time": "2021年08月12日 17:17",
      "content": "<p>人工智能軟件看診的中醫診所，<br/>\n感觉<br/>\n是深圳<br/>\n某诊所</p>",
      "level": 0,
      "highlight": false,
      "children": [
        {
          "id": "8ab5c60f5635fcf7ff73c2d59dc851a2",
          "author": "傳承",
          "time": "2021年08月15日 21:49",
          "content": "<p>不用感覺，就是，掛號費50</p>",
          "level": 1,
          "highlight": false,
          "children": []
        },
        {
          "id": "8997d508d8b019ac4a554c9113f9f2c0",
          "author": "中醫愛好者",
          "time": "2021年08月22日 12:52",
          "content": "<p>據我所知，他也是倪師弟子….</p>",
          "level": 1,
          "highlight": false,
          "children": []
        }
      ]
    },
    {
      "id": "106657f09b61a2080997f1533c46fd07",
      "author": "文凯",
      "time": "2021年08月12日 18:53",
      "content": "<p>我天天学习倪师的资料6-7年了，虽然也是内地盗版资料，但视频书籍都是一遍又一遍的研读，心里有底后才敢下手</p>",
      "level": 0,
      "highlight": false,
      "children": []
    },
    {
      "id": "8eae5fe23d49100da8cd75951068544f",
      "author": "文凯",
      "time": "2021年08月12日 19:12",
      "content": "<p>针灸自己琢磨，每天十多个病人的验证，感觉有倪师的7/8分火候了。中药还感觉差很多，苦无前任带领，有很多问题都无法解决</p>",
      "level": 0,
      "highlight": false,
      "children": []
    },
    {
      "id": "04e216f2acccbef25ed28de361f5b414",
      "author": "木拓",
      "time": "2021年08月12日 22:43",
      "content": "<p>感觉中医的精髓就在临床跟诊，像倪师这样愿意无私分享自己经验的人太少，大家又怎么能不把他的话视为准则呢。</p>",
      "level": 0,
      "highlight": false,
      "children": [
        {
          "id": "ef875f1ae02ebab1c3e7e157a6cd5589",
          "author": "李宗恩",
          "time": "2021年08月14日 11:43",
          "content": "<p>半知半解是最危險的，自以為學會了，到處亂看診、亂教學生，不但害人，也嚴重損害倪老師的名聲。</p>",
          "level": 1,
          "highlight": true,
          "children": []
        }
      ]
    },
    {
      "id": "efbbe8e94ed8d6acb2c994d1341258c3",
      "author": "Gary",
      "time": "2021年08月13日 11:48",
      "content": "<p>某診所離我很近，我也一直有關注他們的一些咨詢，看了宗恩老師的博客之後才對這些所謂的高手有一個清晰的判斷，如果科學的專業背景只是用來賣弄，而無法在文字和論述中表明邏輯，真假立判。宗恩老師有時間一定要多寫博客，就算是幾年前那種流水賬看著也很治愈，哈哈，祝好。</p>",
      "level": 0,
      "highlight": false,
      "children": []
    },
    {
      "id": "757f69d152f21be05d58851c6e529bf3",
      "author": "水",
      "time": "2021年08月14日 01:35",
      "content": "<p>“如果你從頭到尾深入研讀過倪老師全部的中醫教學内容，你會知道倪老師許多「直截了當」的字句，只是他生動有趣的講話方式“。。。这句话终于解开了我心中许久的迷惑。这也是为什么有人说，倪师在视频内讲的有些东西直接拿过去用，复制率低，并没有那么好的疗效。然后因此有些人甚至会说倪师是骗子。比如视频内倪师说静脉曲张用芍药甘草附子汤就能好，有些人这样做，根本没效果。。。终究是我们初学者还是将治病想的太单纯，然后就完全相信了倪师视频内直接了当的说法。而不去想着治病需要 辨证论治。我想倪师在课堂上用那种 直接了当 的上课方式是有其特殊意义的。</p>",
      "level": 0,
      "highlight": false,
      "children": []
    },
    {
      "id": "a6bb49f2d41427ae58ce3dc03627779d",
      "author": "carey",
      "time": "2021年08月15日 12:57",
      "content": "<p>唉……我们用的生附子达到80g，熟附子160g，其他药的剂量也大的惊人，然而身体越来越差……真的很心痛，很自责</p>",
      "level": 0,
      "highlight": false,
      "children": [
        {
          "id": "eca1386f7cfa54efbb4b7bdcba1ebdce",
          "author": "李宗恩",
          "time": "2021年08月16日 15:26",
          "content": "<p>哪家中醫診所開到生附子80克熟附子160克？這問題很大！</p>",
          "level": 1,
          "highlight": true,
          "children": []
        }
      ]
    },
    {
      "id": "1caff2c623b95d64625c9f7cd6526e7e",
      "author": "Vincent.Do",
      "time": "2021年08月15日 05:35",
      "content": "<p>断章取意确实是很危险的，讓我想起了关于細辛不过钱的问题，都是不弄清上下文、断章取意，甚至故意为之，祸害N久，實在是讓人痛心。</p>",
      "level": 0,
      "highlight": false,
      "children": []
    },
    {
      "id": "6a4b720a2837dbcae5cfc4d9498915fe",
      "author": "carey",
      "time": "2021年08月16日 17:39",
      "content": "<p>宗恩老师您好，我就是8月5日 4：00pm看诊的，虽说去年父亲被查出肺癌，但当时整个人都好好的，精神胃口睡眠都不错，后来看了经方中医几个月后身体越来越差，药量也就越来越大，父亲从一开始的信心满满到后面看到中药就害怕，可我这个不孝女还逼着他喝厚腻浓稠的中药，因为我想爸爸能有质量的延长生命，他说过这个世界很美好……</p>",
      "level": 0,
      "highlight": false,
      "children": [
        {
          "id": "4c5df65f539177111c2f886f55fe5609",
          "author": "李宗恩",
          "time": "2021年08月25日 13:30",
          "content": "<p>你父親之前的治療確實有問題，一付藥有60幾味中藥材，這不是所謂的經方派，也不是所謂的溫病派。</p>",
          "level": 1,
          "highlight": true,
          "children": []
        }
      ]
    },
    {
      "id": "447470adb67be049f6f48caa16f3425e",
      "author": "中医爱好者",
      "time": "2021年08月17日 02:50",
      "content": "<p>期待李医师能写一部关于中医生理病理的书，造福全人类。</p>",
      "level": 0,
      "highlight": false,
      "children": [
        {
          "id": "32a3248b615f128daf093039afb1ec0c",
          "author": "李宗恩",
          "time": "2021年08月25日 13:31",
          "content": "<p>中醫經典古籍已經解釋很清楚，可以做的是把内容重新整理，讓現代人比較容易學習。</p>",
          "level": 1,
          "highlight": true,
          "children": []
        }
      ]
    },
    {
      "id": "491027540aac324dd85d96fa6372f220",
      "author": "小芳",
      "time": "2021年08月21日 02:51",
      "content": "<p>李博士您好,请问怎么可以买到正版倪先生DVD光盘呢?之前我看的网络课件,后来得知倪先生不喜学生盗版,而我们的确也买不到正版课件.同时感谢网络课件,让我认识了倪海厦先生.与此同时,我想买1份正版课件留存,谢谢.</p>",
      "level": 0,
      "highlight": false,
      "children": [
        {
          "id": "ddcfe710f35ab1aee8b3b2d28b3f0cd3",
          "author": "李宗恩",
          "time": "2021年08月25日 13:35",
          "content": "<p>請聯絡臺北漢唐中醫診所。</p>",
          "level": 1,
          "highlight": true,
          "children": []
        }
      ]
    },
    {
      "id": "d14d60ad204b8fff201b219e29b1a523",
      "author": "罗",
      "time": "2021年08月22日 04:54",
      "content": "<p>李老师好，请问可以跟您学习中医吗?拜先生为师，学习中医，传承中医</p>",
      "level": 0,
      "highlight": false,
      "children": [
        {
          "id": "6b6174cf0a5aa7d2214b950773506b60",
          "author": "李宗恩",
          "time": "2021年08月25日 13:36",
          "content": "<p>目前仍未正式開展教學工作。</p>",
          "level": 1,
          "highlight": true,
          "children": []
        }
      ]
    },
    {
      "id": "a8dc11307094f6285e85396f297ca018",
      "author": "中醫愛好者",
      "time": "2021年08月22日 12:50",
      "content": "<p>是的,這件事我深有體會,如果沒有把中醫的生理學病理學給學的透徹,真的不了解的話,單純什麼病就對什麼方,和什麼病就用什麼藥去治療，是會出問題的，當然也沒有療效，光是一個攻下，不是幾個承氣湯就可以解決，你還要考慮到對方的血夠不夠，身體會不會很虛弱，或者有沒有表症，或者腸子裡面的濕氣過多等等，不可輕易攻下，否則失治。</p>",
      "level": 0,
      "highlight": false,
      "children": []
    },
    {
      "id": "1014f10ef42732e81cc9106925fe7d54",
      "author": "深圳王先生",
      "time": "2021年09月12日 03:32",
      "content": "<p>李老师好！我也十分想拜你为师，学习中医。我在深圳，真想你能在大陆办一次真正的中医教学工作。从你的“病例讨论”获益良多,心中十分感恩！也十分怀念倪师！</p>",
      "level": 0,
      "highlight": false,
      "children": [
        {
          "id": "148e62c5e76c015636b3f42a2f040c22",
          "author": "李宗恩",
          "time": "2021年09月20日 21:19",
          "content": "<p>謝謝你的留言，你可以從研讀網頁及書的內容開始學習。</p>",
          "level": 1,
          "highlight": true,
          "children": []
        }
      ]
    },
    {
      "id": "6b21ab2b2cf544c830e2e7621a42bc8c",
      "author": "禪坐的太陽",
      "time": "2022年10月31日 06:20",
      "content": "<p>完全贊同李醫師！引一句倪師常用的話：這些人沒有一丁點Common Sense！</p>",
      "level": 0,
      "highlight": false,
      "children": []
    }
  ],
  "page": 13,
  "order": 7,
  "filename": "data\\page13\\page13_order6_8ab5c60f5635fcf7ff73c2d59dc851a2.json"
}