{
  "article_url": "https://andylee.pro/wp/?p=10636",
  "title": "嚴重失眠、恐懼、焦慮",
  "content": "<p>昨天寫那個奇特的少女病例時，提到了甘麥大棗湯和酸棗仁湯的組合加減，讓我想到了最近另一個病例。病人為40歲的女士，住在新加坡。病人六年前生老二，沒有好好坐月子，同時得照顧小孩，因而沒有好好休息、好好睡覺。隔年開始有幽閉恐懼症，不敢坐飛機。之後，驚嚇及恐懼的現象不斷加重，連看新聞都會心情大幅波動，感覺無法呼吸。嚴重失眠，晚上八九點上床，無法入睡，晚上十點多時會氣特別不順，一直到清晨三四點時，才勉强能睡一兩個小時。常常氣短、心慌、頭暈、打嗝、氣漲、胸悶、有窒息感，也常常感到心煩，對任何聲音都感到很厭煩。 依照病人的陳述，她很害怕下雨打雷，害怕一個人在家，但也害怕人多的地方，狹窄的空間讓她很恐懼，無法開車送小孩子上學，開車遇到塞車或紅燈停下來，會很想立即棄車逃離，心跳加速、呼吸困難、快要暈倒、雙脚發抖等等，那種恐懼的情緒幾天都不能平復。</p>\n<p>病人告訴我，從去年開始，覺得人生就已經結束了，恐懼感像海水一樣，自己就是溺水的人，感覺失去控制，幾乎要發瘋了，連小孩子都問：「媽媽你生病很久了，你幾時會好起來」。白天先生小孩上班上學後，常常躲在床上，不願意見到人，也不願意和其他人有什麽互動。</p>\n<p>今年七月下旬初診開的藥方為：浮小麥、紅棗、炙甘草、遠志、炒酸棗仁、川芎、知母、茯苓、白朮、百合、生地、柴胡、龍骨、牡蠣 、炙黃耆、黨參。藥方和昨天討論的病例很像，只有少許的加減及劑量上的調整。病人服藥期間，來函了好幾次，看得出來病人十分恐懼、緊張，我們一直安慰她，不斷告訴她會逐漸改善，不要心急害怕。中間有幾天病人情緒很差，完全無法睡眠，暫時改用黃連阿膠湯三四天，病人情況穩定些後，改回原來藥方。</p>\n<p>九月初復診，病人情況改善很多，本來一天會湧現恐懼感好幾次，現在幾天才出現一次。睡眠改善一些，半夜十二點左右可以入睡，睡的不深，會醒來兩三次，但可以再入睡，直到早上六點多起床。病人表示氣短、頭暈、易驚、打嗝、氣漲、怕風、窒息感、胸悶、心慌、心煩惡聲等症狀都有明顯改善。最重要的是，病人開始主動和人來往，比較願意參與活動、與人互動，不再像以前只想想躲在床上，什麽事情都不想做。</p>\n<p>這個病人仍在繼續治療中，但她目前的進度比我預測的快許多。一開始的想法是以甘麥大棗湯和酸棗仁湯的組合加減來測試病人的反應及受藥程度，並不期待有多大的改善，看到這樣的大幅改善，病人和我都挺高興的，也再度贊嘆中醫經典的智慧，這麽簡單的中藥組合，使用得當時，竟然可以快速改善許多讓病人幾乎要放棄人生的病症！</p>",
  "article_time": "2021年09月14日 15:55",
  "comments": [
    {
      "id": "9acdd41806c3246e2050f417d33726ff",
      "author": "ET",
      "time": "2021年09月15日 09:02",
      "content": "<p>前一个少女医案，中气大虚，用甘麦大枣汤加炙黄芪补脾气，桂圆肉补脾阴确实很对证。这一个医案，个人觉得很符合柴胡龙骨牡蛎汤条文里的”胸满惊烦，…谵语，一身尽重，不可转侧者”,可能是药方里的半个柴胡龙骨牡蛎汤的作用更大。况且病人从十点多气不顺到三点，横跨手足少阳经到足厥阴经，又有气病（三焦经）和胆小、怕（胆经）的症状。当然，很多时候要几个方合用才看到效果。<br/>\n其实这种产后虚，很多女性都有，只是程度上的不同而已，谢谢你写下这医案。</p>",
      "level": 0,
      "highlight": false,
      "children": [
        {
          "id": "755a804f2906a248b2188be34e58b002",
          "author": "李宗恩",
          "time": "2021年09月20日 21:26",
          "content": "<p>你的猜想有些道理，不過，在這個病例上仍不完整，柴胡龍骨牡蠣並非治療的主力。</p>",
          "level": 1,
          "highlight": true,
          "children": [
            {
              "id": "d2fd71858ad5e8b84d6e6c8768992e0e",
              "author": "欧阳",
              "time": "2023年10月07日 11:20",
              "content": "<p>您好，一般来说情绪如此不稳定的女性月经方面也会有很大问题。对于肝血虚，心阳不足的女性来说月经延期很常见。但我遇到得问题是从来没感受过月经前涨奶的女性月经延期。我疑惑的点是，是否正常身体健康的女性来月经前是否都该有涨奶的感觉。</p>",
              "level": 2,
              "highlight": false,
              "children": [
                {
                  "id": "3acb5cf537f4618f8e70f4f3ff30e8ff",
                  "author": "李宗恩",
                  "time": "2023年10月16日 12:59",
                  "content": "<p>一般的乳漲是正常現象。</p>",
                  "level": 3,
                  "highlight": true,
                  "children": []
                }
              ]
            }
          ]
        }
      ]
    },
    {
      "id": "49cc027df775132a346bd62ba5fe770d",
      "author": "ET",
      "time": "2021年09月15日 18:58",
      "content": "<p>十多年前内人生下第三胎的几个月后也患上类似的产后忧郁症，忧郁、紧张、怕、不敢开车。当时也带她看了西医吃西药。后来她自己停药后也自愈了。偶然机遇下吃了逍遥散，她自己形容心情开朗轻松、经期不发脾气、也很顺，比起吃西药时整个人对任何事都漠不关心的好太多了。<br/>\n个人事后检讨，虽然有照传统坐月子，但是这是远远不够的。现代女性为了孩子都愿意给孩子哺乳，但是如果没有在饮食和睡眠上补回的话，就会亏空了自己的血。长久下来肝血不足，各种问题就出现了。哺乳的时候又不肯吃中药，怕影响孩子，所以更加要在饮食和睡眠上下功夫。<br/>\n本地的老中医会要很虚的病人多炖鸡精来喝。一只鸡炖出一碗精华来喝下去，好吸收。</p>",
      "level": 0,
      "highlight": false,
      "children": []
    },
    {
      "id": "989121ead19ecda4dc8e0d99d39b481e",
      "author": "文凯",
      "time": "2021年09月16日 20:33",
      "content": "<p>向您请教一个问题。今年六月份来了一位患者，颈部小手术后，面部中风，我用针灸结合中药治好了，一直挺好。前十天介绍了一另位患者来，也是做过同部位手术，现在表现的是，一说话左眼就睁不开，扯动，面部其它症状尚好。检查：身体一直有怕冷，睡眠3点多到四点会醒来，胸椎345压痛，胸前好，没有咳嗽气喘，大便术后3.5天一次，成型。小便次数稍多，夜尿两次。眼诊肾部反映还好，肺区有点点黄的东西。有点点渴，喜温水。针灸后大便和睡眠都有改善，每天一次，睡眠好很多，但还是会有醒来。左眼部的问题恢复很差，我开了当归四逆汤加葛根，白术，茯苓等五剂。不见效，（细辛只开得出3g）。后面改防己茯苓汤加减，还是不行。向您请教治病思路</p>",
      "level": 0,
      "highlight": false,
      "children": [
        {
          "id": "fe035903ff5c76ccc33a14a4425b68e6",
          "author": "李宗恩",
          "time": "2021年09月20日 21:29",
          "content": "<p>你的陳述很可能隱藏了你的盲點，也就是說你的陳述只包括你看到的症狀，而你沒有看到的症狀，可能正是你治療效果不佳的原因，因此單憑你的陳述來討論病例，很可能只是原地打轉。</p>",
          "level": 1,
          "highlight": true,
          "children": [
            {
              "id": "551ab8c19660ad28b87284f59af8bd26",
              "author": "文凯",
              "time": "2021年09月22日 12:56",
              "content": "<p>感谢指点。确实，没有看到病人，单从我的陈述，不好判断。最近来了好几位脸部跳动的病人，感觉没什么思路</p>",
              "level": 2,
              "highlight": false,
              "children": []
            }
          ]
        }
      ]
    },
    {
      "id": "8ad6f02dd92b4d09ca4d8b53b816851d",
      "author": "秦嗷嗷",
      "time": "2021年09月22日 03:16",
      "content": "<p>李医师，我有个疑问，想得到您的回答吖，很少看到有人针神阙，教科书上好像也说禁针，但医院的腹腔镜手术有从肚脐切口然后伸探针进去，我想知道这样子对病人的以后有什么影响么？</p>",
      "level": 0,
      "highlight": false,
      "children": [
        {
          "id": "6cc290afb7ab433cdb2ff838856b8c99",
          "author": "李宗恩",
          "time": "2021年09月22日 18:23",
          "content": "<p>古時候消毒不好，肚臍往往藏污納垢、洗不乾淨，下神闕很容易導致感染，而現代西醫手術謹慎許多。然而，臍帶原本連結胎兒的生命，一般認為病氣如果從神闕進入，容易直達深處，非必要不要亂動。</p>",
          "level": 1,
          "highlight": true,
          "children": [
            {
              "id": "8816af96704853e5e033d14e82d24c55",
              "author": "秦嗷嗷",
              "time": "2021年09月23日 09:01",
              "content": "<p>知道啦！谢谢李医师！</p>",
              "level": 2,
              "highlight": false,
              "children": []
            }
          ]
        }
      ]
    },
    {
      "id": "af543436f3a392ff5851714792eb994a",
      "author": "文凯",
      "time": "2021年09月24日 20:00",
      "content": "<p>请教李博士，安眠五穴，人纪中并没有讲是哪五穴。我常用到神门，复溜，心俞，安眠穴，三阴交，还有灸三毛，时辰发病的俞穴治疗。用这些效果确实很好，只是想问倪师讲的安眠五穴，是否还有别的穴位</p>",
      "level": 0,
      "highlight": false,
      "children": [
        {
          "id": "1e8bc36f084a3accd124583c246254ef",
          "author": "李宗恩",
          "time": "2021年10月02日 19:48",
          "content": "<p>倪老師沒有特意提及所謂的安眠五穴，雖然有些穴位有助眠的功能，真正治療睡眠問題，還是得了解其中的原因，不是聽到睡眠不好，就下哪幾個穴位。</p>",
          "level": 1,
          "highlight": true,
          "children": []
        }
      ]
    },
    {
      "id": "68e1fd89fef99b67c75254b5d846afa2",
      "author": "罗女士",
      "time": "2021年09月25日 18:25",
      "content": "<p>李医师，冒昧打扰您了，很不好意思，您这边有没有倪师学生开业名单表，我想找个好中医师看诊，感谢您</p>",
      "level": 0,
      "highlight": false,
      "children": [
        {
          "id": "93b7e8b503a82d264efe8b757835b3cd",
          "author": "文凯",
          "time": "2021年09月27日 19:49",
          "content": "<p><a href=\"http://hantang.health，这个里面有名单\" rel=\"nofollow ugc\">http://hantang.health，这个里面有名单</a></p>",
          "level": 1,
          "highlight": false,
          "children": [
            {
              "id": "2353f35c98893fb9cf2e63fe6d9dcca1",
              "author": "罗女士",
              "time": "2021年09月28日 17:42",
              "content": "<p>这个名单好少啊，只有几个人，而且都是通许的，上海有没有？</p>",
              "level": 2,
              "highlight": false,
              "children": []
            }
          ]
        },
        {
          "id": "8618f4498e7c67e93d9df22e8c77ddc2",
          "author": "李宗恩",
          "time": "2021年10月02日 19:50",
          "content": "<p>所謂倪老師的學生，定義非常廣泛，也不代表臨床看診功力，你得深入了解一位中醫師的臨床療效，不是聽到中醫師自稱是倪老師學生，就認為有足夠的水平。</p>",
          "level": 1,
          "highlight": true,
          "children": [
            {
              "id": "6929edc19932917f3e8781d964c40ec2",
              "author": "罗女士",
              "time": "2021年10月07日 22:27",
              "content": "<p>嗯，李医师说的有道理。谁能给推荐下上海地区功力比较好的中医师，家里有脑瘤病人，爱感冒，晚上整宿睡不着觉，每天早晨都会有明显的腰痛，白天会忽然一下子没有力气，平均每天会有两次，晚上睡觉还特别爱放屁，很着急，中西医都看过了，西医是建议住院开刀，中医是保守治疗，但是吃了好久中药了，都没什么效果，也不知道哪个医师好哪个医师不好，求推荐啊,在线等</p>",
              "level": 2,
              "highlight": false,
              "children": [
                {
                  "id": "457096f81eed87d9fd84b2353ffbb68e",
                  "author": "ET",
                  "time": "2021年10月08日 16:43",
                  "content": "<p>就算有人在这里推荐，你也不知道好不好啊。我建议您赶紧联系诊所让李医师远程治疗吧（要排好久的）。毕竟倪师对脑瘤有他的一套看法和治疗法，别的医师可能办不到。诊所的联系可以点击网页最上方的链接。</p>",
                  "level": 3,
                  "highlight": false,
                  "children": []
                }
              ]
            }
          ]
        }
      ]
    },
    {
      "id": "f606994c1cc562acd7950e7e700db964",
      "author": "秦嗷嗷",
      "time": "2021年09月27日 02:03",
      "content": "<p>李医师您好！有两个问题想请问您，第一，绝经期后的妇女或者没有生育要求的妇女切掉子宫会有什么变化么？第二，妊娠纹一开始可以预防么？或者生下孩子后有办法消掉么？如果可以，是不是越及时越好？几年之后是不是就消不掉了？</p>",
      "level": 0,
      "highlight": false,
      "children": [
        {
          "id": "d9cfa34f8195a2504b24a9e83c1f2c4c",
          "author": "文凯",
          "time": "2021年09月27日 20:36",
          "content": "<p>我给点个人意见，如无必要，不要切除身体的任何部位，人体的循环构成回路，切哪里都会影响整体的运行，导致堵塞，然后随时间问题加大。如能找到好的中医师治疗最好，手术是最后的选择。妊辰纹在产后的刚开始，最容易处理，如生化汤，小柴胡汤等，但最好是找中医根据症状开药。也可以推腹，顺产隔天就可以推，破腹产等伤口不痛了推。由上级下，由两边到中间…</p>",
          "level": 1,
          "highlight": false,
          "children": [
            {
              "id": "f065efc394f00192831aa33978b4d385",
              "author": "秦嗷嗷",
              "time": "2021年10月03日 08:40",
              "content": "<p>好的！谢谢您！</p>",
              "level": 2,
              "highlight": false,
              "children": []
            }
          ]
        }
      ]
    },
    {
      "id": "a0cb9233308f5ef68d7eeb4045005413",
      "author": "有机刘",
      "time": "2021年10月18日 01:26",
      "content": "<p>您之前取的穴位是哪些呢？<br/>\n也许可以尝试从少阳和太阳论治</p>",
      "level": 0,
      "highlight": false,
      "children": []
    },
    {
      "id": "94dfb3df1afa1b629732e44fdb08a03e",
      "author": "大姐大",
      "time": "2022年10月26日 05:58",
      "content": "<p>李医生：<br/>\n   您好！<br/>\n   我想问一下精神分裂症能用中药彻底治愈吗？病人发病三年左右，主要是妄想症状，现在服西药基本正常，偶尔会有点波动，期待您的回复，谢谢！</p>",
      "level": 0,
      "highlight": false,
      "children": [
        {
          "id": "81cc8718a124ec7689cea8791d7e526d",
          "author": "李宗恩",
          "time": "2022年10月26日 19:09",
          "content": "<p>每個個案不一樣，無法一概而論，但通常中醫治療效果不錯。</p>",
          "level": 1,
          "highlight": true,
          "children": []
        }
      ]
    },
    {
      "id": "d58f4af1cf9e098513ec23e41a523073",
      "author": "张家",
      "time": "2023年07月08日 03:12",
      "content": "<p>李医生：<br/>\n    您好！<br/>\n   请问怎样可以联系您远程看诊呢？<br/>\n   母亲在48岁的时候曾患更年期抑郁症，在陪伴和吃西药后好转<br/>\n   今年54岁，开始因为经年的腰痛，去按摩后觉得胸痛，于是开始自我怀疑有疾病，每天失眠，且都觉得自己有新的毛病，情绪异常低落对外界说法非常敏感，似有抑郁加重倾向</p>",
      "level": 0,
      "highlight": false,
      "children": [
        {
          "id": "29111b821ce6eaf0d9b1f1dedf7d7fbb",
          "author": "李宗恩",
          "time": "2023年07月09日 22:00",
          "content": "<p>請聯絡診所info@youngQi.com，遠程看診得等候大半年。</p>",
          "level": 1,
          "highlight": true,
          "children": []
        }
      ]
    },
    {
      "id": "ba8b28d9bde4b3b34d548c780b2b2787",
      "author": "sclin",
      "time": "2023年09月02日 03:03",
      "content": "<p>李博士，我想问一下你们临床上常用疗效好的柴胡是那种柴胡呢？市面上有茎叶类的：竹叶柴胡,根部类：南柴胡,北柴胡等等几十种可否有疗效好的品种推荐一下感谢</p>",
      "level": 0,
      "highlight": false,
      "children": [
        {
          "id": "77cc20cccb0e0f3367156204c6bd44c7",
          "author": "李宗恩",
          "time": "2023年09月03日 16:37",
          "content": "<p>這得看你為什麼使用柴胡，譬如小柴胡湯大多使用北柴胡。</p>",
          "level": 1,
          "highlight": true,
          "children": [
            {
              "id": "e89fb29900519631e70337fe1dcf75e3",
              "author": "sclin",
              "time": "2023年09月03日 19:13",
              "content": "<p>平常入肝胆区，清肝疏肝气解肝毒，胆结石以及四逆散，大柴胡汤也有在用。</p>",
              "level": 2,
              "highlight": false,
              "children": []
            }
          ]
        }
      ]
    },
    {
      "id": "43a1e2427929655867d591055d300f67",
      "author": "笑盈盈",
      "time": "2024年08月18日 03:45",
      "content": "<p>李医生、 吃了抗抑郁药后， 没有情感、现在是情感淡漠、来信就是想问一下吃过西药后、能否治疗， 如果可以愿意去美国</p>",
      "level": 0,
      "highlight": false,
      "children": [
        {
          "id": "6370a7c3dd0532357e93a465bf3fcc88",
          "author": "李宗恩",
          "time": "2024年08月18日 12:49",
          "content": "<p>中醫可以幫助憂鬱症。</p>",
          "level": 1,
          "highlight": true,
          "children": [
            {
              "id": "00df4ebe3aeaf860803055b8ea427553",
              "author": "笑盈盈",
              "time": "2024年08月18日 18:31",
              "content": "<p>我在这边治疗了8个月，每周3次针灸， 一点变化都没有， 没有饥饿感，吃不下饭， 爆瘦</p>",
              "level": 2,
              "highlight": false,
              "children": []
            }
          ]
        }
      ]
    }
  ],
  "page": 13,
  "order": 3,
  "filename": "data\\page13\\page13_order2_d2fd71858ad5e8b84d6e6c8768992e0e.json"
}