{
  "article_url": "https://andylee.pro/wp/?p=11758",
  "title": "奧地利來的病人",
  "content": "<p>幾位奧地利(Austria)白人來診所看診，領頭的是一位六十歲的男士， 賭場老闆，帶著年輕的妻子及兩位朋友，特意從歐洲飛到加州來看診，順便到拉斯維加斯賭城考察考察。</p>\n<p>歐洲有著古老的歷史，許多歐洲人對草藥並不陌生或排斥，不少販賣西藥的藥店會兼賣一些草藥產品。這位賭場老闆的談吐彰顯著事業有成、財力雄厚的架勢，卻長年胃不適、反酸噁心、精神不佳等等，讓他非常困擾，奧地利西醫多年都沒有治療好，轉找當地的中醫師看診，在當地中醫師推薦下，決定「領團」來治療多年的頑疾。</p>\n<p>其實，這位病人的問題並不奇特，典型的肝膽影響到脾胃，只是前面的醫生把注意力集中在脾胃上，忽略了病人肝膽的問題。然而，我們卻碰到了難題，這位奧地利白人沒有服用過中藥湯劑，而清肝膽的中藥特別難吃，我還真不知道該不該逼他服用那麽難吃的湯藥。另一方面，我們之前討論過，不同人種對中藥的反應不一樣，中美洲來的拉丁裔通常反應快，西伯利亞來的俄國人通常反應特別慢，這位奧地利白人自述可能有些俄國血緣，似乎比較偏向後者。那麽，如果給他太輕的中藥方劑，很可能讓他白跑一趟，對不起病人花那麽多錢及時間飛來看診。</p>\n<p>我試著解釋給病人聼，沒想到這位賭場老闆很有毅力，他表示既然來看診了，再難吃的中藥、再受罪的治療他都願意接受。同時，他飛去拉斯維加斯幾天後就得返回奧地利，無法很快回診，希望我直接給他一個月的中藥，他承諾無論中藥湯劑多難吃、身體反應多麽劇烈，他都會按照診所要求把藥全部服用完。</p>\n<p>好吧，既然病人如此有誠意，我按照我的想法，不考慮難吃與否，幫他開了清肝膽的藥方：柴胡、玉金、黃芩、龍膽草、炙鱉甲、茜草、五倍子、海金沙、鷄内金、金錢草、金鈴子、炙黃耆、白芍、厚朴、枳實等等，一方面我想看看他對中藥反應的快慢，另一方面我也想看看他是不是真的好漢，説到做到。</p>\n<p>一個多月過去了，病人上周遠程回診，微信視頻一接通，就看到這位賭場老闆好端端、臉色紅潤地坐在鏡頭前。病人完全沒有抱怨中藥有多難吃，反而直接告訴我，胃痛反酸噁心都好了，精神體力大增，甚至連靜脈曲張都消了，他感覺他的身體好很多。這讓我挺驚訝的，我沒有預期這樣的奧地利白人對中藥的反應如此順暢。我告訴病人，既然所有症狀都改善許多，可以停藥休息。病人不願意停中藥，堅持要我再給他中藥服用，希望診所寄一個月的中藥到<meta charset=\"utf-8\"/>奧地利，讓他的健康更加進步，也讓他的體能年輕十歲。他還特意告訴我，他非常有聽從醫囑，以前每天喝六七杯咖啡，怎麽也不肯減少，上次看診時我要他少喝咖啡，他一回到奧地利馬上減少咖啡，幾天才喝一杯。 這位病人的毅力與配合度，可以讓許多華裔病人感到汗顏。</p>\n<p>醫生像是運動教練，病人像是參加比賽的運動員。<meta charset=\"utf-8\"/>醫生可以告訴病人如何改善健康，就像教練告訴運動員如何進步，但真正需要努力的是<meta charset=\"utf-8\"/>運動員本身，如果病人嫌藥太難吃、抱怨煮藥太麻煩、每天玩手機幾個小時、半夜不睡覺、亂吃亂喝等等，那就像運動員自以為是，不聽教練的教導，也不願意花時間精力來訓練，上場比賽又怎麼能贏呢？</p>\n<p>幾年前有一位家財萬貫的大老闆，咖啡不離手、每天抽一兩包煙、常常半夜應酬喝酒到兩三點等等。他卻對我說，那些都是人生的樂趣，不能放棄，而無論病人有再多不肯改變的壞習慣，厲害的醫生就是應該能把奇奇怪怪的病都治好。真是如此嗎？兩三年沒看到這位病人了，前一陣子他突然聯絡我，說他胸腹部主動脈上長了一個很大腫瘤，幾乎要了他的命，在上海來不及找我看診，就被送進醫院緊急手術。手術後人衰老了十幾歲，被西醫嚴正警告不能再打高爾夫球，更不用說非得戒掉各種壞習慣，否則下次就不是送進醫院了。我本來想說「早告訴你了」，話還沒出口就收了回去，我只苦笑了一下，祝他好運。畢竟，我不認為這位<meta charset=\"utf-8\"/>大老闆學乖了，等幾天身體穩定的日子過去了，他又會回到他大老闆的生活模式，依舊酒色財氣不斷，我多說又有何用呢？</p>",
  "article_time": "2022年08月02日 19:40",
  "comments": [
    {
      "id": "f5c7148e087d96fd80cd5b15bc08b206",
      "author": "JL",
      "time": "2022年08月02日 21:50",
      "content": "<p>喝了一个月的药，症状也没了，病人还要求再喝一个月（一定以为是仙药），请问李师，您又开给他了吗？</p>",
      "level": 0,
      "highlight": false,
      "children": [
        {
          "id": "99e147814fbb8ae57a7c41e157196afa",
          "author": "李宗恩",
          "time": "2022年08月10日 10:10",
          "content": "<p>開了不一樣的藥方給他。</p>",
          "level": 1,
          "highlight": true,
          "children": [
            {
              "id": "169ca2259a265d6d5ce4d9810d9f7420",
              "author": "Cathy",
              "time": "2022年09月08日 12:42",
              "content": "<p>李医生您好，请问四川成都有没有倪师的弟子，想去看诊，感恩感谢！</p>",
              "level": 2,
              "highlight": false,
              "children": [
                {
                  "id": "f458f16f9229cd69b9b492008f73c9a0",
                  "author": "李宗恩",
                  "time": "2022年09月15日 13:17",
                  "content": "<p>我不清楚。</p>",
                  "level": 3,
                  "highlight": true,
                  "children": [
                    {
                      "id": "a3159e6c45319dc461fda4ae0f8f5b8e",
                      "author": "肺结节患者",
                      "time": "2023年06月12日 20:59",
                      "content": "<p>李师 我在中国国内想远程看诊，已经向看诊的邮箱发了邮件但是没有收到回复您能帮忙看下吗。我是有个1公分的纯磨玻璃肺结节</p>",
                      "level": 4,
                      "highlight": false,
                      "children": []
                    },
                    {
                      "id": "efdbe78303d7fabddd14a581b308c17e",
                      "author": "李宗恩",
                      "time": "2023年06月14日 10:25",
                      "content": "<p>診所前台會處理，請不要在這裡詢問。</p>",
                      "level": 4,
                      "highlight": true,
                      "children": []
                    },
                    {
                      "id": "8a3c1a4f2039dadbed9a4dbbe4ab102c",
                      "author": "倪师学习者",
                      "time": "2023年07月20日 06:43",
                      "content": "<p>李医生您好，我想问您一下这个网站上怎么没有倪师之前的医案，还是他的医案分享另有网站可否告知？</p>",
                      "level": 4,
                      "highlight": false,
                      "children": []
                    },
                    {
                      "id": "740fb04a120116f21c05185079d54af0",
                      "author": "李宗恩",
                      "time": "2023年07月20日 09:31",
                      "content": "<p>倪老師舊網頁為www.hantang.com</p>",
                      "level": 4,
                      "highlight": true,
                      "children": []
                    },
                    {
                      "id": "a469b9711468f2ea667cf3377248c8dd",
                      "author": "倪师学习者",
                      "time": "2023年07月20日 17:13",
                      "content": "<p>那个网页我知道也在学习，只是里面提到的医案说是要在台湾支援网去下载，就是不知道是哪个网所以才来请教您</p>",
                      "level": 4,
                      "highlight": false,
                      "children": []
                    },
                    {
                      "id": "dedcf80743d0530a72c15e0b6811bed7",
                      "author": "李宗恩",
                      "time": "2023年07月20日 20:11",
                      "content": "<p>那個時候是給正版人紀學員下載用的，不是開放給大眾，倪老師最痛恨盜版人士。</p>",
                      "level": 4,
                      "highlight": true,
                      "children": []
                    }
                  ]
                }
              ]
            },
            {
              "id": "8bda9d4f4ca9b5604cf4fed05b259fde",
              "author": "向日葵",
              "time": "2023年01月09日 21:35",
              "content": "<p>李医生： 关于“典型的肝膽影響到脾胃，只是前面的醫生把注意力集中在脾胃上，忽略了病人肝膽的問題。” 这个病人，还有哪些症状？ 感谢</p>",
              "level": 2,
              "highlight": false,
              "children": []
            }
          ]
        }
      ]
    },
    {
      "id": "ca123cb436e4192790ba726b792b0999",
      "author": "hc",
      "time": "2022年08月06日 23:40",
      "content": "<p>李医生你好，本人患有附睾炎好多年了，精索静脉曲张，附睾附近有囊肿。斗数盘显示酉宫 廉贞平 破军落陷，丑宫 武贪入庙，化忌在 子宫。能否指点提拔一下治疗的思路（针灸或者经方等），望回复，不胜感激</p>",
      "level": 0,
      "highlight": false,
      "children": [
        {
          "id": "bb1e2940fb76ed5b6d5088b210e9d30b",
          "author": "李宗恩",
          "time": "2022年08月10日 10:14",
          "content": "<p>你只講了病名，中醫得依照各種症狀來綜合診斷，不過，我無法如此在網路上針對個案一一討論。</p>",
          "level": 1,
          "highlight": true,
          "children": []
        }
      ]
    },
    {
      "id": "a7e8e1154aa94765a71a8deb5d13d8d2",
      "author": "peak",
      "time": "2022年08月11日 02:36",
      "content": "<p>李医生，病人割掉胆囊之后，需要长期服用的汉唐84号，请问在哪里有卖？</p>",
      "level": 0,
      "highlight": false,
      "children": [
        {
          "id": "277b997ed8579f4542dac466e3d5ac6c",
          "author": "李宗恩",
          "time": "2022年08月12日 15:50",
          "content": "<p>你得找中醫師看診，而不是直接服用漢唐84號。另外，倪老師設計的漢唐藥品在大陸沒有申請政府許可，是不能在大量販賣的。</p>",
          "level": 1,
          "highlight": true,
          "children": []
        }
      ]
    },
    {
      "id": "3607c5344200f4e47f076a5e3eef1841",
      "author": "周江浩",
      "time": "2022年08月17日 12:25",
      "content": "<p>看来好的生活习惯还是很重要</p>",
      "level": 0,
      "highlight": false,
      "children": []
    },
    {
      "id": "03437cad4e0790ddf100fadc94d0cdc2",
      "author": "zcq",
      "time": "2022年08月17日 21:51",
      "content": "<p>李医生，您好，大陆有那些倪师的学生，江浙沪附近有吗？</p>",
      "level": 0,
      "highlight": false,
      "children": [
        {
          "id": "ec773d6bf3a5e300bf69d34ff18c51ea",
          "author": "李宗恩",
          "time": "2022年08月26日 09:22",
          "content": "<p>不清楚</p>",
          "level": 1,
          "highlight": true,
          "children": []
        }
      ]
    },
    {
      "id": "87ca22c68e281fdd3466d1772c7d1406",
      "author": "Cathy",
      "time": "2022年09月08日 12:44",
      "content": "<p>李医生您好，请问四川成都有没有倪师的弟子，想去看诊，感恩感谢！</p>",
      "level": 0,
      "highlight": false,
      "children": []
    },
    {
      "id": "fa2afb21aad67e782d3e810060d003ea",
      "author": "鄭皓澜",
      "time": "2022年09月25日 01:00",
      "content": "<p>上海有陈宗光，成都有刘尧钦，都是倪师的弟子。</p>",
      "level": 0,
      "highlight": false,
      "children": [
        {
          "id": "dfc995e128b32b9124895f56903c7dd4",
          "author": "李宗恩",
          "time": "2022年10月04日 09:25",
          "content": "<p>我一直强調，所謂倪老師學生，代表和倪老師學習過，但不代表臨床療效的認證，病人得自己多深入了解各個中醫師實際的臨床療效。</p>",
          "level": 1,
          "highlight": true,
          "children": []
        }
      ]
    },
    {
      "id": "643086f88f0c9600754f9ebe09bcd8c1",
      "author": "李霞",
      "time": "2022年09月27日 01:33",
      "content": "<p>北京有没有倪师的弟子？</p>",
      "level": 0,
      "highlight": false,
      "children": []
    },
    {
      "id": "bdc5630ecc0655c432249687dad3a35a",
      "author": "何均",
      "time": "2022年10月23日 19:51",
      "content": "<p>李医师 你好  我已经向阳气诊所发问诊邮件了 快两天了也没有消息，打诊所电话 提示让我留下名字和电话号码 因为是中国大陆手机号码打的（尾号0607） 我不知道怎么给座机留言 所以 只在通话中报了自己的名字和电话号码 就挂了  希望得到诊所的回复 预约问诊  麻烦李医生留意一下。谢谢了。</p>",
      "level": 0,
      "highlight": false,
      "children": [
        {
          "id": "220acac8947dd0497b2681c8aa151583",
          "author": "李宗恩",
          "time": "2022年10月24日 09:55",
          "content": "<p>診所周末不上班，同時每天來函很多，需要時間回應。同樣的問題不要一直留言！</p>",
          "level": 1,
          "highlight": true,
          "children": []
        }
      ]
    },
    {
      "id": "52a1f69d702d17c70a33506f2c879980",
      "author": "何均",
      "time": "2022年10月23日 21:02",
      "content": "<p>李医生 你好 我已经向阳气诊所邮箱发了邮件 两天了还没有回复，今天打诊所电话 提示我留下名字和电话 我也不知道怎么用大陆手机给您那边的座机留言  就只在通话中说了自己的名字和电话号码。 希望李医生留意一下  ，第一次这种问诊，也不清楚流程。谢谢了。</p>",
      "level": 0,
      "highlight": false,
      "children": []
    },
    {
      "id": "4671cbbf2006bbfcde44142989ae5d09",
      "author": "何均",
      "time": "2022年10月23日 21:32",
      "content": "<p>李医生，已经向诊所邮件发了几次。希望得到回复。谢谢</p>",
      "level": 0,
      "highlight": false,
      "children": []
    },
    {
      "id": "1f5967c2b3b494f266715e14ab6b7aa2",
      "author": "李琪琪",
      "time": "2022年11月12日 04:18",
      "content": "<p>在网上看了您讲课的视频，深感你才是能继承并发扬中医的人，我十分佩服！</p>",
      "level": 0,
      "highlight": false,
      "children": [
        {
          "id": "fe5a920a37601f2046c300a8ff59b076",
          "author": "李宗恩",
          "time": "2022年11月22日 09:25",
          "content": "<p>謝謝你的支持及鼓勵。</p>",
          "level": 1,
          "highlight": true,
          "children": []
        }
      ]
    },
    {
      "id": "bf9932131ce2a2828e19d8d4fa72e48b",
      "author": "张林梓",
      "time": "2023年01月01日 04:31",
      "content": "<p>请问老师对咖啡的看法和倪师一致吗，我平时喝的手冲咖啡，类似泡茶，倪师说的咖啡应该是加压萃取的意式咖啡吧，希望老师能解答一下，感谢</p>",
      "level": 0,
      "highlight": false,
      "children": [
        {
          "id": "8c68b522152e9c4f5b7fb770813b43ab",
          "author": "李宗恩",
          "time": "2023年01月02日 16:07",
          "content": "<p>我不知道你在問什麼。</p>",
          "level": 1,
          "highlight": true,
          "children": []
        }
      ]
    },
    {
      "id": "f45d80558fea0ce6a5d10430da9c3610",
      "author": "张林梓",
      "time": "2023年01月03日 03:45",
      "content": "<p>抱歉没表达清楚。自从每天喝手冲咖啡后，我没有再出现抑郁的状态，大便也好不少。但倪师说喝咖啡容易得胰脏癌，我比较纠结是否应该继续。最近有缘听到李博士您在岐黄的直播，感受到了严谨的治学态度，期待早日能参加您国内的课程。感恩倪师，感恩您</p>",
      "level": 0,
      "highlight": false,
      "children": [
        {
          "id": "489f7b3da5858aacd086d0fead1a7c51",
          "author": "李宗恩",
          "time": "2023年01月10日 09:21",
          "content": "<p>謝謝你告訴我。</p>",
          "level": 1,
          "highlight": true,
          "children": []
        }
      ]
    },
    {
      "id": "0ed6bb0f834a94372e463407c6fa0456",
      "author": "向日葵",
      "time": "2023年01月09日 21:33",
      "content": "<p>就是不要喝咖啡了 不管怎么样子制作的coffee<br/>\n喝中国茶 草药茶不挺好的吗</p>",
      "level": 0,
      "highlight": false,
      "children": []
    },
    {
      "id": "9c17d29292badc586f51bb5726d912d4",
      "author": "john LI",
      "time": "2023年01月24日 20:13",
      "content": "<p>李医生您好，请问中国大陆的患者可以找您视频问诊吗</p>",
      "level": 0,
      "highlight": false,
      "children": [
        {
          "id": "01fca91ede86eef5c99442010e9e18b9",
          "author": "李宗恩",
          "time": "2023年02月07日 10:08",
          "content": "<p>請聯絡診所info@youngQi.com</p>",
          "level": 1,
          "highlight": true,
          "children": []
        }
      ]
    },
    {
      "id": "1d5ee5c5b1369a42a64a1b44685a3e7a",
      "author": "vadomlore",
      "time": "2023年02月05日 04:48",
      "content": "<p>李医生,请问手脚冰凉吃了2个星期中药没有看到一点点改善,医生说需要吃1个月以上才有效,而且也不愿意加生附子,但是用了人参,鹿茸,巴戟天等,请问是继续吃还是换一个医生换方子呢？</p>",
      "level": 0,
      "highlight": false,
      "children": [
        {
          "id": "149e8642eee98e29ca7cad7d44cb77d0",
          "author": "李宗恩",
          "time": "2023年02月07日 11:28",
          "content": "<p>每個病人不一樣，無法如此評論。</p>",
          "level": 1,
          "highlight": true,
          "children": []
        }
      ]
    },
    {
      "id": "ab458660c91d94d3623726924d7d84f9",
      "author": "韓趙凱",
      "time": "2023年03月08日 01:23",
      "content": "<p>李博士，您好，請問有教學安排嗎？<br/>\n如果今後您有教學安排，想請問下，符合哪些條件才會有可能成為您的學生</p>",
      "level": 0,
      "highlight": false,
      "children": [
        {
          "id": "436deae26ed916ed0233b4e0747ba92a",
          "author": "韓趙凱",
          "time": "2023年03月08日 01:29",
          "content": "<p>請問在您開班之前，除了多遍學習倪師視頻和觀看學習您的直播視頻外，還需要做哪些準備，希望可以告知，謝謝</p>",
          "level": 1,
          "highlight": false,
          "children": []
        },
        {
          "id": "70c6abf36e498402ffe7d71926afb4de",
          "author": "李宗恩",
          "time": "2023年03月13日 11:40",
          "content": "<p>教學事宜會在網頁上公佈。</p>",
          "level": 1,
          "highlight": true,
          "children": []
        }
      ]
    },
    {
      "id": "08763973dc52ec642bbe5927e17400f2",
      "author": "安虎山",
      "time": "2023年05月09日 19:42",
      "content": "<p>李博士你好，请问骶髂关节炎可以治愈吗？</p>",
      "level": 0,
      "highlight": false,
      "children": [
        {
          "id": "c356a96b4ff80cde3406ae5a79cd1020",
          "author": "李宗恩",
          "time": "2023年05月10日 16:20",
          "content": "<p>中醫不是以西醫病名來診斷及治療。</p>",
          "level": 1,
          "highlight": true,
          "children": []
        }
      ]
    },
    {
      "id": "b13c8e45eaa00d80a0f52faaa97390aa",
      "author": "购买保健药品",
      "time": "2023年07月06日 19:31",
      "content": "<p>预约问诊</p>",
      "level": 0,
      "highlight": false,
      "children": []
    },
    {
      "id": "fd6038f7ebc74fa347dbe5be86b3698a",
      "author": "王俊丽",
      "time": "2023年07月20日 21:38",
      "content": "<p>李博士，我记得以前见过一份资料，说从中医角度而言八岁以前尽量不做飞机，对孩子听力有不好的影响，请问李博士，这样的问题存在吗？我家孩子六周岁，可以做飞机吗？可能我问的问题有点幼稚，也不知道会不会耽误您的宝贵的时间，但是还是很想听的您的回复，感恩您！</p>",
      "level": 0,
      "highlight": false,
      "children": [
        {
          "id": "7c19c9dc4139799cfeeb1453f62d4fd3",
          "author": "李宗恩",
          "time": "2023年07月20日 21:57",
          "content": "<p>沒有太大的影響。</p>",
          "level": 1,
          "highlight": true,
          "children": [
            {
              "id": "7afe64d4fd665105d163df736d20790b",
              "author": "王俊丽",
              "time": "2023年07月20日 22:22",
              "content": "<p>非常感谢您，李博士。自从知道了您的网站，我的生活中就感受到了无限光明。非常期待有机会您能授课，也希望自己有机会能跟您亲自学习中医！将真正的中医发扬光大！非常非常感恩您！</p>",
              "level": 2,
              "highlight": false,
              "children": [
                {
                  "id": "7c48198c26526cc9b8dfd9db4cb57123",
                  "author": "李宗恩",
                  "time": "2023年07月21日 10:17",
                  "content": "<p>謝謝你的支持及鼓勵。</p>",
                  "level": 3,
                  "highlight": true,
                  "children": []
                }
              ]
            }
          ]
        }
      ]
    },
    {
      "id": "d61484e6848c1596b623d6cc30790833",
      "author": "李梁",
      "time": "2023年09月07日 03:53",
      "content": "<p>感恩李老师，感恩倪海厦老师，您是唯一一个让我对南派有了一种新的看法的大恩人.之前自学李老师跟倪海厦老师的课程，因为对于自身疾病焦虑，不能深入去思考去学习，加上大陆中倪海厦老师视频中对南派寒凉的批判，导致自诊中跟自己开的方子照葫芦画瓢，导致疗效辗转反侧！李老师您生动形象的举了一个例子！汽车有问题或者是发动机本身，或者是说线路老化，或者是说发动机水箱破裂，又或者上述都有点毛病！让我重新意识到南派其实并非一无事出，问题还是你自己的辩证思想是死的。后来在我自己的跟我尝试致病的过程中破开思想没有拘泥一格，反而取得不错的情况！</p>",
      "level": 0,
      "highlight": false,
      "children": [
        {
          "id": "2619a7d4bbacd9731af1759cf7bc765a",
          "author": "李宗恩",
          "time": "2023年09月08日 09:24",
          "content": "<p>是的，許多人只聽到倪老師對南派寒凉的批判，卻沒有理解背後的意義，反而矯枉過正，什麼情況下都用大熱的中藥材，導致更多的問題。</p>",
          "level": 1,
          "highlight": true,
          "children": []
        }
      ]
    },
    {
      "id": "32bf4f5d2e5439f601a1a15ec63d9700",
      "author": "张洋",
      "time": "2023年09月07日 04:58",
      "content": "<p>李博士您好！今天才看到你的网站，也找了好久才找到，感到非常幸运。看了好多倪师与您的视频，特别倪师还在时，您主持的那次八纲辩证，受益非浅。想请教您，身边好多人目前二型糖尿病，能彻底治愈吗？为什么那么多人说不能彻底治愈？希望您在百忙之中，能抽时间给点方向，非常感谢</p>",
      "level": 0,
      "highlight": false,
      "children": [
        {
          "id": "8ceeae03aff47bcd46ef614a9e079c86",
          "author": "李宗恩",
          "time": "2023年09月08日 09:27",
          "content": "<p>二型糖尿病不難治癒，重點是病人能不能維持良好的生活習慣。</p>",
          "level": 1,
          "highlight": true,
          "children": [
            {
              "id": "a4800708764b8287eecf96e8a7572129",
              "author": "张洋",
              "time": "2023年09月09日 22:36",
              "content": "<p>非常感谢李博士的回复</p>",
              "level": 2,
              "highlight": false,
              "children": []
            }
          ]
        }
      ]
    },
    {
      "id": "aa3182a6a2b5c7ef499e690c92166e3b",
      "author": "JANE",
      "time": "2023年10月13日 01:39",
      "content": "<p>我是大陆的一名大学教师，做关于图像处理方面的研究。我的小孩三岁半的时候确诊癫痫，因此我对癫痫的治疗做了很多功课，有缘看到了倪大师的关于癫痫眼诊“鸡爪纹”的视频。查找了很多中医眼珍的资料，发现中医眼诊分很多门派，每个门派“五轮八廓”的分割方法也不尽相同，但没找到关于“鸡爪纹”的相关文献。同时由于医疗检测设备的进步，中医眼珍的传承人越来越少，中医很多宝贵的东西可能会失传。目前西医没有诊断癫痫是否治愈的标准，而很多患者即使长时间没有发作，也一直惴惴不安，不知道自己是否还会发作，我孩子同样也存在这样的疑问。 因此，我非常想将倪师眼诊的“鸡爪纹”诊断方法，用计算机视觉的方法传承下来，并且造福于更多的患者。</p>\n<p>目前存在的主要问题：一是“鸡爪纹”到底是什么样子，有没有参考的图像？ 二是 三种“鸡爪纹”代表的三种癫痫，可不可以用眼诊的“五轮八廓” 等理论（不一定是五轮八廓，不同学派有不同的分割方法）进行解释？</p>\n<p>非常感谢李博士花费宝贵的时间查看我的信件。 我在眼诊方面已经学习了很长一段时间，但是与癫痫“鸡爪纹”相关的材料只有倪师的视频，真的非常期望能够获得您的帮助。</p>",
      "level": 0,
      "highlight": false,
      "children": [
        {
          "id": "4dfd29a9eedcce6a48115c1fc4c7592e",
          "author": "ieitZYB",
          "time": "2023年10月14日 04:30",
          "content": "<p>感觉这也只是在“形”上面做文章。</p>",
          "level": 1,
          "highlight": false,
          "children": []
        },
        {
          "id": "b54420e54046873601f7d4e81658a7c0",
          "author": "杨学锐",
          "time": "2023年10月15日 02:17",
          "content": "<p>李医生在短期课程里有谈到。<br/>\n<a href=\"https://andylee.pro/wp/?p=2335第十三段\" rel=\"ugc\">https://andylee.pro/wp/?p=2335第十三段</a></p>",
          "level": 1,
          "highlight": false,
          "children": []
        },
        {
          "id": "d5fa87277322d103168372b1c7105904",
          "author": "內經初學者",
          "time": "2023年10月15日 08:31",
          "content": "<p><a href=\"https://www.ixigua.com/7220383511147086370\" rel=\"nofollow ugc\">https://www.ixigua.com/7220383511147086370</a></p>",
          "level": 1,
          "highlight": false,
          "children": []
        },
        {
          "id": "ff1a4ca95e3d23748013b711a69209a2",
          "author": "李宗恩",
          "time": "2023年10月16日 15:22",
          "content": "<p>雞爪紋只是其中一個症狀，中醫不是以單一症狀來診斷。另外，同一個問題，不要重複留言，你又另外寄郵件到診所詢問，這是不尊重他人時間的。</p>",
          "level": 1,
          "highlight": true,
          "children": []
        }
      ]
    },
    {
      "id": "6e865e1e78de834f723bccffdf7d54fa",
      "author": "韩广荣",
      "time": "2024年01月01日 11:39",
      "content": "<p>李老师您好，上次坐骨神经痛穴位问题解开了，感恩您，在临床取得效果显著，再次请教您桂枝与白芍比例1:1是在肌肉层，在中下焦根据个人情况减白芍或去，膝关节是不是2:1那在手指关节，肘关节，髋关节的配比是多少呢？期待李老师的回复</p>",
      "level": 0,
      "highlight": false,
      "children": [
        {
          "id": "b304b3d65cf368f9fb574fd2c0a54200",
          "author": "李宗恩",
          "time": "2024年01月04日 10:00",
          "content": "<p>無法這樣回答，得看實際情況。</p>",
          "level": 1,
          "highlight": true,
          "children": [
            {
              "id": "9c8a508ca933553fa5f45ae4a7261523",
              "author": "韩广荣",
              "time": "2024年01月04日 15:09",
              "content": "<p>好的李宗恩老师，感恩您百忙中回复，回去继续多加学习！</p>",
              "level": 2,
              "highlight": false,
              "children": []
            }
          ]
        },
        {
          "id": "64931d35058463ea57b65fb7e0cfb5a4",
          "author": "暗香疏影",
          "time": "2024年03月21日 19:28",
          "content": "<p>桂枝、白芍比例的课件请问在哪个章节？想学习一下，请教李博士根据情况酌情使用的原理是不是白芍减少的目的为了药效不要回流过快，让它停留在该停留的地方多一些时间？在其他课件好像听您简单提过！</p>",
          "level": 1,
          "highlight": false,
          "children": []
        }
      ]
    },
    {
      "id": "df2d2c038dbb3fc82dfd5e6d5b9f3ed4",
      "author": "韩广荣",
      "time": "2024年01月22日 02:45",
      "content": "<p>李老师，眼诊肝区没有纹路是肝血虚，和肝阴虚有什么区别呢？有破洞是肝有损伤是吗？那纹路比较粗是树木太粗壮需要疏导吗？实在想不明白了。</p>",
      "level": 0,
      "highlight": false,
      "children": [
        {
          "id": "38218e81733bda5d57c4958a4a10582d",
          "author": "李宗恩",
          "time": "2024年01月22日 13:27",
          "content": "<p>以前中醫簡介課程有講解過，你可以在網頁上查詢。</p>",
          "level": 1,
          "highlight": true,
          "children": [
            {
              "id": "8ef4ce7c74058ffd363b643c40c05627",
              "author": "韩广荣",
              "time": "2024年01月25日 14:24",
              "content": "<p>好的李老师，感恩您！</p>",
              "level": 2,
              "highlight": false,
              "children": []
            }
          ]
        }
      ]
    },
    {
      "id": "1e10caace0046f47dc028ce6107b9714",
      "author": "李人",
      "time": "2024年02月03日 12:41",
      "content": "<p>李医生，文章中“他承諾無論中藥湯劑多難吃、身體反應多麽劇烈，他都會按照診所要求把藥全部服用完”，想问下这个清肝胆的药除了难吃，吃了身体反应剧烈也是正常的么？本人曾服用过清肝胆的药，吃后胃部，肝区隐隐不适，就没敢继续吃了，这些症状算是吃药后的正常“剧烈反应”么？</p>",
      "level": 0,
      "highlight": false,
      "children": [
        {
          "id": "f4f95397f39863c4a3fc6afde5d94691",
          "author": "李宗恩",
          "time": "2024年02月05日 09:13",
          "content": "<p>不是每一位清肝膽的病人都有很大的反應。</p>",
          "level": 1,
          "highlight": true,
          "children": []
        }
      ]
    },
    {
      "id": "1d2c783e4a6a24bc76159916c0d277a7",
      "author": "送你座帆船",
      "time": "2024年04月22日 03:16",
      "content": "<p>这一个病人老师有开旋覆花吗？我知道不是一听见反酸就开旋覆花代赭石汤，前面是基于木克土导致脾胃功能自救导致的胃酸过多，但是我的角度是让病人好受一点的情况下可以加旋覆花吗</p>",
      "level": 0,
      "highlight": false,
      "children": [
        {
          "id": "3f8a9cbf5617f99960485df2aaa51a58",
          "author": "李宗恩",
          "time": "2024年04月22日 15:51",
          "content": "<p>問題在於，你怎麼知道加旋覆花後，病人會好受？如果你確定，那有為什麼不能加？</p>",
          "level": 1,
          "highlight": true,
          "children": []
        }
      ]
    },
    {
      "id": "aa0d59db2f4e77611f4d24c68de48256",
      "author": "葛宇航",
      "time": "2024年05月04日 04:24",
      "content": "<p>想问一下有没有一种“药的性质—人体生化系统—药的作用”来理解药性的方式。比如说黄连能泻心火、燥湿、镇肝、去热，有没有可能是因为黄连色黄味厚，同时是植物的根茎，能下到肠胃消化系统里；然后因为寒能泄、苦能燥，所以黄连能把消化系统里的余毒（可能在现代医学里肠壁上的一些宿便、炎症之类的）清出来，就能减少肝脏负担，肝脏负担减少后肝血就能滋养心脏、减轻脾脏负担，心脏像发动机有了燃油之后就能去虚火（肺没问题的话），脾脏负担轻了就能燥湿（前提是脾阳没被黄连寒性伤到）。所以黄连是从消化系统入手去泻火燥湿。<br/>\n只是一些胡思乱想，还有希望李医生能在之后的直播中谈谈药性的作用机制。感激不尽！</p>",
      "level": 0,
      "highlight": false,
      "children": [
        {
          "id": "b26e3e4ec1dafdb835e15f350546258f",
          "author": "李宗恩",
          "time": "2024年05月04日 12:25",
          "content": "<p>你可以做很多聯想，建立自己的思維方式，然而，哪些聯想真的有意義，就得在臨床上反覆證實。</p>",
          "level": 1,
          "highlight": true,
          "children": []
        }
      ]
    },
    {
      "id": "11c40e4e3c7e6f48c93566fb5d3a2618",
      "author": "劉德毅",
      "time": "2024年07月11日 22:25",
      "content": "<p>請問李醫生，您在第一個月給這位病人開清肝的藥的時候，藥方裏面沒有額外照顧他原來胃不適和反酸惡心問題的藥麽？比如旋覆花代赭石之類的，還是說之前奧地利的中醫師們已經部分解決了這些問題沒有提及。</p>",
      "level": 0,
      "highlight": false,
      "children": [
        {
          "id": "22c8a42ea859f7cd49b1e789e2a4a8f3",
          "author": "李宗恩",
          "time": "2024年07月16日 17:03",
          "content": "<p>每個病人情況不一樣，這位病人直接了當的切入就行。</p>",
          "level": 1,
          "highlight": true,
          "children": []
        }
      ]
    },
    {
      "id": "6036af0f7214102f9477125a300a45c6",
      "author": "桂枝汤",
      "time": "2025年02月16日 16:48",
      "content": "<p>李老师好，内容讲述的奥地利白人病症。你从中提到的清肝胆的药物，加入了鸡内金和炙黄芪，是为什么呢？</p>",
      "level": 0,
      "highlight": false,
      "children": [
        {
          "id": "b9c7477cab06130bf2319bb03c69e19f",
          "author": "李宗恩",
          "time": "2025年02月18日 09:07",
          "content": "<p>你應該先研讀中藥基礎。</p>",
          "level": 1,
          "highlight": true,
          "children": []
        }
      ]
    },
    {
      "id": "f2f4205f2032f76101e23dbe353e4290",
      "author": "阿明",
      "time": "2025年02月16日 23:29",
      "content": "<p>李醫生：您好！有個問題我有些困惑，倪師的人紀課程講治療肝硬化案例的處方中使用了龍膽草與黃連，這些都是苦寒的藥，如果一個月為一個療程的話，請問處方中加入這兩種藥能連續喝一個月嗎？畢竟龍膽草與黃連是比較寒涼的藥，長時間服用對身體是否有影響呢？例外在冬天與寒冷的早春處方中也能使用這兩種藥一段時間嗎？</p>",
      "level": 0,
      "highlight": false,
      "children": [
        {
          "id": "814a119b5f434307b6d33c29b5cae907",
          "author": "李宗恩",
          "time": "2025年02月18日 09:08",
          "content": "<p>這就得中醫師權衡輕重緩急。</p>",
          "level": 1,
          "highlight": true,
          "children": [
            {
              "id": "2f939bdbcb7dccdb1ae68e2c953421c8",
              "author": "阿明",
              "time": "2025年02月19日 06:59",
              "content": "<p>謝謝！李醫生每天看診就很忙碌了，還要給初學中醫的人答疑，非常感恩！</p>",
              "level": 2,
              "highlight": false,
              "children": []
            }
          ]
        }
      ]
    },
    {
      "id": "b7e4688867fd787f30f22ccae4085175",
      "author": "阿明",
      "time": "2025年02月16日 23:55",
      "content": "<p>谢谢李醫生！</p>",
      "level": 0,
      "highlight": false,
      "children": []
    },
    {
      "id": "d3607176524990b399bae8f16740c634",
      "author": "臭宝",
      "time": "2025年05月28日 05:33",
      "content": "<p>自学了22个月了，感谢李教授的无私分享。试着分析一下方义:<br/>\n柴胡郁金炙鳖甲茜草（深入清肝）<br/>\n黄芩，胆草（去肝胆引起的热象）<br/>\n五倍子海金沙（清胆）<br/>\n鸡内金（化石兼护胃消食）<br/>\n炙黄芪（补气补脾，气行血亦行，炙过兼入心）<br/>\n白芍（入肝，酸收兼行血，有出亦该有进）<br/>\n金铃子（活血止痛，减轻清肝过程的不适感）<br/>\n枳实厚朴（宽管下气排浊，来源于承气汤原理）<br/>\n大金钱草（有清必加利药，甘淡渗利）</p>",
      "level": 0,
      "highlight": false,
      "children": [
        {
          "id": "dd7a7b469bfc18f90f901b44352c49f4",
          "author": "李宗恩",
          "time": "2025年05月30日 16:09",
          "content": "<p>你可以看以前的討論。</p>",
          "level": 1,
          "highlight": true,
          "children": [
            {
              "id": "1d6df253a07835fea59bc37fc3c21905",
              "author": "臭宝",
              "time": "2025年05月30日 18:51",
              "content": "<p>感谢教授的点拨回复，接触中医时间虽短，但深感中医之博大精深，这看似简单的方子，我才疏学浅看不深入，实际上蕴藏复方药物之间的巧妙搭配以及多年临床的之精髓，未来教授必将在中医发展史上留下璀璨的篇章！未来更希望能在大陆一睹教授风采！</p>\n<p>今天是大陆的端午节，祝教授阖家端午安康！</p>",
              "level": 2,
              "highlight": false,
              "children": []
            }
          ]
        }
      ]
    }
  ],
  "page": 10,
  "order": 1,
  "filename": "data\\page9\\page9_order10_2f6d4411a19d323790b0f9fc1dfa1de9.json",
  "timestamp": 1749873819.6983154
}