{
  "article_url": "https://andylee.pro/wp/?p=11628",
  "title": "Clubhouse: Omicron與清冠之亂，臨床實戰怎麼辦？",
  "content": "<figure class=\"wp-block-image size-full\"><a href=\"https://andylee.pro/wp/wp-content/uploads/2022/06/289492326_10159866840524356_1950285648478296228_n.jpeg\"><img alt=\"\" class=\"wp-image-11627\" decoding=\"async\" fetchpriority=\"high\" height=\"951\" sizes=\"(max-width: 750px) 100vw, 750px\" src=\"https://andylee.pro/wp/wp-content/uploads/2022/06/289492326_10159866840524356_1950285648478296228_n.jpeg\" srcset=\"https://andylee.pro/wp/wp-content/uploads/2022/06/289492326_10159866840524356_1950285648478296228_n.jpeg 750w, https://andylee.pro/wp/wp-content/uploads/2022/06/289492326_10159866840524356_1950285648478296228_n-237x300.jpeg 237w\" width=\"750\"/></a></figure>\n<p>台北時間：6月26日 星期日 早上11AM</p>\n<p>加州時間：<meta charset=\"utf-8\"/>6月25日 星期六 晚間8PM</p>\n<p>主持人：玓靜</p>\n<p>簡介：長期抗疫、病毒卻又不斷變異，無論是預防或治療，似乎很多人都深感無力、不知所措。李宗恩醫師在clubhouse 平台上開了個節目，分享他的觀點及「實證有效」的方法。屆時點入連結、登入clubhouse即可收聽。</p>\n<p>連結：<a href=\"https://www.clubhouse.com/join/%E7%95%B6%E5%BC%B5%E4%BB%B2%E6%99%AF%E9%81%87%E4%B8%8A%E5%8F%B2%E4%B8%B9%E4%BD%9B/X37gSYi0/PA6482aO?utm_medium=ch_invite&amp;utm_campaign=oYnW5sSuaqz5k0wqLA2Mcw-247475&amp;fbclid=IwAR2LRZgmehDpRDBg2bycfQt3zj28lbYwRnBTCLvLAzUj9ROT9SYDAi9BjPA\" rel=\"noreferrer noopener\" target=\"_blank\">https://www.clubhouse.com/join/%E7%95%B6%E5%BC%B5%E4%BB%B2%E6%99%AF%E9%81%87%E4%B8%8A%E5%8F%B2%E4%B8%B9%E4%BD%9B/X37gSYi0/PA6482aO?utm_medium=ch_invite&amp;utm_campaign=oYnW5sSuaqz5k0wqLA2Mcw-247475</a> （Clubhouse已無需他人邀請即可加入使用）</p>\n<p>錄音檔回放：（只有聲音，沒有影像）</p>\n<figure class=\"wp-block-video\"><video controls=\"\" src=\"https://andylee.pro/wp/wp-content/uploads/2022/06/clubhouse-audio-2022-06-26-02-52.mp4\"></video></figure>\n<p></p>",
  "article_time": "2022年06月22日 09:04",
  "comments": [
    {
      "id": "716ea2ad2c32a6f3d7ab728611db4c31",
      "author": "R",
      "time": "2022年06月23日 07:37",
      "content": "<p>很可惜因为时差问题看不了直播，请问之后可以看录像吗？</p>",
      "level": 0,
      "highlight": false,
      "children": []
    },
    {
      "id": "91218edbeb1f333464ae715404c1d1d0",
      "author": "敬征",
      "time": "2022年06月25日 10:08",
      "content": "<p>您好 李宗恩医生！请问在国内怎样联系您看病</p>",
      "level": 0,
      "highlight": false,
      "children": [
        {
          "id": "24df883e0670ab624a36d576501e8458",
          "author": "李宗恩",
          "time": "2022年06月29日 09:46",
          "content": "<p>請聯絡診所info@youngQi.com，不過，目前遠程新病人可能得等到明年。</p>",
          "level": 1,
          "highlight": true,
          "children": []
        }
      ]
    },
    {
      "id": "5fa7d73135ce50ae820703ffcfa57941",
      "author": "敬征",
      "time": "2022年06月25日 10:09",
      "content": "<p>请问在国内怎样联系李宗恩医生看病</p>",
      "level": 0,
      "highlight": false,
      "children": []
    },
    {
      "id": "36bbf68369c8b91e5e9417246ea80ffc",
      "author": "点点",
      "time": "2022年06月26日 09:03",
      "content": "<p>李医师你好，如何理解演讲中说的白术茯苓提肾水上头？</p>",
      "level": 0,
      "highlight": false,
      "children": [
        {
          "id": "97b4ddb88ed159601a7b4357ee45f02a",
          "author": "李宗恩",
          "time": "2022年06月29日 09:49",
          "content": "<p>白术茯苓通利水道，可以引腎水上咽喉，雖然提水上頭不如葛根等藥材，適當搭配下在治療咽喉問題有不錯的效果。</p>",
          "level": 1,
          "highlight": true,
          "children": []
        }
      ]
    },
    {
      "id": "3d6258532560af713116ddc716826450",
      "author": "內經初學者",
      "time": "2022年06月27日 20:25",
      "content": "<p>腦霧？是記憶力衰退嗎？是腎臟受損嗎？</p>",
      "level": 0,
      "highlight": false,
      "children": [
        {
          "id": "bceb2d707da2636151df72794fa802d1",
          "author": "李宗恩",
          "time": "2022年06月29日 09:50",
          "content": "<p>清陽無法上行，濁氣無法下行。</p>",
          "level": 1,
          "highlight": true,
          "children": []
        }
      ]
    }
  ],
  "page": 10,
  "order": 6,
  "filename": "data\\page10\\page10_order5_97b4ddb88ed159601a7b4357ee45f02a.json"
}