{
  "article_url": "https://andylee.pro/wp/?p=3876",
  "title": "第六屆國際經方班（廣州站）",
  "content": "<p><strong>第六届国际经方班(广州站)开班通知</strong></p>\n<p><a href=\"https://andylee.pro/wp/wp-content/uploads/2016/10/img8.wtoutiao.com_.jpeg\"><img alt=\"img8-wtoutiao-com\" class=\"alignnone size-full wp-image-3875\" decoding=\"async\" fetchpriority=\"high\" height=\"585\" sizes=\"(max-width: 997px) 100vw, 997px\" src=\"https://andylee.pro/wp/wp-content/uploads/2016/10/img8.wtoutiao.com_.jpeg\" srcset=\"https://andylee.pro/wp/wp-content/uploads/2016/10/img8.wtoutiao.com_.jpeg 997w, https://andylee.pro/wp/wp-content/uploads/2016/10/img8.wtoutiao.com_-300x176.jpeg 300w, https://andylee.pro/wp/wp-content/uploads/2016/10/img8.wtoutiao.com_-768x451.jpeg 768w\" width=\"997\"/></a></p>\n<p><strong>主办单位</strong>：广东省中医药学会、广州中医药大学第一附属医院</p>\n<p><strong>承办单位</strong>：</p>\n<ul class=\"list-paddingleft-2\">\n<li>广州中医药大学第一附属医院中医经典临床研究所</li>\n<li>台湾财团法人张仲景文教基金会</li>\n<li>香港浸会大学中医药学院</li>\n<li>新加坡中医师公会、新加坡 TCM CLASSIC FORUM PTE LTD</li>\n<li>马来西亚中医师公会</li>\n</ul>\n<p><strong>会议时间</strong>：2016年11月13日-15日</p>\n<p><strong>会议地点</strong>：广州中医药大学第一附属医院</p>\n<p><strong>学分及项目编号：</strong></p>\n<ul class=\"list-paddingleft-2\">\n<li>国家级中医药继续教育项目（编号BT20161901009）</li>\n<li>国际经方班暨经方临床运用高级研修班</li>\n<li>授予Ⅰ类学分12分</li>\n</ul>\n<p> </p>\n<p><strong>主讲专家：</strong>唐祖宣国医大师、王庆国教授、丘和明教授、刘力红教授、冯世伦教授、黄家诏教授、冯学功教授、吴荣祖教授、刘方柏教授、吴雄志教授、黄仕沛教授、经方大师倪海厦学术传人李宗恩教授（美国）、太阳堂汉药局木下顺一朗教授（日本）。</p>\n<p><strong>报到时间：</strong>2016年11月12日</p>\n<p><strong>报到地点：</strong>广州市白云区机场路彭达大酒店（广州中医药大学三元里校区旁）</p>\n<p> </p>\n<p><strong>报名费用：</strong>人民币1500元或美金250元；2016年10月15日前汇款享受报名费8折优惠（人民币1200元或美金200元）及代办酒店住宿事宜。</p>\n<p> </p>\n<p><strong>境内转账</strong>：中国建设银行股份有限公司广州龙口路支行，账号：622700332465 0055506   账户名:陈锟</p>\n<p><strong>境外转账</strong>：使用Paypal支付链接   paypal.me/JIANFENGFANG</p>\n<p>通过银行、网银、支付宝、微信、Paypal等方式转账，请务必备注参会人员姓名，大会报到时请出示转账汇款凭证。</p>\n<p><strong>会务邮箱：</strong>gzhjfb@gmail.com</p>\n<p><strong>会务联络：</strong>  陈先生 +86-15915773925</p>\n<p> </p>\n<p>报名回执、会务垂询、论文投稿 Email：gzhjfb@gmail.com</p>\n<p>投稿截止日期：2016年10月30日</p>\n<p>欢迎各位学员积极投稿，并通过Email索取参会邀请函！</p>\n<p>李赛美教授工作室(gh_b218cb00240e)</p>\n<p><a href=\"https://andylee.pro/wp/wp-content/uploads/2016/10/qrcode_gh_b218cb00240e_1.jpg\"><img alt=\"qrcode_gh_b218cb00240e_1\" class=\"alignnone size-thumbnail wp-image-3878\" decoding=\"async\" height=\"150\" sizes=\"(max-width: 150px) 100vw, 150px\" src=\"https://andylee.pro/wp/wp-content/uploads/2016/10/qrcode_gh_b218cb00240e_1-150x150.jpg\" srcset=\"https://andylee.pro/wp/wp-content/uploads/2016/10/qrcode_gh_b218cb00240e_1-150x150.jpg 150w, https://andylee.pro/wp/wp-content/uploads/2016/10/qrcode_gh_b218cb00240e_1-300x300.jpg 300w, https://andylee.pro/wp/wp-content/uploads/2016/10/qrcode_gh_b218cb00240e_1.jpg 430w\" width=\"150\"/></a></p>",
  "article_time": "2016年10月19日 10:29",
  "comments": [],
  "page": 42,
  "order": 4,
  "filename": "data\\page42\\page42_order3_a29726f393049bd96356c9bd40fe5ab9.json"
}