{
  "article_url": "https://andylee.pro/wp/?p=6357",
  "title": "FM96.1：沒有病就真的健康嗎？",
  "content": "<figure class=\"wp-block-audio\"><audio controls=\"\" src=\"https://andylee.pro/wp/wp-content/uploads/2019/10/s-20191015沒病就真的健康嗎.mp3\"></audio></figure>\n<p>（ 語音檔案由FM96.1電台提供，文章摘錄撰寫中，請稍加等待。謝謝。）</p>",
  "article_time": "2019年10月15日 22:29",
  "comments": [],
  "page": 27,
  "order": 4,
  "filename": "data\\page27\\page27_order3_747c656a4f26c86e57b3b1cc9a832b57.json"
}