{
  "article_url": "https://andylee.pro/wp/?p=9316",
  "title": "12月13日 第十屆國際經方班 「生命至上 中醫抗疫」",
  "content": "<figure class=\"wp-block-image size-large\"><a href=\"https://andylee.pro/wp/wp-content/uploads/2020/12/mmexport12620ebf88dce016fe39a839a5499099-scaled.jpeg\"><img alt=\"\" class=\"wp-image-9315\" decoding=\"async\" fetchpriority=\"high\" height=\"1024\" sizes=\"(max-width: 399px) 100vw, 399px\" src=\"https://andylee.pro/wp/wp-content/uploads/2020/12/mmexport12620ebf88dce016fe39a839a5499099-399x1024.jpeg\" srcset=\"https://andylee.pro/wp/wp-content/uploads/2020/12/mmexport12620ebf88dce016fe39a839a5499099-399x1024.jpeg 399w, https://andylee.pro/wp/wp-content/uploads/2020/12/mmexport12620ebf88dce016fe39a839a5499099-117x300.jpeg 117w, https://andylee.pro/wp/wp-content/uploads/2020/12/mmexport12620ebf88dce016fe39a839a5499099-768x1972.jpeg 768w, https://andylee.pro/wp/wp-content/uploads/2020/12/mmexport12620ebf88dce016fe39a839a5499099-598x1536.jpeg 598w, https://andylee.pro/wp/wp-content/uploads/2020/12/mmexport12620ebf88dce016fe39a839a5499099-798x2048.jpeg 798w, https://andylee.pro/wp/wp-content/uploads/2020/12/mmexport12620ebf88dce016fe39a839a5499099-scaled.jpeg 997w\" width=\"399\"/></a></figure>\n<p>中國中醫學術界最知名的大型研討會之一「廣州中醫藥大學國際經方班」，今年第十屆第三場將在中國時間12月13日舉行，因為新冠疫情，特別免費開放給大眾在網上聽講（記得得用微信登錄）。</p>\n<p>主辦單位李賽美教授幾個月前邀請我，希望我講解一下我個人一月就參與中國抗疫的故事，如何從美國指導中國的醫師群治療新冠肺炎病患，並為急重症患者遠距看診。我演講的部份已經預錄好了，前半段講故事，後半段簡單討論了外感到嚴重肺炎的進程及治療。</p>\n<p>其中提到，四年前我在第六屆國際經方班教學演講時，就已經討論過肺炎進程及治療。回頭看看，當時就已經說明了該如何治療禽流感、豬流感等嚴重肺炎，這次的新冠肺炎也不例外。如果當時參加學習的七八百位醫師都認真聽懂了，這次中國對抗新冠疫情應該會更快速、更成功。</p>\n<div class=\"wp-block-file\"><a href=\"https://andylee.pro/wp/wp-content/uploads/2020/12/第十屆國際經方班-寬版.pdf\">投影片： 第十屆國際經方班 – 新冠瘟疫病情發展與治療</a><a class=\"wp-block-file__button\" download=\"\" href=\"https://andylee.pro/wp/wp-content/uploads/2020/12/第十屆國際經方班-寬版.pdf\">下載</a></div>",
  "article_time": "2020年12月10日 20:19",
  "comments": [
    {
      "id": "8c8ecca0e8464aad5e4f852366e9a419",
      "author": "明遠",
      "time": "2020年12月11日 18:47",
      "content": "<p>祝李醫師本次演講能獲得更多迴響，圓滿順利。</p>",
      "level": 0,
      "highlight": false,
      "children": []
    },
    {
      "id": "5f65bef592b5142fd7acf48a92ba41d5",
      "author": "无显示",
      "time": "2020年12月11日 19:40",
      "content": "<p>李医师，您好！知道您很忙！我替我儿子问一个问题。7岁，他又被预约了12月过后去钻牙。4岁半到现在已经钻了满口的20来颗牙齿，他不想去，但是他被他爸和牙医逼他，他不敢反抗哭闹。20多颗牙齿都是蛀牙，4岁半时只有2颗的有黑色的点。我了解到钻牙非常疼，要吸笑气，然后用强力永久胶把一种质地的东西/假牙粘/填到牙齿上。他6岁半开始换牙，那些蛀牙没有疼过。钻牙洗牙填牙我觉得主要是牙医的生意而已，小孩经历了身体和心理的伤害和恐惧后，目的是更好易于被某些人控制和奴役。这种到处是牙医的文化，我没法给别人解释不要给小孩钻牙？以前就被人说我阻止牙医帮他，说我虐待儿童。我要是跟别人说蛀牙跟饮食有关，一般几乎没有美国人理解。我想不到帮他的办法。孩子已经习惯被奴役，不敢哭闹。我以前找牙医说过两次希望他不要再动小孩的牙齿，我说孩子每天晚上做噩梦好几年了，牙医说去找心理医生跟他无关。我说孩子反正要换牙，牙齿又不疼，你可以不动，他说是孩子自己要动的（他爸和牙医联合说谎）您说怎么办？</p>",
      "level": 0,
      "highlight": false,
      "children": [
        {
          "id": "4d8c461d52eef9a02f55d34f68dfe642",
          "author": "李宗恩",
          "time": "2020年12月13日 12:52",
          "content": "<p>可以多使用中藥牙粉刷牙來防止蛀牙，然而，家裡重大爭議問題，不是外人能幫忙的。</p>",
          "level": 1,
          "highlight": true,
          "children": []
        }
      ]
    },
    {
      "id": "434b77b984d787bab35de17890d3abc6",
      "author": "古中医爱好者",
      "time": "2020年12月12日 21:21",
      "content": "<p>李醫師，如果以外行來評價本次的經方演講，所謂的言簡剛中，易經說的。這個會議只是政治正確，然後找財政撥款，就這樣，是在治病，治錢呢？不良之朝廷命官。仁者見智。多說無用。</p>",
      "level": 0,
      "highlight": false,
      "children": [
        {
          "id": "734a7bcba61651fe8500b863f447bfc7",
          "author": "李宗恩",
          "time": "2020年12月13日 12:58",
          "content": "<p>我知道你的意思，不過，朝廷命官能讓江湖俠客說說話，也不容易了。</p>",
          "level": 1,
          "highlight": true,
          "children": []
        }
      ]
    },
    {
      "id": "a4dfd9a37426ad9720094fc9a1d8597b",
      "author": "沈嫱",
      "time": "2021年01月06日 17:07",
      "content": "<p>请教李老师，关于得了新冠以后，张文宏医生说要保证蛋白质的摄入，每天保证4个鸡蛋，还要喝牛奶，鱼汤，来增加抵抗力，以防转为重症。但是似乎不符合中医理论。请问您是如何看待这个问题的？</p>",
      "level": 0,
      "highlight": false,
      "children": [
        {
          "id": "427c3cbd9bef0622590039e3aa612d32",
          "author": "李宗恩",
          "time": "2021年01月06日 22:06",
          "content": "<p>我不知道這位張醫師的說法有什麼根據，牛奶增加脾濕，會讓問題更加複雜。要增加對抗疫情的能力，不如服用桂枝湯加五苓散。</p>",
          "level": 1,
          "highlight": true,
          "children": [
            {
              "id": "de1090ea6636faa930174ebf6e378819",
              "author": "沈嫱",
              "time": "2021年01月07日 07:09",
              "content": "<p>感谢李老师的解答，这样我就有底气跟家人说了。</p>",
              "level": 2,
              "highlight": false,
              "children": []
            }
          ]
        }
      ]
    },
    {
      "id": "7762e361a37b30d1413a13e09dd3acbb",
      "author": "救救红斑狼疮的孩子",
      "time": "2021年02月01日 08:08",
      "content": "<p>您好，李医生，紧急求助。我家女儿在九岁时确诊红斑狼疮脑病，一直吃了一年多西药后，被我自己私下叫停，因为服西药虽然脸上红斑没有了，但是，却有其他副作用。停西药后，脸上红斑开始长起来了。又联系不上大陆的其他倪老师的徒弟，很心急，孩子越来越瘦的皮包骨头了。听了网上倪老师的课说红斑狼疮的病因，但是，我家孩子还是个小孩子，没有奶水啊。请帮帮我们，全家感恩不尽。</p>",
      "level": 0,
      "highlight": false,
      "children": [
        {
          "id": "89cafc7cbb1448aeec3b1e073733c821",
          "author": "李宗恩",
          "time": "2021年02月01日 16:39",
          "content": "<p>我無法在網上針對個案一一討論，時間不足，無法應付。如果真的有需要遠程看診，請和診所聯絡: <a href=\"mailto:info@youngQi.com\">info@youngQi.com</a></p>",
          "level": 1,
          "highlight": true,
          "children": []
        }
      ]
    },
    {
      "id": "58a22277b404fadc52e895de6274c2fa",
      "author": "hongfeng",
      "time": "2021年02月20日 06:03",
      "content": "<p>请问李医师，有没有来加拿大讲课的机会，本人是个患者也是个中医爱好者。不知道是不是远程看诊效果未必理想。</p>",
      "level": 0,
      "highlight": false,
      "children": []
    }
  ],
  "page": 17,
  "order": 8,
  "filename": "data\\page17\\page17_order7_de1090ea6636faa930174ebf6e378819.json"
}