{
  "article_url": "https://andylee.pro/wp/?p=9337",
  "title": "第四屆加拿大國際傳統醫學大會",
  "content": "<figure class=\"wp-block-image size-large\"><a href=\"https://andylee.pro/wp/wp-content/uploads/2020/12/Screen-Shot-2020-12-20-at-9.39.30-AM.png\"><img alt=\"\" class=\"wp-image-9339\" decoding=\"async\" fetchpriority=\"high\" height=\"575\" sizes=\"(max-width: 1024px) 100vw, 1024px\" src=\"https://andylee.pro/wp/wp-content/uploads/2020/12/Screen-Shot-2020-12-20-at-9.39.30-AM-1024x575.png\" srcset=\"https://andylee.pro/wp/wp-content/uploads/2020/12/Screen-Shot-2020-12-20-at-9.39.30-AM-1024x575.png 1024w, https://andylee.pro/wp/wp-content/uploads/2020/12/Screen-Shot-2020-12-20-at-9.39.30-AM-300x168.png 300w, https://andylee.pro/wp/wp-content/uploads/2020/12/Screen-Shot-2020-12-20-at-9.39.30-AM-768x431.png 768w, https://andylee.pro/wp/wp-content/uploads/2020/12/Screen-Shot-2020-12-20-at-9.39.30-AM.png 1078w\" width=\"1024\"/></a></figure>\n<p>第四屆加拿大國際傳統醫學大會將於12月27～30日舉行，因為新冠疫情，也改為網上會議，但仍然頒發加拿大卑詩省和阿爾伯特省的再教育學分。</p>\n<p>這次教學演講，按照主辦單位邀約及加拿大中醫師群的期待，講題和剛剛舉辦過的廣州中醫藥大學國際經方班一樣為「新冠瘟疫病情發展與治療」。這半年來我講過這個主題許多次了，雖然不同單位邀約下我還是會加加減減一些內容，已經聽過的讀者們大概不需要再聽一次，畢竟這次大會是收費的。</p>\n<p>不過，這次大會演講，我決定講句重話，在這裡和讀者們分享：「一群西醫師，利用下班時間學習中醫不到兩年，可以使用中醫方法成功對抗新冠肺炎疫情 。身為執業中醫師，如果達不到同樣的療效及信心，請重新思考你對中醫的理解及學習方式 ….. 復興中醫，必須回歸臨床治療急重症的療效，而不是虛無縹緲的高談闊論，更不是什麼自我發明！」</p>\n<div class=\"wp-block-file\"><a href=\"https://andylee.pro/wp/wp-content/uploads/2021/01/第四屆加拿大國際傳統醫學大會-寬版.pdf\">投影片：第四屆加拿大國際傳統醫學大會 – 寬版</a><a class=\"wp-block-file__button\" download=\"\" href=\"https://andylee.pro/wp/wp-content/uploads/2021/01/第四屆加拿大國際傳統醫學大會-寬版.pdf\">下載</a></div>\n<p>大會網頁：<a href=\"https://www.ictmhw.com/\">https://www.ictmhw.com/</a></p>\n<p>微信連結：<a href=\"https://mp.weixin.qq.com/mp/homepage?__biz=MzU4MDAxODMzMg==&amp;hid=17\">https://mp.weixin.qq.com/mp/homepage?__biz=MzU4MDAxODMzMg==&amp;hid=17</a></p>\n<figure class=\"wp-block-image size-large\"><a href=\"https://andylee.pro/wp/wp-content/uploads/2020/12/qrcode.bmp\"><img alt=\"\" class=\"wp-image-9340\" decoding=\"async\" height=\"129\" src=\"https://andylee.pro/wp/wp-content/uploads/2020/12/qrcode.bmp\" width=\"129\"/></a></figure>",
  "article_time": "2020年12月20日 11:08",
  "comments": [
    {
      "id": "0a0dbbf39320d145eae02c03df09395c",
      "author": "魯豆腐",
      "time": "2020年12月20日 16:51",
      "content": "<p>言簡剛中，一語中的，這才是真正能治重症的好中醫</p>",
      "level": 0,
      "highlight": false,
      "children": []
    },
    {
      "id": "b44b1374c157f693969419ef2cc3e475",
      "author": "明遠",
      "time": "2020年12月20日 19:54",
      "content": "<p>有許多中醫師因為沒有名師指導所以醫術不佳，他們需要像倪老師這樣的大師幫助。</p>",
      "level": 0,
      "highlight": false,
      "children": []
    },
    {
      "id": "959d4a0395445fc4b7607531d68391f1",
      "author": "xianglei",
      "time": "2020年12月22日 01:36",
      "content": "<p>李老师，四川江油中坝附子科技发展公司生产的附子有蒸附片，炒附片，生附片，黑顺片，白附片，淡附片，炮附片，盐附片，熟附片，炮天雄，刨附片，黄附片，卦附片十三种规格，您用的是里面的哪种规格？麻烦您看到能回一下信息谢谢</p>",
      "level": 0,
      "highlight": false,
      "children": [
        {
          "id": "c543b202a21713ff26a595da5a60f133",
          "author": "李宗恩",
          "time": "2020年12月22日 13:58",
          "content": "<p>四川江油中坝附子科技发展公司本來有低溫烘焙的無膽巴炮附片，但可能因爲成本過高，沒有再生產了。目前大概只有無膽巴的炒附片比較接近，但炒附片是使用較高溫且短時間來制藥，藥性比低溫烘焙差一些。我診所是進沒有加工的生附片，我們自己用烤箱低溫烘焙，挺耗時間的，但正宗許多。</p>",
          "level": 1,
          "highlight": true,
          "children": [
            {
              "id": "64d6e36ec4777949e9673cbfac96a55c",
              "author": "xianglei",
              "time": "2020年12月22日 21:46",
              "content": "<p>您说的低温烘焙就家用的烤箱可以吗？还有上次听您课说85度烤两个半小时或者45度烤一天，买的生附片还需要再清洗或者晒晒太阳再烤吗，还是直接买回来就可以直接在烤箱里面烤？谢谢您</p>",
              "level": 2,
              "highlight": false,
              "children": [
                {
                  "id": "18a7270151e84b24c0e0a09c463b5249",
                  "author": "xianglei",
                  "time": "2020年12月22日 21:49",
                  "content": "<p>这个温度是一定的吗？如果不是45度，85度，如果是60度或者45度到85度之间，烤的时间和温度都是定量不能变吗？</p>",
                  "level": 3,
                  "highlight": false,
                  "children": []
                },
                {
                  "id": "17bdc0effeb7f9acbaf8887a1f3fd246",
                  "author": "李宗恩",
                  "time": "2020年12月24日 16:05",
                  "content": "<p>經過多次測試，我們認為150度烤三個小時最適宜，不過中間得翻動多次，避免部份烤焦。乾的生附片直接烤即可。</p>",
                  "level": 3,
                  "highlight": true,
                  "children": []
                }
              ]
            }
          ]
        },
        {
          "id": "7a21fd84b552332bbc78fa0dec305f33",
          "author": "ieitZYB",
          "time": "2020年12月24日 21:01",
          "content": "<p>所谓古法的一个视频了解一下：<br/>\n<a href=\"https://v.qq.com/x/page/t0564jl40rw.html\" rel=\"nofollow ugc\">https://v.qq.com/x/page/t0564jl40rw.html</a></p>",
          "level": 1,
          "highlight": false,
          "children": []
        }
      ]
    },
    {
      "id": "094f39829c7f90851fa22cc6dbc2c93c",
      "author": "明遠",
      "time": "2020年12月22日 19:22",
      "content": "<p>李醫師 您好:</p>\n<p>您提到沒有加工的生附片，是新鮮含有水分的生附子嗎?還是已經乾燥過後的生附子?</p>\n<p>謝謝</p>",
      "level": 0,
      "highlight": false,
      "children": [
        {
          "id": "3fd95c03e88a8aab52bc87fcfc225f55",
          "author": "李宗恩",
          "time": "2020年12月22日 19:35",
          "content": "<p>乾燥過後的生附子</p>",
          "level": 1,
          "highlight": true,
          "children": []
        }
      ]
    }
  ],
  "page": 17,
  "order": 6,
  "filename": "data\\page17\\page17_order5_18a7270151e84b24c0e0a09c463b5249.json"
}