{
  "article_url": "https://andylee.pro/wp/?p=4833",
  "title": "昨夜的夢",
  "content": "<p>昨天晚上我做了一個特別的夢，夢境非常真實清楚，夢醒後心中的感覺依然盪漾在腦海裡。</p>\n<p>我夢見我為一位面對死亡的病人辦了一個活動，場景是一個森林山邊的大草原，有些像我常去的Palo Alto Foothills Park，但是大了很多倍。夢境一開始時，我把病人的親朋好友都請到這個大草原來，我為病人和他各個親朋好友照相，鼓勵他們在照相時反應出他們平時的互動及感情，或許是常吃喝玩樂，或許是常鬥鬥嘴皮，好讓病人的情感留在一張張的相片裡。</p>\n<p>然後，我要病人和每一位親朋好友一一道別，雖然這只是這個活動的道別，我要病人把它當作他這一生中最後一次和這位親友說話，放下所有的牽掛，誠懇平靜的道別。</p>\n<p>與親友道別之後，我要病人沿著森林中的小徑自己一個人徒步爬山。我告訴病人，一個人在森林中小徑爬山，會感到孤獨、陰森、害怕、無助，這就好像一個人得親自面對死亡，自己單獨走過死亡的過程。我告訴病人，這只是一個用來體會的經驗，我會跟在他後面不遠之處，如果他真的需要幫助，我會趕上去幫他，但是我要他忘了我的存在，去體會、甚至去享受這樣的孤獨與未知。</p>\n<p>那條森林中的小徑，峰迴路轉，上上下下後，又回到了那個森林山邊的大草原。病人喜出望外的看到了原來辦活動的大草原，更驚訝的是，每個親朋好友依然在那個草原上等他回來，他們的衣服換了、容貌變了，但是彼此之間的熟悉與許許多多的感情依舊。病人與他們彼此相互擁抱，病人感動的哭了，親朋好友哭了，我也流下了眼淚。當夢境清醒時，我的眼睛依然是濕的。</p>\n<p>死亡這條路，是孤獨、害怕、未知的，每個人都得自己去面對、自己去走完這條路。然而，我們的靈魂只是短暫的離開這個熟悉的世界，走過那條曲折的小路後，我們的靈魂又再度回來，那些我們牽掛萬千的親朋好友們，外貌變了、名字變了，但他們的靈魂依舊在等我們回來，歡迎我們回來，同時會有更多新的靈魂加入我們的生活裡，豐富我們的感情與經驗。</p>",
  "article_time": "2018年05月07日 10:57",
  "comments": [
    {
      "id": "affad32ef49ff85a9ca97228555b8014",
      "author": "Ferry瑞芳",
      "time": "2018年05月07日 17:20",
      "content": "<p>When you are infinitely close to death, you will have a deep understanding of the meaning of life.- Heidegger</p>",
      "level": 0,
      "highlight": false,
      "children": [
        {
          "id": "b61bba0b37621319690c79a9fb582625",
          "author": "andy",
          "time": "2018年05月09日 13:35",
          "content": "<p>Yes, and the meaning of life might be quite different from what many people are going after, such as power and money.</p>",
          "level": 1,
          "highlight": true,
          "children": []
        }
      ]
    },
    {
      "id": "1a3a403cbc2fe4df8a165ea257634fab",
      "author": "王彦强",
      "time": "2018年05月07日 18:35",
      "content": "<p>李医师，山东有位紫极先生，倪师当初也认识他吗？他在讲道医，好多东西跟倪师很像。</p>",
      "level": 0,
      "highlight": false,
      "children": [
        {
          "id": "d2e358aacad5aaa15816b00551d0483d",
          "author": "andy",
          "time": "2018年05月09日 13:37",
          "content": "<p>我不知道，沒聽倪老師提過，倪老師應該不認識他。那也不奇怪，很多人看了倪老師的文章，贊同他的理念，得到很多的啟發，因而也轉過來告訴別人。</p>",
          "level": 1,
          "highlight": true,
          "children": []
        }
      ]
    },
    {
      "id": "2fd3307dc400f8a48785e04677c51374",
      "author": "轻安",
      "time": "2018年05月10日 12:06",
      "content": "<p>有时梦比现实更接近真相</p>",
      "level": 0,
      "highlight": false,
      "children": []
    },
    {
      "id": "42bdb51d72f7f547d3c1e033a7a79928",
      "author": "jonsongu",
      "time": "2018年05月14日 16:54",
      "content": "<p>李医师，您好。说下自己的案例。几周前有咨询过您，大腿外侧的胆经哪里痛–过去无法分清肌肉痛还是筋痛，你的提示是血里的水不足。因为从有痛到现在差不多有近2个月，我换了好几种汤剂，补血，解肌的。其实回归到八纲辨证，近几年经常会在1点–5点醒来，有时候是肝的时间，有时候是肺的时间，不是每天，但是是经常性的。这个筋痛，在下午3点开始发作，在5–7点最厉害，躺下后好些，坐下就痛，真的难受。某天咳嗽，一咳就带动大腿的筋痛。肝在横膈附近，咳嗽时横膈会上下移动，一定是肝肿大或胆肿大，在横膈移动时压迫了肿大区，我试图按压肝区的部位，无明显的压痛感。思考后决定用泄南补北的方式，柴芩郁胆去泄，山药茯苓白术去实脾，补骨脂炮附泽泻阳起石熟地去补水。真的哦，奇迹出现了，2剂后非常明显，第三剂后筋痛的症状消失了。还有一个指症，半夜2点多会大便，平时不会的。一定是血不能归肝，流到大肠推动大肠蠕动产生大便。真的好开心。神农本草是熟悉的，但不会脉诊，眼诊，靠自己的问 闻症，自己问自己嘛。八纲辩证真的需要深入学习。再次谢谢李医师的医案给予的启迪。大概肝实之症都是如此的治疗方向。</p>",
      "level": 0,
      "highlight": false,
      "children": [
        {
          "id": "c23d08064ab4ef69ce92c83955558e9d",
          "author": "andy",
          "time": "2018年05月23日 11:48",
          "content": "<p>不錯，看來也是一個好的醫案。</p>",
          "level": 1,
          "highlight": true,
          "children": []
        }
      ]
    },
    {
      "id": "7546afb0b4d41cfbcaadf9e34080fa01",
      "author": "王彦强",
      "time": "2018年05月17日 18:32",
      "content": "<p>李医师您那有牙粉吗？我的牙不好，想购买点牙粉</p>",
      "level": 0,
      "highlight": false,
      "children": [
        {
          "id": "03c9a9d1ec1cca9e66a08511840c5b02",
          "author": "andy",
          "time": "2018年05月23日 10:10",
          "content": "<p>有，請和診所聯絡。</p>",
          "level": 1,
          "highlight": true,
          "children": [
            {
              "id": "2a1e232d4d52cecca8a2bf403d9e651e",
              "author": "子淇",
              "time": "2023年07月03日 12:42",
              "content": "<p>这个我可以买吗 还是和汉唐类一样,大陆不能</p>",
              "level": 2,
              "highlight": false,
              "children": []
            }
          ]
        }
      ]
    },
    {
      "id": "e3da77a5197e3c1ade73f83f1fc4c014",
      "author": "jonsongu",
      "time": "2018年05月18日 06:02",
      "content": "<p>李医师，请看链接 <a href=\"https://mp.weixin.qq.com/s/UN1ePfcuP-3MM6_QJkZ1cA\" rel=\"nofollow ugc\">https://mp.weixin.qq.com/s/UN1ePfcuP-3MM6_QJkZ1cA</a>  瞎猜下  这样的腹泻，应该是热症，就是葛芩连症</p>",
      "level": 0,
      "highlight": false,
      "children": [
        {
          "id": "1f3509620b2c8b4a1001da79d6396140",
          "author": "andy",
          "time": "2018年05月23日 12:07",
          "content": "<p>看症狀的描述，確實很可能從葛根黃芩黃連湯的方向思考。</p>",
          "level": 1,
          "highlight": true,
          "children": []
        }
      ]
    },
    {
      "id": "ecc9d48822f6e384355b07be471b2039",
      "author": "Jessica",
      "time": "2018年05月23日 22:51",
      "content": "<p>李医师，您好！我从大约两年前开始大腿根部长有白斑，到去年慢慢后背腰部，手腕处都开始有了白斑，应该是白癜风吧，请问李医生这种病可以治好吗，怎么治疗，饮食和生活上应该注意什么，真的好怕白斑会扩大影响生活</p>",
      "level": 0,
      "highlight": false,
      "children": []
    },
    {
      "id": "eff878a30ff7177ee323a57feb08e171",
      "author": "Irina Chang",
      "time": "2018年05月29日 19:33",
      "content": "<p>李醫師，<br/>\n您好<br/>\n想跟您詢問關於電子書出版的事，請問如何與您聯繫呢?<br/>\n謝謝</p>",
      "level": 0,
      "highlight": false,
      "children": [
        {
          "id": "9a092e80d32dad08ebc948d9d6f0d318",
          "author": "andy",
          "time": "2018年05月30日 10:21",
          "content": "<p>可以電郵到診所info@youngQi.com，讓我來了解一下情況。</p>",
          "level": 1,
          "highlight": true,
          "children": []
        }
      ]
    },
    {
      "id": "68168d08877ef9f6a9874f6c50c9bc5d",
      "author": "王彦强",
      "time": "2018年06月02日 01:06",
      "content": "<p>李医师，跟据你的事绩拍成的电影今年上行吗，好期待。</p>",
      "level": 0,
      "highlight": false,
      "children": [
        {
          "id": "2ba1ed358b59402ee2d88aa2f186f329",
          "author": "andy",
          "time": "2018年06月14日 15:48",
          "content": "<p>不知道，影視公司有他們自己的製作節奏，也會評估其它電視電影劇的時間配合，以及大陸政策的變化。</p>",
          "level": 1,
          "highlight": true,
          "children": [
            {
              "id": "80ae9d64aa686699cc13cadce3c025f7",
              "author": "爱上中医",
              "time": "2018年06月17日 18:30",
              "content": "<p>您要出电影了吗，好期待。一定要广而告之！</p>",
              "level": 2,
              "highlight": false,
              "children": [
                {
                  "id": "8e3eadf412cdee92a899f18db783fcb5",
                  "author": "andy",
                  "time": "2018年06月19日 09:55",
                  "content": "<p>大陸的傳媒製作公司一年前開始籌劃電視劇，進度我不清楚，根據他們原先的解釋，一部好的電視劇，從開始討論到真的上演，平均需要兩年半到三年的時間，如果國家審核有意見，那會拖的更久。</p>",
                  "level": 3,
                  "highlight": true,
                  "children": []
                }
              ]
            }
          ]
        }
      ]
    },
    {
      "id": "c391b55b591856d7ce65763e4978df22",
      "author": "webber",
      "time": "2018年08月19日 22:47",
      "content": "<p>李醫師,我媽媽曾經因為肺腺癌開刀過兩次,期間也因為腦膜瘤開刀過兩次,最近一次是今年一月腦膜瘤開刀,但過了半年腦還是長出東西來了,請問腦膜瘤在中醫上要如何處理,在台灣有好的中醫師推薦嗎?</p>",
      "level": 0,
      "highlight": false,
      "children": [
        {
          "id": "712c9bf36c053e5a1ba25025f3380625",
          "author": "andy",
          "time": "2018年08月20日 14:48",
          "content": "<p>很難過聽到你母親有肺腺癌、腦膜瘤以及復發，看來病情不輕且複雜，中醫治療也不是一件容易的事情，不是短短幾句話就能解釋清楚。或許你可以上網查一下倪海廈老師在台灣的開業學生。</p>",
          "level": 1,
          "highlight": true,
          "children": []
        }
      ]
    },
    {
      "id": "60a47057446be18835a513452ca5289a",
      "author": "知守",
      "time": "2023年06月20日 04:28",
      "content": "<p>黑森林</p>\n<p>游若昕</p>\n<p>在大家的<br/>\n掌声中<br/>\n一个人<br/>\n走了进去<br/>\n不知过了<br/>\n几千年<br/>\n几万年<br/>\n这个人<br/>\n再也没有<br/>\n走出来</p>\n<p>2015年12月27日</p>",
      "level": 0,
      "highlight": false,
      "children": []
    }
  ],
  "page": 35,
  "order": 3,
  "filename": "data\\page35\\page35_order2_1a3a403cbc2fe4df8a165ea257634fab.json"
}