{
  "article_url": "https://andylee.pro/wp/?p=5885",
  "title": "FM96.1：春眠不覺曉 為何睡不好？",
  "content": "<figure class=\"wp-block-audio\"><audio controls=\"\" src=\"https://andylee.pro/wp/wp-content/uploads/2019/06/S-20180403春眠不覺曉-為何睡不好？.mp3\"></audio></figure>\n<p>（語音檔案由FM96.1電台提供，文章摘錄撰寫中，請稍加等待謝謝。）</p>",
  "article_time": "2018年04月03日 11:50",
  "comments": [],
  "page": 35,
  "order": 8,
  "filename": "data\\page35\\page35_order7_ce6bf6cf8b2cd72b7b4c9ff6a46ce218.json"
}