{
  "article_url": "https://andylee.pro/wp/?p=4757",
  "title": "FM 96.1： Lipitor 集體訴訟，看病“求快”的危害",
  "content": "<!--[if lt IE 9]><script>document.createElement('audio');</script><![endif]-->\n<audio class=\"wp-audio-shortcode\" controls=\"controls\" id=\"audio-4757-1\" preload=\"none\" style=\"width: 100%;\"><source src=\"https://andylee.pro/wp/wp-content/uploads/2018/03/drtalk-20180306-507-533pm-23m31s_converted.mp3?_=1\" type=\"audio/mpeg\"/><a href=\"https://andylee.pro/wp/wp-content/uploads/2018/03/drtalk-20180306-507-533pm-23m31s_converted.mp3\">https://andylee.pro/wp/wp-content/uploads/2018/03/drtalk-20180306-507-533pm-23m31s_converted.mp3</a></audio>\n<p>上月，美國最高法院表示拒絕受理輝瑞 (Pfizer) 製藥廠提出的涉及延緩非專利品牌 (generic brand) 的降膽固醇藥進入市場 (Pay-for-Delay) 的相關上訴。</p>\n<p>這則新聞讓人聯想起幾年前關於Lipitor的集體訴訟，Lipitor, 中文譯名為「立普妥」，被廣泛用來降膽固醇、降血脂。作為世界第三大藥廠輝瑞 (Pfizer) 的拳頭產品，Lipitor的銷售份額曾占公司總營業額的25%。2012年2月，美國食品藥物管理局 (FDA) 發布了關於「立普妥」和他汀類藥物 (Satin) 的聲明警告：服用這些藥物的患者發生高血糖和乙型糖尿病的風險可能會增加，並責令對藥物的標籤進行更改以警示潛在副作用。 繼FDA聲明後，「立普妥」在美國被近4千名的服用者提告，原因是輝瑞明知「立普妥」會引起乙型糖尿病，卻從未提出警告。原告律師表示婦女服用「立普妥」引發乙型糖尿病的機率比男性高，但從藥品得到的療效卻較男性少。</p>\n<p>臨床上中、西藥都常看到「三高」的藥物互相導致另兩高。很多人在幾年前得了其中的一高，五年、十年以後「三高」都得齊了。中醫認為這不奇怪，「三高」和肝、脾很有關係，可能是肝脾互克呈現出的一種現象。肝臟製造並重複使用膽固醇，肝血和血壓有關；中醫認為的脾臟包含胰臟，因為胰臟分泌胰島素來控制血糖平衡，所以脾臟和高血糖直接相關。西醫只看一個數值，服用西藥可能可以將數值很快降下來，但是這就代表病治好了嗎？不見得，隱藏的致病因子還在，單純地將膽固醇指數降下來，要付出很大的代價，比如副作用可能是高血糖或是心臟衰竭等。很多事情並沒有速成的答案，就像止痛藥一樣，或許能暫時減輕病人痛苦，但不能根治疾病。</p>\n<p>最近不幸又發生了幾起校園射殺事件，槍械需要管制，但我們來對照一下，在美國一年因醫療事故和藥品濫用所造成的死亡人數：</p>\n<ul>\n<li>因槍支死亡的人數為兩萬三千多人</li>\n<li>因醫生處方的鴉片類藥物濫用造成的死亡人數為五萬多人</li>\n<li>正常感冒（不含流感）死亡兩萬多人</li>\n<li>西醫誤治 (malpractice) 死亡二十五萬人</li>\n</ul>\n<p>僅看第二項，數字就很驚人了，那為什麼大家還吃呢？ 是Necessary Evil （An evil that must be allowed for a greater good to result. ）嗎? 吃藥把數值降下來，身體就健康了嗎？要知道這並不是身體自己產生平衡後降下來的。</p>\n<p>我們來談談常常被大家誤解的「膽固醇」。膽固醇是製造細胞膜、膽汁、荷爾蒙的重要原料，是維持人體機能正常運轉的不可或缺的物質，它靠脂蛋白（lipoprotein）作為載體運送到身體各個組織並回收到肝臟。LDL (Low-density lipoprotein, 低密度脂蛋白) 負責將膽固醇運送到全身各處，而 HDL (High-density lipoprotein, 高密度脂蛋白) 負責將膽固醇收回至肝臟。不同的脂蛋白運送的膽固醇成分是一樣的，只是密度不同的脂蛋白對血管的影響不一樣。過多的低密度脂蛋白（LDL）會讓血管產生斑塊、堵塞，所以被很多人認為是「壞膽固醇」。那為什麼LDL會太多？因為身體到處都有炎症，膽固醇是身體每一個細胞的必要物質，就像救火，需要派出消防車撲火一樣的道理。失火了，不應該禁止救火車的出行，而應該調查為什麼到處失火。</p>\n<p>西醫看到一個小問題，但用藥後卻產生更大的問題，很多人還是願意服用，除了一部分人不明副作用之外，還有的就是希望化學藥物帶來速效的治療方法。美國人均壽命在提高，可是生活品質卻在下降， 現代人的最後二、三十年要比父輩、祖父輩過得痛苦，這也是吃藥圖速效帶來的後果。</p>\n<p>案例分享：女性，五十五歲，小腸疝氣。該病人腹膜有個破洞，有一小段小腸會掉到洞卡在那裏，有食物經過時會很痛。西醫會裝個人工网膜（Mesh）把小腸拉起來，病人覺得很快就好了，可是難保什麼時候腹膜又會破個洞，若是來不及動手術，可能造成嚴重的小腸壞死、腹膜炎。中醫認為疝氣是患者中氣不足造成的器官下陷，若是中氣足，即使有洞，小腸也不易往下掉。李醫師在臨床治好不少例，中氣不足的原因可能是小腸不夠熱，而小肠不够热是由于心陽下不去，心阳下不去是由于肝血不足等，臨床上一步步往回推，直到找到問題的源頭。這位病人在治療期間由於各種原因，病情起起落落，但大體都在往好的方向發展，最後花了半年治好了小腸疝氣，避免了西醫的手術，雖然療程比李醫師預計的要長，但是病人覺得很值得，因為避免了以後的問題。</p>\n<p>上面的案例是病人在西醫的開刀和中醫的中藥結合針灸之間選擇，做決定可能會簡單些；要是從簡單的吃抗生素和吃中藥二者擇一，恐怕很多人就會選擇看似速效的抗生素了。其實，中醫在治療很多疾病上並不比西醫慢，比如流感，抗生素的效果不好，中醫很多流感案例一個禮拜就能治好。</p>\n<p><strong>熱線電話（一）</strong></p>\n<p>Lisa：請問壞的膽固醇高怎麼辦？對身體有什麼影響？</p>\n<p>李醫師：LDL不叫壞的膽固醇，LDL(低密度脂蛋白)，它是膽固醇的一種載體，負責把膽固醇帶到身體各處。LDL太高的話，在某種情況下可能會造成血管賭塞，需要治療。但治療的重點不在於把LDL降下去，而是解決身體長期的發炎狀態，讓LDL自己降下去。每個人的情況不一樣，可能是肝脾互克產生的一個現象，要看醫生，讓醫生決定怎麼治療。重點是不要過於心急，中醫也有很強的中藥也能做到降下指數。例如有些清肝的藥很強，可是對病人的身體有傷害，一個有道德的醫生不應該在病程一開始就用這麼強的藥。重病另當別論。</p>\n<p><strong>熱線電話（二）</strong></p>\n<p>王小姐：中醫對痔瘡有什麼辦法？</p>\n<p>李醫師：中醫對90%的痔瘡很有效，治療也很簡單。一位二十幾歲女病人晚上不睡覺，痔瘡好幾年，西醫認為只有開刀才能解決，但開刀後還會復發。我們幾個禮拜就治好了。中醫基本上認為痔瘡是身體寒濕，濕熱下注的結果，不用大黃、芒硝這麼強的藥，而用赤小豆排濕，槐花涼血，當歸潤便， 大便順暢就不會在傷口癒合階段造成問題。</p>\n<p><strong>結語：</strong>請醫生治病不要心急，花點時間和醫生好好溝通，遵守醫囑，及時回診，只有醫患之間相互信任、互相配合，才能一起把根本問題治好。</p>\n<p><strong>（語音檔案由FM96.1電台提供，文章摘錄自語音檔案內容，部分文字略有異同，敬請見諒。）</strong></p>",
  "article_time": "2018年03月06日 17:34",
  "comments": [
    {
      "id": "5b8cf038d8881f1e484e94e2ac96d59f",
      "author": "王彦强",
      "time": "2018年03月24日 19:36",
      "content": "<p>这个部落格是连接高科技，现代医学和古典中医学的桥梁。不但让自己受益匪浅，我还将把它的精神发扬出去让周围的朋友懂的什么是真正的医学，并且了解明白科学和科技，让人们不迷茫，不迷信现在所谓的“科学”。倪师虽远去，但一定要把他的志向发扬光大！不辜负倪师生前的谆谆教诲！</p>",
      "level": 0,
      "highlight": false,
      "children": []
    },
    {
      "id": "cf15b8cf5a6fe8b508f3617c8449dc5c",
      "author": "Sisi",
      "time": "2018年03月24日 23:12",
      "content": "<p>李醫師請問 白內障與視神經退化 這方面有中藥可協助嗎？</p>",
      "level": 0,
      "highlight": false,
      "children": [
        {
          "id": "76c2f1dcc09f6a1e17aa77cdf0a28f3d",
          "author": "andy",
          "time": "2018年03月27日 10:14",
          "content": "<p>治好白內障與視神經退化並不容易，中藥配合針灸，可以減緩惡化，但是一旦質變後，要逆轉很不容易。</p>",
          "level": 1,
          "highlight": true,
          "children": []
        }
      ]
    },
    {
      "id": "b9e123bcdcce0fcf326422e4b77ee016",
      "author": "jonsongu",
      "time": "2018年03月27日 03:45",
      "content": "<p>李医师，请教一个问题，如果脊椎哪里生骨刺，或骨头有点突出，压迫神经，导致腰部 臀部以下，持续的痛，该从哪个角度去思考治疗呢，肾主骨，骨头突出为肾水太盛—凸在外面为阳，用寒凉的药去泄？那么神经哪里痛又是寒束缚了血管神经，是否是泻药和热药并用呢？谢谢。</p>",
      "level": 0,
      "highlight": false,
      "children": [
        {
          "id": "d94b5cd28b63b7cd72183310437f4d71",
          "author": "andy",
          "time": "2018年03月27日 10:27",
          "content": "<p>脊椎骨頭沒事不會長出個骨刺來，多半是不斷受到刺激所造成，如果不是寒濕入骨節導致的關節炎，通常是脊椎四周的筋、韌帶、肌肉拉力不均，造成脊椎骨頭位置不正確而受到刺激。因此，不是用什麼寒涼藥去瀉，而是得思考肝血潤筋出了什麼問題，當然，還是得補骨、補腎、利水，減緩骨刺惡化。</p>",
          "level": 1,
          "highlight": true,
          "children": [
            {
              "id": "0fde7f1f0e54097708a4ea86632ccf8e",
              "author": "jonsongu",
              "time": "2018年04月02日 16:12",
              "content": "<p>李医师，是这样的，大概4年前，下楼梯滑倒，背部第5，6椎哪里被撞击，后脑勺也被撞击，但是只是痛。后来发生过2次，腰部臀部痛-类似坐骨神经痛，X光片说脊椎哪里有凸出，具体部位忘了，靠膏药和止痛药过日子，大致一周后没事了。现在这个问题又来了，从臀部沿着胆经痛到委中哪里，躺着舒服，坐着就痛，站着好一点点。谢谢您的提醒，试着开了汤剂，甘姜苓术汤+玉竹 桂枝+补骨脂 牡蛎 熟地 炮附+天麻 伸筋草，重用熟地 牡蛎。说实在话，大陆没好的中医，只能靠自己一点对经方的领悟。谢谢。</p>",
              "level": 2,
              "highlight": false,
              "children": [
                {
                  "id": "3978ce88304125f1b402117a43caa68d",
                  "author": "andy",
                  "time": "2018年04月06日 10:11",
                  "content": "<p>大陸還是有不少好的中醫，只是得花許多精神去尋找，而稍有名氣的中醫，常常得等很久才看得到診。</p>",
                  "level": 3,
                  "highlight": true,
                  "children": []
                }
              ]
            }
          ]
        }
      ]
    },
    {
      "id": "f5dee9249f3d17a7e3f0ad74cafcdb98",
      "author": "Yi",
      "time": "2018年04月08日 20:54",
      "content": "<p>请教李医师，当归赤豆散用汤剂可以吗，还是说散剂效果更好？</p>",
      "level": 0,
      "highlight": false,
      "children": [
        {
          "id": "2e1df298d2612e849f44f312dd31653d",
          "author": "andy",
          "time": "2018年04月09日 08:59",
          "content": "<p>散劑效果比較好。</p>",
          "level": 1,
          "highlight": true,
          "children": []
        }
      ]
    },
    {
      "id": "678ab13588b70453af59a6b4fe2bc2f1",
      "author": "新小岩",
      "time": "2018年04月18日 18:00",
      "content": "<p>李医师，您好。<br/>\n我想问一下您是如何判断视神经退化和质变？<br/>\n是靠西医的检测，还是中医的诊断，或者是靠中医治疗之后的反馈？<br/>\n临床上扎针治疗视力，有的效果宏大，有的却没有多少效果。<br/>\n我有些摸不清着落。</p>",
      "level": 0,
      "highlight": false,
      "children": [
        {
          "id": "85c3ce50e13105f3605f526daefb26bf",
          "author": "andy",
          "time": "2018年04月20日 10:10",
          "content": "<p>雖然質變可以從外面觀察出來，而視神經退化可以從病人陳述的症狀來辨別，西醫眼科醫師有比較精準的儀器及方法來斷定，我們中醫師不需要覺得有什麼不好，當然，治療上面，中醫還是得依照辨證論治來處理，西醫的診斷為參考。針灸，或許可以說是人體系統上不同開關的調整，以期待人體從不平衡狀態返回平衡狀態，因而能自我調整及康復，然而，當病人身體或局部問題嚴重到某個程度，已經完全失去自我調整的能力時，針灸的療效是有限的。</p>",
          "level": 1,
          "highlight": true,
          "children": []
        }
      ]
    },
    {
      "id": "bbbc52f9e76a91a6db4e9dc34e86acc4",
      "author": "贖罪者",
      "time": "2018年05月21日 22:54",
      "content": "<p>FYI<br/>\n<a href=\"https://finance.technews.tw/2018/05/22/mike-moore-want-to-challenge-painkiller-companies-after-20-yrs/\" rel=\"nofollow ugc\">https://finance.technews.tw/2018/05/22/mike-moore-want-to-challenge-painkiller-companies-after-20-yrs/</a></p>",
      "level": 0,
      "highlight": false,
      "children": [
        {
          "id": "ede85e83988d3454b62b4985b4a20d32",
          "author": "andy",
          "time": "2018年05月23日 12:54",
          "content": "<p>西藥廠的勢力、財力、及對美國政客的影響力，遠遠大過菸草公司，這將是一件很有意義卻非常辛苦的挑戰。</p>",
          "level": 1,
          "highlight": true,
          "children": []
        }
      ]
    },
    {
      "id": "a667254f297e9e5245c4f0c4f37a17a4",
      "author": "明遠",
      "time": "2021年08月14日 19:47",
      "content": "<p>李醫師 您好:</p>\n<p>1.您提到:LDL太高的話，在某種情況下可能會造成血管賭塞，需要治療。但治療的重點不在於把LDL降下去，而是解決身體長期的發炎狀態，讓LDL自己降下去。</p>\n<p>請問:身體發炎對應到中醫的辨證，是屬於濕熱嗎?如果不是，那是?</p>\n<p>2.您提到:中醫也有很強的中藥也能做到降下指數。例如有些清肝的藥很強，可是對病人的身體有傷害，一個有道德的醫生不應該在病程一開始就用這麼強的藥。重病另當別論。</p>\n<p>請問:如果是重病，要用比較強的清肝藥，那要如何避免對病人身體的傷害?</p>\n<p>謝謝!</p>",
      "level": 0,
      "highlight": false,
      "children": []
    },
    {
      "id": "9418e55bf073a3dc9c90b77d1bad5afc",
      "author": "明遠",
      "time": "2023年07月12日 19:24",
      "content": "<p>李醫師 您好:</p>\n<p>以前台灣張步桃醫師說蓮藕清除血管阻塞的效果很好。請問您的經驗也是如此嗎?</p>\n<p>謝謝</p>",
      "level": 0,
      "highlight": false,
      "children": [
        {
          "id": "72632d4d2a985e610422e7e287b6897f",
          "author": "李宗恩",
          "time": "2023年07月13日 15:27",
          "content": "<p>效果有限。</p>",
          "level": 1,
          "highlight": true,
          "children": []
        }
      ]
    }
  ],
  "page": 35,
  "order": 10,
  "filename": "data\\page35\\page35_order9_678ab13588b70453af59a6b4fe2bc2f1.json"
}