{
  "article_url": "https://andylee.pro/wp/?p=3221",
  "title": "電視節目：《當張仲景遇上斯坦福》（十一）重解針灸 － 能量配電圖",
  "content": "<p><iframe allow=\"accelerometer; autoplay; clipboard-write; encrypted-media; gyroscope; picture-in-picture; web-share\" allowfullscreen=\"\" frameborder=\"0\" height=\"281\" referrerpolicy=\"strict-origin-when-cross-origin\" src=\"https://www.youtube.com/embed/6Pqsd4JXVlI?feature=oembed\" title=\"《當張仲景遇上斯坦福》 （十一）重解針灸——能量配電圖\" width=\"500\"></iframe></p>\n<p> </p>",
  "article_time": "2015年11月13日 13:44",
  "comments": [
    {
      "id": "798cb1907b4555aae9d98430449d3870",
      "author": "魯豆腐",
      "time": "2015年11月13日 16:34",
      "content": "<p>每次進來接觸 Dr. 李解析中醫的用針藥之理，就能感受到古聖先賢研究出治病智慧的高度，謝謝</p>",
      "level": 0,
      "highlight": false,
      "children": []
    },
    {
      "id": "cd621bbea649a6ca5a12004364a5fb28",
      "author": "jimmysam2002",
      "time": "2015年11月17日 23:16",
      "content": "<p>李醫生:<br/>\n   我在運用簡單地的牛頓力學原理處理小孩的運動傷害及自己跟家中長輩的肌肉酸痛退化問題時，<br/>\n發現這種處置方法是物理性的且應屬於傳統的中醫範疇，並且似乎可以解釋針灸在酸痛方面的作用。<br/>\n請問您台灣有可以共同探討的中醫師嗎? 主要是能從基本物理學角度及基本人體特性來做比較的。</p>",
      "level": 0,
      "highlight": false,
      "children": [
        {
          "id": "e728d820cf937ebf9a4cf16aaf4ca3d0",
          "author": "andy",
          "time": "2015年11月18日 08:56",
          "content": "<p>台灣有許多不錯的骨傷科中醫，我想他們都會很有興趣。</p>",
          "level": 1,
          "highlight": true,
          "children": [
            {
              "id": "39f5c632fcdfd333e3743a131bab9a5c",
              "author": "jimmysam2002",
              "time": "2015年11月18日 16:30",
              "content": "<p>其實我目前遇到的困境是:大部分的醫生只對跟普通人說不清道不明的專業說法有興趣，反而對淺顯易懂操作簡單，但是原理清楚又對病人有益的事拒之千里。<br/>\n   我的發現我曾經寫信給數十位中西醫專家，但是只有一位台大退休又得癌症的病理學專家曾與我聯絡，但是他對中醫部分沒接觸，雖然他也與我採取同樣的方法，但是他稱之為:，雖然我試圖深入解釋但可能因為年紀關係，<br/>\n他的興趣不大。<br/>\n   西醫的冷漠我可以理解是因為藥商的龐大利益，中醫我就不清楚了。<br/>\n會看到你的部落格是因為，記得前兩個月在倪海廈先生的文章中看到類似的句子:</p>",
              "level": 2,
              "highlight": false,
              "children": [
                {
                  "id": "f4fd663c3a6274b16b757d623cad70ee",
                  "author": "jimmysam2002",
                  "time": "2015年11月18日 16:35",
                  "content": "<p>上文  但是他稱之為:漏植</p>\n<p>倪海廈先生類似的句子:凡是對病人有益的事我們就去做去說，<br/>\n不要為了個人的私利而不行正義之事……</p>",
                  "level": 3,
                  "highlight": false,
                  "children": [
                    {
                      "id": "ccd5a0d43b9811ebf1bde8ffa174ae62",
                      "author": "jimmysam2002",
                      "time": "2015年11月18日 16:37",
                      "content": "<p>括號裡的文字會不見</p>\n<p>他稱之為:老祖宗的智慧</p>",
                      "level": 4,
                      "highlight": false,
                      "children": []
                    }
                  ]
                }
              ]
            }
          ]
        }
      ]
    },
    {
      "id": "0711bc0ea4475b3a04284b3f71a4b8c1",
      "author": "山水",
      "time": "2015年11月20日 05:36",
      "content": "<p>倪粉向李師求助：<br/>\n    李師您好，我是倪師的粉絲，前一段時間因母親體弱多病，長期吃西藥，我覺得對她健康很不好，為了讓她健康起來，我開始學習倪師的人紀，但是進入冬天以後母親身體越來越差，我這裡也找不到一個可以讓我信任的中醫生，所以特向您求助。<br/>\n   我母親主要病症如下：<br/>\n一、腹脹滿，腹內無硬結，脹得嚴重時候會出現左肋下緣疼痛；<br/>\n二、有中消情況，飯後兩小時就饑餓，但是不想食東西；<br/>\n三、前一段時間偶有驚悸現象，近期心動悸逐漸加重，一周前服炙甘草湯一劑，沒效不說，反出現脈結代情況；最近一周結代加重，出現一段時間內頻繁心臟停跳狀況，自覺心跳無力，弱；神不守舍，一點響動都會讓她受到驚嚇，前幾天吃了一劑黃連阿膠雞子黃湯，沒有效果，反因胃苦傷到她味覺，不敢再吃；<br/>\n四、今年3月時月前因長地間咳嗽，發生過一次氣短呼吸不上氣，當時輸大參脈針後好轉，近期又出現氣短情況，並越來越重。<br/>\n五、她胃一直很差，長期有胃炎，冒酸，叮心，近期因食物發生過兩次胃痛，常覺食物不化，哽塞在喉嚨處。<br/>\n六、身體虛弱，針刺會氣短，不能針；艾炙中脘、足三裡會眼睛乾澀難忍，不能炙。味厚的藥，如複方阿膠漿之類的藥會消化不好，甚至引起胃痛。<br/>\n    她的舌苔白、較厚、有濕，大小便基本上正常，手足也溫，只是近幾日開始出現手足偶有涼的情況。<br/>\n    我很擔心她的狀況，但不知該如何下手，特向李師求救，請您幫幫我。</p>",
      "level": 0,
      "highlight": false,
      "children": [
        {
          "id": "79eac8ad338b0a06dfa643c57a94b884",
          "author": "andy",
          "time": "2015年11月23日 12:40",
          "content": "<p>看起來你母親的問題有些複雜，肝、膽、脾／胰、胃、心、肺等等都被牽連到，直覺上來說，我覺得她的上中下焦都集有寒濕，五臟六腑交通受阻，典型的「臟結」。動這個臟，那個臟不適，動那個臟，這個臟不適。這個時候，不要強攻，先以利水為宜，可以服用苓桂朮甘湯、五苓散等一陣子後，看你母親的變化情況，再決定下一步。不過，最好找一位好的中醫親自看診，在複雜的情況下，網上問問題是不能真的解決事情的。</p>",
          "level": 1,
          "highlight": true,
          "children": [
            {
              "id": "c7447212ec0475cc2472de4f9f3fda04",
              "author": "leon",
              "time": "2016年01月05日 04:59",
              "content": "<p>李老师，我妈妈开始脚水肿（肾炎综合症）后来去找倪师高徒看后，先是利尿，第二诊用大黄攻下，后来开始全身水肿。现在肝有腹水，咳嗽严重。最后一次用黑丑丸想把腹水功出，一天拉了6次， 功后现在很难大便。 现在肚子很胀，吃饭都没胃口，一天只吃一点点。咳嗽严重。虚弱无力。倪师高徒现在开熟附子10，白术20 苍术20，荆芥12，生牡蛎，陈皮10，干姜10，桂枝6，五味子6，桃仁3，黄芪20，茯苓15，葶苈子8，杏仁10. 但是效果不是很好，希望李老师指点方向。</p>",
              "level": 2,
              "highlight": false,
              "children": [
                {
                  "id": "a08e556f3c3c0cd59b3658b9085ce0fb",
                  "author": "andy",
                  "time": "2016年01月05日 11:34",
                  "content": "<p>請問是那一個倪老師學生開的方？你回覆時，我們可以不公開。我沒有看到病人本人，很難評論病情及醫師處方，如果只憑你寫的內容，似乎有些疑問，請再多解釋一下病情。</p>",
                  "level": 3,
                  "highlight": true,
                  "children": [
                    {
                      "id": "f78a611505f794d871fbc34768ffb36e",
                      "author": "leon",
                      "time": "2016年01月08日 22:32",
                      "content": "<p>首先感谢倪老师高徒谢育和大夫的看诊，这个病是去年开始的主要症状是脚水肿，西医判断为肾炎综合症和肾功能不全，经西医治疗后心脏又出问题–冠心病。吃他克莫司胶囊。后来出院后停了西药改吃金贵肾气丸几个月后脚肿好转没有水肿。和常人一样，今年又去医院检查说很严重住院后感冒于是脚又开始肿。出院后去谢大夫哪里看诊，谢大夫说肾脏情况很差病机比较复杂，各个脏腑都有毒，第一诊开了熟附子和利尿药，一个星期后脚肿没消，但睡眠，胃口，大小便都和常人差不多就是脚痛。第二诊改用功大便方式希望把毒和痰和水从大便出。脚肿还没消，第三诊还是熟附子，芒硝利尿药，从那次后每次喝药都呕吐，让吃藿香正气水去感冒，吃饭胃口好转就是怕肉和鱼。第四诊开始水肿蔓延到上身。开始出现咳嗽一躺下就可得更严重，腹部胀满，肚子肉按下去弹不回来，针扎下脚去出水。尿一天3次左右，卧蝉位肉很厚，浑身肉痛，躺也不是坐也不是，只能右側睡，左側睡和仰卧肚子被扯痛，整个人很虚，睡到床上后气都要喘很就才能恢复，吃东西感觉到胸口就下不去，水和食物感觉无法消化在胃翻滚，很容易饿但每次只能吃一点就胀着肚子。胸口有很奇怪的感觉说不出什么感觉。一咳嗽就有干呕的情况，咳嗽严重，血压升到190。最后一诊用黑丑丸攻肝腹水和肺积水，一天拉了6次没有吐，从那以后更虚，本来大便还可以拉，后来拉不出没有力气拉。妈妈不愿吃中药了，停了一个星期药，我按照倪师的方法用茨实，薏仁，莲子，甘淡渗利去腹水方法做成糖水，现在的情况是咳嗽还有，比较厉害，腹胀减轻了些，胃口好转，也能大便了。小便也还可以，精神恢复很多，能下床坐坐看看电视。脚水肿消了很多，针扎到脚上无水出，但上身和手还肿。最难受就是咳嗽，和腹胀，腰本来痛后来吃了几天羊肾煮杜仲好了大半。我妈妈是坚决不透析的。我也相信中医可以治好我妈妈的病。我在深圳，如果李老师知道深圳哪里有高人可以治这病的话求帮忙介绍。倪师的书我是爱不释手的。感谢倪师和谢大夫，他们都是我的贵人。</p>",
                      "level": 4,
                      "highlight": false,
                      "children": []
                    }
                  ]
                }
              ]
            }
          ]
        }
      ]
    },
    {
      "id": "56f63a80d52ba7e67d283e2c9c1c2793",
      "author": "山水",
      "time": "2015年11月28日 03:53",
      "content": "<p>謝謝李師給予答復，這對我來說是莫大的幫助，萬分感謝！前幾天帶我母親去了醫院作了檢查，所有項目查完後沒有發現任何器官病變，後去找了中醫生，也是投以炙甘草湯加減，服藥兩天後，心動悸略有好轉但脅痛加重。您的分析給我指明了方向，我想只要方向對了，我母親會很快恢復的，再次謝謝李師！</p>",
      "level": 0,
      "highlight": false,
      "children": []
    },
    {
      "id": "550b2ee85bf6254f54bdb37b147fd3fb",
      "author": "CAT",
      "time": "2016年05月10日 17:15",
      "content": "<p>請教李醫師，不知道可不可以分享您學下針時後的經驗。您練習下針的時候是先下自己還是老師帶您下別人？下別人怎麼知道有沒有「得氣」？因為下太淺也許沒到位，怎樣也沒氣，而酸麻脹的感覺是要靠病人講，而粉紅色的一圈氣的現象有可能會因人而異。總不可能一直攆針攆到看到粉紅為止吧？</p>",
      "level": 0,
      "highlight": false,
      "children": [
        {
          "id": "6e572392a41a87c32d8e516226514006",
          "author": "andy",
          "time": "2016年05月23日 22:27",
          "content": "<p>一開始學針灸時，我是先下自己，自己下自己，才知道某個穴位的感受，也比較能體會那個穴位的意義。病人不一定都會出現粉紅色的一圈，你下針久了以後，你會有感覺是不是已經到位了。</p>",
          "level": 1,
          "highlight": true,
          "children": []
        }
      ]
    },
    {
      "id": "395975f4c20609d8c8f809eab8ca4efa",
      "author": "CAT",
      "time": "2016年05月24日 07:56",
      "content": "<p>謝謝您！</p>",
      "level": 0,
      "highlight": false,
      "children": []
    },
    {
      "id": "2fd4e595792c79cceaff6363964aa3d4",
      "author": "宇",
      "time": "2024年04月01日 07:04",
      "content": "<p>前兩年因為母親晨起面部水腫去正安找了謝育和醫師，暫且不評論他的醫術如何，個人認為他人品有問題，首先在得知我是中醫學生並且在學習倪老師的人紀後，就開始說中醫沒有西醫那樣有大量的數據支撐，並說古人平均壽命低來批判中醫的局限性，有意無意貶低中醫。再有便是當我提及我對倪海廈老師的看法時，他便說道“唉，網上很多東西騙人的看看就好”。其實當時選擇掛他的號是因為他在簡歷里寫著倪師徒弟，但背地裡卻又在貶低倪師，表裡不一，所以後續也沒繼續掛號複診。（寫這些東西只是想讓大家在求醫的時候擦亮眼睛多方求證，並不是師承於倪師就一定是明醫）</p>",
      "level": 0,
      "highlight": false,
      "children": [
        {
          "id": "de8cad7196724a7f97a0a6a38367f13b",
          "author": "邓文正",
          "time": "2024年04月02日 21:35",
          "content": "<p>正安中医以前的 施合一医生不错，其他的感觉一般，可惜施医生回台湾了</p>",
          "level": 1,
          "highlight": false,
          "children": []
        }
      ]
    }
  ],
  "page": 50,
  "order": 1,
  "filename": "data\\page49\\page49_order10_f78a611505f794d871fbc34768ffb36e.json"
}