{
  "article_url": "https://andylee.pro/wp/?p=3195",
  "title": "廣州中醫藥大學新聞發佈：經方明星亮奇招 「廣州經方班」更閃耀",
  "content": "<p><a href=\"https://andylee.pro/wp/wp-content/uploads/2015/11/link.jpeg\"><img alt=\"link\" class=\"alignnone size-full wp-image-3205\" decoding=\"async\" fetchpriority=\"high\" height=\"170\" sizes=\"(max-width: 640px) 100vw, 640px\" src=\"https://andylee.pro/wp/wp-content/uploads/2015/11/link.jpeg\" srcset=\"https://andylee.pro/wp/wp-content/uploads/2015/11/link.jpeg 640w, https://andylee.pro/wp/wp-content/uploads/2015/11/link-300x80.jpeg 300w\" width=\"640\"/></a></p>\n<p><a href=\"http://www.gztcm.com.cn/tabid/58/ArticleID/5711/Default.aspx\">http://www.gztcm.com.cn/tabid/58/ArticleID/5711/Default.aspx</a></p>\n<h3 class=\"detail_title\"><strong>经方明星亮奇招，”广州经方班”更闪耀 </strong>— 我院在重庆北碚成功主办第五届国际经方班</h3>\n<div>\n<p>由国家中医药管理局主管，广东省中医药学会、广州中医药大学第一附属医院主办，广州中医药大学附属重庆北碚区中医院承办的国家级继续教育项目第五届国际经方班暨十五期全国经方临床运用高级研修班于10月16日至10月19日在广州中医药大学附属重庆北碚中医院学术会议厅举办。</p>\n<p>来自美国、马来西亚、海峡两岸等地的知名经方大家齐聚一堂，传道授业，吸引了海内外近五百名学员前来报名听课。除主会场外，另两个分会场同步视频转播，第一时间领略了大师风采和临床经验。国医大师邓铁涛教授、马来西亚中医师总会谢奇荣誉会长为经方班题字赠宝，为本次大会增光添彩！国家中医药管理局人教司卢国慧司长、广州中医药大学王省良校长等领导出席并致辞，重庆市卫计委及中医药管理局、北碚区相关领导共同出席。国医大师邓铁涛教授通过经方班宣传片传递寄语。</p>\n<p>此次盛会明星闪耀。汇聚了包括国医大师唐祖宣教授，国家973首席科学家仝小林教授、王庆国教授，还有刘力红教授、黄煌教授、熊继柏教授、刘方柏、门九章教授等一大批国内经方明师，以及来自美国李宗恩博士、马来西亚谢奇院长、台湾赖荣年教授、罗明宇博士等经方高手，更推出吴中平教授、万鹏教授、颜芳主任、阮永队院长等经方新秀，拥有堪称绝活的金伟教授、张芗医师，以及在海外坚持推广中医五年来自甘肃卫生厅安平副厅长。研修班共安排21场专家授课，9场临床查房，11场专家访谈。学员学习热情高涨，会场时时传出热烈掌声。大师们各显风采，围绕三条主线：或从经方之理法方药剂量入手，或致力于中医学术传承与推广模式探讨，或针灸推拿与诊脉辨病贯通。内容涉及常见病、疑难病、危重症，更有一针睛明、一指推拿、盲人诊脉之绝招展现。传统与现代结合，临床与传承结合，重剂起沉疴与四两拨千斤结合，医技与医道、医德分享，中医与针灸、推拿、脉诊结合。经方班达到了“研修经旨，拓展思路，切磋技艺，提升学术”之目的。</p>\n<p>经典热潮也引发重庆电视台等当地传媒关注，对促进经方的现代临床应用，及中医临床人才培养产生了积极推动作用。由广东省中医药学会、广州中医药大学第一附属医院共同搭建的“经方班”平台，坚守“禀承、弘扬、推广仲景学术”宗旨，接地气，面向基层、面向临床，面向世界，“广州经方班”已成为享誉海内外继续教育品牌项目。</p>\n<p>另悉，2016年11月第六届国际经方班将回归我院举办，敬请大家持续关注。</p>\n</div>\n<div>\n<p>广州中医药大学中医经典临床研究所 李赛美、方剑锋报道</p>\n<p>2015年10月</p>\n</div>\n<p> </p>",
  "article_time": "2015年11月05日 13:03",
  "comments": [],
  "page": 50,
  "order": 4,
  "filename": "data\\page50\\page50_order3_7341659d12f1bb872ee3b4b91dda862c.json"
}