{
  "article_url": "https://andylee.pro/wp/?p=3173",
  "title": "俠客與朝廷命官",
  "content": "<p>上週四晚上從舊金山飛抵重慶，到了下榻的北碚南宇大酒店時，已經半夜十二點多了，北碚中醫院副院長萬鵬教授仍在旅館大廳迎接當晚到達的演講嘉賓。萬副院長很熱忱地歡迎我到重慶，也和我聊了一會兒。萬副院長說倪海廈老師和我，好像俠客一般，江湖上有所傳聞，但是人影少見，武功招式又和一般人不同，帶有相當的神秘色彩。</p>\n<p>我進入旅館房間後，思索了一下萬副院長的敘述，想想還形容的真好。中國大陸中醫本科訓練出來的中醫師們，就好像朝廷命官一般，有一定的方式來訓練、考核、升遷、管理等等，練的武功有特定的規範，擁有很多朝廷給的資源，但是受到朝廷成文與不成文規定的約束，又得遵守官場上的長幼尊卑。而俠客卻大不相同，平時隱藏在不為人知的地方，練的武功和朝廷規範背道而馳，自由行走江湖，既不受官場制度約束，也少與朝廷打交道。可是，當江湖出了事，朝廷解決不了時，俠客就在「沒有官銜」的情況下，被朝廷請來協助，事情解決了，又歸隱山林，不與朝廷命官爭功。</p>\n<p>這次到廣州中醫藥大學附屬重慶北碚中醫院演講及查房教學，進一步了解了中國大陸科班訓練的中醫師是如何臨床看診的，也多了解一些這些「三甲」中醫院的運作程序，感觸很多，也有些無力感。</p>\n<p>查房教學兩次以後，幾位資深的主任醫師在我面前討論，他們說像我這樣用純中醫方法看診的中醫師，在中國大陸大概沒有了，絕大多數的中醫師都是要病人去驗血、驗尿、CT、MRI、照胃鏡等等，看著那些西醫檢驗報告，知道西醫這個病名那個病名後，再「翻譯」成中醫的對應，再想該開什麼中藥方。中醫「辨證論治」的精髓，變成了中藥材對應西醫病名，雖然每位中醫師對應的策略與選取的中藥材不盡相同，但是，如果西醫病名是「胃潰瘍」，那治病的起始點就是「胃潰瘍」，而不會是「太陰證」、「肝木剋脾土」、或者其它各種中醫辨證的起始點。這樣「中西合併」的方法，好處是容易「整齊一致」，病人在這家大型中醫院診斷為「胃潰瘍」，換到另外三四家大型中醫院，八九不離十，也都是診斷為「胃潰瘍」，不像以前看中醫，十個中醫有十一個說法，如此的改變，對「朝廷制度」的管理，是很有幫助的。但是，這種診斷方式，偏離中醫根本的理論與方法，對於一般的病症還可以處理，對於難度較高的病症，「深層內功」是打不出來的。</p>\n<p>「朝廷制度」也限制了醫師們的臨床治療。譬如說「細辛不過錢」，中國藥典規定細辛用量不得超過3克，即使許多中醫師知道其實這個限制是錯誤的，臨床上大家都儘可能不要自找麻煩，即使認為病人需要超過3克的細辛，也只好開3克將就將就。比細辛強悍的中藥，那連提都不要提，生硫磺、生附子、生半夏是不可能上藥方的。如果開的藥方不符合中國藥典的規範，而病人明明是因為其它原因出了事，病人或家屬來抗議鬧事，增加「領導」的麻煩，即使醫師沒有錯，也得低頭道歉，如果害了醫院賠錢，那麼醫師的未來可能將在病例整理室渡過，不要再奢想往上升遷。</p>\n<p>再來是大陸本科中醫師的訓練，絕大部分受到同樣教材及思維模式的限制，就好像「朝廷制度」下的制式武功，總是在同一個範疇裡找答案，很難有機緣來突破原有的範疇或做重大的改變。當然，有時也會有好的特例，譬如這次北碚中醫院腸胃科陶楊主任告訴我他的一個好案例。陶主任說前一陣子，有一位德高望重的老領導便秘嚴重，很不舒服，給一位知名的中醫看診，這位中醫認為是腸胃太熱、津液不足，於是開了些寒涼藥給老領導，老領導服用後第一週大便順暢，可是第二週又沒有效了。老領導只好找另一位知名的中醫看診，而這位中醫認為是腸胃太寒，開了些溫熱藥給老領導，老領導服用後，又是第一週好、第二週沒有效了。後來，這位老領導來看陶主任，陶主任看了前面兩位名中醫開的藥方，覺得兩位都有各自的道理，於是把寒涼藥和溫熱藥一起開給老領導，結果一週就把老領導治好了！這樣的思維突破，在中國大陸是很難得的，大多數的中醫都認為，把寒涼藥和溫熱藥開在一起，會互相抵消。陶主任這樣的寒熱互用，在朝廷制式武功下是很少見的，然而，對俠客而已，即使是大熱的附子及大寒的石膏，兩者開在一起時司空見慣的事，只要開方正確，各個中藥發揮其各自的功能，而不是互相抵消。（注：我演講中有醫師問到我一個案例中並用藜蘆和芍藥，在中藥「十八反十九畏」中，「藜蘆反芍藥」不可並用，下次有時間我再另外寫篇文章來討論。）</p>\n<p>而「朝廷制度」下，最大的影響是朝廷命官的考核與升遷。許多位對中國大陸醫學界熟識的人告訴我，撇下人際關係或利益交換不管，中國大陸的考核標準有幾項重點：科研結果、論文、出國學習、每年看的病人總數、每個病人治療的平均花費等等，而科研往往是最重要的一項。在中國大陸中醫界，做科研最好的路徑就是用小白鼠來做中藥化學成分的各種討論，既快速又有很多東西可以寫，一年發表好幾篇論文不是問題。這些博士碩士級中醫師很清楚，小白鼠實驗根本和人體沒有太大關係，但是，做人體實驗很麻煩、花費大、時間久，而且往往沒有結論，怎麼能用來升遷呢？那經典中醫智慧裡的邏輯判斷思維就根本不用想了，整理、思索、研究了幾年，可能連一篇論文都寫不出來，沒幾個還沒升到頂的中醫師會願意「自斷前途」。另一方面，「臨床治療效果」是不納入考核標準的，不是「朝廷制度」不想考核臨床治療效果，而是沒有辦法有系統的評估。在目前中國大陸醫保制度下，病人往往跑來跑去，又沒有國家中央集中的病例紀錄，臨床治療效果評估會太主觀，無法真正達到考核的目的。在這樣考核升遷的制度下，會願意犧牲難得的休息時間來專研中醫經典、精進醫術的中醫師已經不多了。（注：中國大陸現在也有不少的醫案，但是，仔細研究會發現往往只是「處理一時的症狀」，譬如肝癌的病人胃出血，中醫師用中藥停止了胃出血，就寫成「肝癌醫案」，那病人的肝癌？其它的病症呢？那就沒有討論了，又譬如肺癌的病人體力不好、吃不下飯，中醫師用「香砂六君子湯」來應付，就被寫成「香砂六君子湯治肺癌醫案」，那病人的肺癌呢？肺癌移轉的腦瘤又怎麼辦？這些都沒有被醫案給紀錄下來，或者病人看了幾次就不見人影了。）</p>\n<p>簡而言之，「朝廷命官」有很多的優勢，系統化訓練也好、資源也好，都有一定的制度，只要你肯認真照著做，官位就會一階一階的往上。不過，也因為制度「一致性」的要求，以及制度下種種的限制，「朝廷命官」有他們的苦衷，也有他們固定的思維模式。俠客就不同了，俠客平時沒有朝廷的照顧，卻也過得自在，無須應付官場上的倫理，躲在深山裡研究古老的武功秘笈，靠著不斷的實戰經驗來精進武功，不用管朝廷的考核標準。</p>\n<p>這次國際經方班，除了演講與差病房外，主辦單位還做了專訪錄影。專訪時，主持人問我，我學中醫才短短十年，為什麼就被排入了「全國級名醫榜」？我想了想，我回答：「因為我沒有浪費什麼時間」。是的，我一開始就跟著中醫大師級的倪海廈老師，找對了師父，指向了中醫經典智慧這條路，就已經比別人幸運很多，加上我沒有「朝廷制度」的負擔，專心練經典武功，無須赴京趕考，等到朝廷知道我的名字時，我已經是俠客了。不過，俠客終究是俠客，偶而出來和朝廷命官切磋武藝、幫忙抓一下江洋大盜就好，和朝廷接觸久了，就免不了落入「朝廷制度」的影響，失去了俠客該有的逍遙！</p>\n<p> </p>\n<p> </p>\n<p> </p>\n<p> </p>",
  "article_time": "2015年10月21日 15:23",
  "comments": [
    {
      "id": "18e28ff6ac22c2d7a73651d3cb2fd654",
      "author": "阿汪",
      "time": "2015年10月21日 16:36",
      "content": "<p>现在大陆（北京 上海 深圳，成都）越开越多的私人中医诊所，有多少可以突破大陆现有朝廷命官式的限制呢？</p>",
      "level": 0,
      "highlight": false,
      "children": []
    },
    {
      "id": "99f8cfe6e0854d7381321d5253dc8167",
      "author": "YD Huang （from Facebook）",
      "time": "2015年10月21日 17:55",
      "content": "<p>Andy,你的看法我完全認同,我是家傳中醫,在廣州求學的時候,就有你這種感覺,很強的無力感,但是大環境即是如此,人微言輕,許多院長主任在上,小醫生不敢違逆,查房的時候縱然有許多的想法,但是上面說甚麼就是甚麼,又能如何?我的診所有許多大陸的大商人,有頭有臉,在大陸找不到對的醫生(名醫很多,但是名醫不代表就是對的醫生),到我的診所看到我,一開始也是半信半疑,但是一劑知後,身體各方面都同步改善,紛紛詢問為什麼中國的醫師不做這樣的治療?而是用許多西醫系統來處理疾病,我都只能搖頭,很多人甚至每年定期來找我看病,甚至連家裡的長輩都帶來了,但是家裡的長輩一來,又是血壓血糖等等的,甚至吃瀉藥慢性軟便腹瀉讓身體特別疲勞,來降低血壓,但是長期如此腰椎開始虛勞出現退化,詢問時我跟他說必須先調好大便,但是初期血壓會有點波動,但是精神會比較好,他非常不能接受,他說中國的醫生都嚴格幫他控制血壓,絕對要在130/90左右,否則一定會中風,怎麼可以會影響到血壓?我真不知道該如何說!在中醫學院授課的時候,我發現在加拿大學中醫的學生喜歡純中醫環境,對中醫的醫理探求非常認真,與我在廣州求學的環境不同,廣州時大家非常推崇中西醫結合,西醫地位遠遠高於中醫,純中醫反而是讓人覺得落伍,但是仔細觀察溫哥華的中醫學院畢業的學生,實力都比廣州同年級的學生強不少,這裡的學生大二大三就已經開始自主的研習傷寒金匱,中醫實力比起大陸的正統中醫學生有過之而無不及,唯一的缺點就是西醫較為薄弱,但是想用中醫看病解決問題的熱忱是非常高昂的,廣州在我就學時,基本上一定是開西藥,就算中藥能與西藥並駕齊驅,但是也只是輔助的角色!在我教書的期間,有許多學生嚮往去大陸的三甲醫院實習,認為去了那裏就可以內力大增,增強中醫的實力,每當問到我的看法,我的回答,與你的文章內容相差不遠,看到你的文章後,實在是感觸良多,慶幸我能在溫哥華執業,慶幸美國有倪老師的學派還有你這麼出色的繼承人,希望你的影響力能讓中國的中醫環境有一點點的啟發!</p>",
      "level": 0,
      "highlight": false,
      "children": [
        {
          "id": "1e95f10c23ac6bc470106e48a060a176",
          "author": "andy",
          "time": "2015年10月21日 18:07",
          "content": "<p>或許事情也在改變，早個十年，朝廷是不會理俠客的，現在至少樂意與俠客交流，代表中國大陸仍有不少有志之士及有遠見的領導，我們和他們一起努力，總有一天可以發揚中醫經典智慧！</p>",
          "level": 1,
          "highlight": true,
          "children": []
        },
        {
          "id": "3eaead6b256e9f67c63411d04bea329e",
          "author": "吴茱萸",
          "time": "2025年04月26日 03:15",
          "content": "<p>你的诊所在哪？我在深圳。看到信息请留个联络方式。我好去找你。对医院失去信心。</p>",
          "level": 1,
          "highlight": false,
          "children": []
        }
      ]
    },
    {
      "id": "a089f5958c904216cc4648afc0ce5c04",
      "author": "逍遙中醫",
      "time": "2015年10月21日 17:57",
      "content": "<p>俠客醫者逍遙行，<br/>\n仰不愧於天，俯不怍於人，<br/>\n終究無悔矣。。。</p>",
      "level": 0,
      "highlight": false,
      "children": [
        {
          "id": "aab6acd7c4a262428241b838b9a600ba",
          "author": "andy",
          "time": "2015年10月22日 17:07",
          "content": "<p>Yes….</p>",
          "level": 1,
          "highlight": true,
          "children": []
        }
      ]
    },
    {
      "id": "8dada29cb98785c29ec1c88c8041a161",
      "author": "魯豆腐",
      "time": "2015年10月21日 19:21",
      "content": "<p>有幸遇上 倪師，在他帶領下經方弟子沒有浪費時間，直接開門見山入山跟他修習正確的古傳經方。<br/>\n現在外界漸漸見識到經方的威力了，也因此經方的弟子到了該替正統中醫宣揚之時。希望您能替<br/>\n倪老師發揚正統的中醫醫學，讓世人見見真正的中醫治症有多速效。</p>",
      "level": 0,
      "highlight": false,
      "children": [
        {
          "id": "ee0e99ad5dd70bdb4cfca5cc77739b01",
          "author": "andy",
          "time": "2015年10月22日 17:07",
          "content": "<p>謝謝鼓勵！</p>",
          "level": 1,
          "highlight": true,
          "children": []
        }
      ]
    },
    {
      "id": "9af58e11817f28efad7e3f39c0eb6a68",
      "author": "大有",
      "time": "2015年10月21日 22:57",
      "content": "<p>李醫師您好：請問中醫是否能夠治癒小兒所謂的高功能自閉症（或亞斯伯格症）？</p>",
      "level": 0,
      "highlight": false,
      "children": [
        {
          "id": "15738c865c2ef2861b2b1a0078595f10",
          "author": "andy",
          "time": "2015年10月22日 17:38",
          "content": "<p>雖然我們常提及中醫治療那個西醫病名，其實中醫是「辨證論治」，得要看病人身體那裡出了問題，導致外面表現出西醫某個病症。亞斯伯格症的外在表現，在中醫上可以有所解釋，但是，仍得看到病人，才能有比較大的把握來猜測中醫可以幫助多少。</p>",
          "level": 1,
          "highlight": true,
          "children": []
        }
      ]
    },
    {
      "id": "c63cc04d72e62753399d18c9454f4897",
      "author": "杭州阿坤",
      "time": "2015年10月24日 06:47",
      "content": "<p>好想看到李医师的演讲稿！</p>",
      "level": 0,
      "highlight": false,
      "children": [
        {
          "id": "bd4fc9aa714f898271b05b0e64553549",
          "author": "andy",
          "time": "2015年10月24日 09:39",
          "content": "<p>主辦單位會把與會講者的演講、專訪、查房等整理成書，預計幾個月後會出版。至於視頻是否上網，我得問一問，我猜可能不會，主辦單位應該是希望大家報名參加。</p>",
          "level": 1,
          "highlight": true,
          "children": []
        }
      ]
    },
    {
      "id": "7a0cacacc1114617c730b784317b7604",
      "author": "Frank",
      "time": "2015年10月24日 11:40",
      "content": "<p>Could some Chinese medicine become mainstream through this compounder approach ?</p>\n<p>On Thursday, Imprimis Pharmaceuticals announced a new proprietary combination therapy that uses the same active ingredients as Daraprim. It will sell a 100-count bottle for $99, or 99 cents a tablet.</p>\n<p>Imprimis’s substitute will be available to physicians and patients because the company makes compound medications, or customizable drugs that are available by prescription when a commercial medicine does not meet an individual’s needs. Toxoplasmosis therapy and dosage are well understood, but compounders work outside the FDA’s regulatory orbit and don’t conduct clinical trials for an FDA label.</p>",
      "level": 0,
      "highlight": false,
      "children": [
        {
          "id": "30f2d2b3eee3d01b8db0e7b6cb9ff98d",
          "author": "andy",
          "time": "2015年11月03日 08:24",
          "content": "<p>It is possible. However, depending on how the herbal products are used, it might not take full advantage of the rich knowledge of Chinese Medicine.</p>",
          "level": 1,
          "highlight": true,
          "children": []
        }
      ]
    },
    {
      "id": "b41881fec5e88ba8aeef1926deeb1f89",
      "author": "中医太美",
      "time": "2015年10月25日 21:46",
      "content": "<p>@杭州阿坤，我有整理出李医师的演讲稿，尤其是案例部分，每天在我的朋友圈发一个，我可以Email给你，我们也可以加个微信，自己看也可以的。</p>",
      "level": 0,
      "highlight": false,
      "children": [
        {
          "id": "05785e9a031f625c4b5244e3d88faae1",
          "author": "林福海",
          "time": "2015年10月27日 02:57",
          "content": "<p><a href=\"mailto:stfreesea@163.com\">stfreesea@163.com</a>我的邮箱，能否共享一份给我，不胜感谢！</p>",
          "level": 1,
          "highlight": false,
          "children": [
            {
              "id": "126845ffe2e3a608ab8d9c7f8065894a",
              "author": "李",
              "time": "2024年02月22日 01:15",
              "content": "<p><a href=\"mailto:1816519141@qq.com\">1816519141@qq.com</a>我的邮箱，可以分享一下，共同学习么，谢谢。</p>",
              "level": 2,
              "highlight": false,
              "children": []
            }
          ]
        },
        {
          "id": "905e6a0ef02da9bf6ca99b48e6077ff0",
          "author": "杭州阿坤",
          "time": "2015年10月27日 05:38",
          "content": "<p>我的邮箱  <a href=\"mailto:13905714218@139.com\">13905714218@139.com</a>  谢谢</p>",
          "level": 1,
          "highlight": false,
          "children": []
        },
        {
          "id": "d4da0240e72721791b0d680e2fe7ae67",
          "author": "中医太美",
          "time": "2015年10月28日 01:25",
          "content": "<p>好的。当然可以啦。</p>",
          "level": 1,
          "highlight": false,
          "children": [
            {
              "id": "6da0f8ded06c12837303bcfaab7df25c",
              "author": "中医太美",
              "time": "2015年10月28日 01:31",
              "content": "<p>已经Email。</p>",
              "level": 2,
              "highlight": false,
              "children": [
                {
                  "id": "76c05abf89355fc7a1840cb403f7c568",
                  "author": "Jerry",
                  "time": "2015年10月29日 03:17",
                  "content": "<p>幫我也發份行嗎？謝謝！<br/>\n<a href=\"mailto:jerry__peng@sina.com\">jerry__peng@sina.com</a></p>",
                  "level": 3,
                  "highlight": false,
                  "children": []
                }
              ]
            }
          ]
        },
        {
          "id": "139501745d7f8473f93ac78c8436c50f",
          "author": "michael",
          "time": "2015年10月29日 14:43",
          "content": "<p>麻烦帮助发一份。谢谢</p>",
          "level": 1,
          "highlight": false,
          "children": [
            {
              "id": "f5d1bbaabf66968aa3d7814819c8f914",
              "author": "michael",
              "time": "2015年10月29日 14:44",
              "content": "<p><a href=\"mailto:t@tianbao.me\">t@tianbao.me</a></p>",
              "level": 2,
              "highlight": false,
              "children": []
            }
          ]
        },
        {
          "id": "971f9c490ee647ba1c37bb0ea062d5e8",
          "author": "Ba UI",
          "time": "2015年10月29日 20:39",
          "content": "<p><a href=\"mailto:13481140747@139.com\">13481140747@139.com</a>我的邮箱，期待您的分享，共同学习，谢谢。</p>",
          "level": 1,
          "highlight": false,
          "children": []
        },
        {
          "id": "190d456c855e4f69b0b0194cbf135858",
          "author": "中醫新手",
          "time": "2015年10月30日 09:50",
          "content": "<p><a href=\"mailto:ccc.ph@live.com\">ccc.ph@live.com</a> 我的邮箱，能否共享一份?</p>",
          "level": 1,
          "highlight": false,
          "children": [
            {
              "id": "563853231d43f0b14f7782be9c2a9555",
              "author": "中医太美",
              "time": "2015年10月31日 05:11",
              "content": "<p>已经发送了</p>",
              "level": 2,
              "highlight": false,
              "children": []
            }
          ]
        },
        {
          "id": "b00ec1ef9a75d27c1f9781c88f5cc017",
          "author": "Seth",
          "time": "2015年10月31日 21:13",
          "content": "<p>我的郵箱 <a href=\"mailto:seth.hsieh@gmail.com\">seth.hsieh@gmail.com</a>，能否共享一份给我, 謝謝！</p>",
          "level": 1,
          "highlight": false,
          "children": [
            {
              "id": "02056bcde1064061d0bd6f34e64be5ee",
              "author": "中医太美",
              "time": "2015年11月03日 20:30",
              "content": "<p>已经发邮箱。</p>",
              "level": 2,
              "highlight": false,
              "children": [
                {
                  "id": "d7fe561457bf95311fe1a57a44631c65",
                  "author": "andy",
                  "time": "2015年11月04日 09:25",
                  "content": "<p>還是沒用收到，SPAM裡也沒用找到，可能被認為是病毒，給擋了下來。麻煩你不要用附件方式，直接把文字放在email裡，这样比较不会被spam/virus filter給擋下來。謝謝！</p>",
                  "level": 3,
                  "highlight": true,
                  "children": [
                    {
                      "id": "942836dbdf77750de38df8cb6aa15bde",
                      "author": "中医太美",
                      "time": "2015年11月04日 18:12",
                      "content": "<p>好的</p>",
                      "level": 4,
                      "highlight": false,
                      "children": []
                    }
                  ]
                }
              ]
            }
          ]
        },
        {
          "id": "a8151b3c752acd9b7e461a0d5c9d77a1",
          "author": "andy",
          "time": "2015年11月01日 08:58",
          "content": "<p>麻煩請你給我一份，我直接放在網上，你就不需要一個一個回覆！</p>",
          "level": 1,
          "highlight": true,
          "children": [
            {
              "id": "b03074a000a8e2f40e968bc217bd9635",
              "author": "中医太美",
              "time": "2015年11月03日 20:28",
              "content": "<p>前天发一次到info@youngQi.com,不知道为什么退了回来，昨天又发一次，不知道收到了没有？</p>",
              "level": 2,
              "highlight": false,
              "children": [
                {
                  "id": "f1412423c0d7d6fd55e6ce43452d6782",
                  "author": "小李",
                  "time": "2015年11月04日 17:26",
                  "content": "<p>邮箱593986588@qq.com能否共享一份给我，不胜感谢！</p>",
                  "level": 3,
                  "highlight": false,
                  "children": []
                }
              ]
            }
          ]
        },
        {
          "id": "22e2009c5305d6266094f843072c517f",
          "author": "中医学子",
          "time": "2015年11月13日 03:42",
          "content": "<p>我的邮箱：381812227@qq.com.希望能分享学习学习，谢谢。</p>",
          "level": 1,
          "highlight": false,
          "children": []
        },
        {
          "id": "a83ba0ba78bb3dc58a93c131ec6b42c3",
          "author": "gkr",
          "time": "2023年10月05日 08:36",
          "content": "<p>请发我一份拜托了 <a href=\"mailto:2115662972@qq.com\">2115662972@qq.com</a></p>",
          "level": 1,
          "highlight": false,
          "children": []
        },
        {
          "id": "adb2c2790726fb88612b8743dc489cce",
          "author": "WY",
          "time": "2024年02月22日 19:56",
          "content": "<p>麻烦发我一份，邮箱739947142@qq.com，谢谢！</p>",
          "level": 1,
          "highlight": false,
          "children": []
        }
      ]
    },
    {
      "id": "2b8c73ec9e7654069d2088ac8f5f7f54",
      "author": "王慶年",
      "time": "2015年10月26日 19:05",
      "content": "<p>@杭州阿坤:<br/>\n        微信的帳號可以告知嗎?<br/>\n         謝謝!</p>",
      "level": 0,
      "highlight": false,
      "children": [
        {
          "id": "ea4951015a0aa105a34bce2cafd5eb6d",
          "author": "杭州阿坤",
          "time": "2015年10月27日 05:44",
          "content": "<p>我的邮箱  <a href=\"mailto:13905714218@139.com\">13905714218@139.com</a>   谢谢</p>",
          "level": 1,
          "highlight": false,
          "children": []
        }
      ]
    },
    {
      "id": "0de22f0f03204bb770a8ba281ec3e51d",
      "author": "简医师",
      "time": "2015年10月28日 08:10",
      "content": "<p>如果可以的话，我也想要一份。我的邮箱是yqabs2008@163.com，谢谢。</p>",
      "level": 0,
      "highlight": false,
      "children": [
        {
          "id": "0af237143b2e54435effa4a94137a841",
          "author": "中医太美",
          "time": "2015年10月28日 23:09",
          "content": "<p>已经发到你的邮箱。</p>",
          "level": 1,
          "highlight": false,
          "children": []
        }
      ]
    },
    {
      "id": "cec46457e251f5466fb181973665b45e",
      "author": "xxgang",
      "time": "2015年10月29日 03:50",
      "content": "<p>一直希望能多学习，我也想要一份。我的邮箱是xxgang2013@163.com，谢谢。</p>",
      "level": 0,
      "highlight": false,
      "children": [
        {
          "id": "4034f29ace9a18738c0edc5e9c4aacf4",
          "author": "中医太美",
          "time": "2015年10月31日 05:10",
          "content": "<p>OK</p>",
          "level": 1,
          "highlight": false,
          "children": []
        }
      ]
    },
    {
      "id": "9740aefe345a9f34cea393c2b1ed0c51",
      "author": "新小岩",
      "time": "2015年11月04日 04:59",
      "content": "<p>对不起，我也想要一份。<br/>\n能不能帮我传送过来？麻烦你了。<br/>\n我的邮箱是，baobeibuku@Hotmail.com。</p>",
      "level": 0,
      "highlight": false,
      "children": []
    },
    {
      "id": "2cd7137e783ce65b4e802937e6bdef02",
      "author": "中医太美",
      "time": "2015年11月06日 17:14",
      "content": "<p>急性阑尾炎</p>\n<p>女 华人 24 下午突然右下腹部剧痛，痛到说不出话来，几乎无法走路，四肢冰冷，身体冒冷汗。</p>\n<p>症状符合急性阑尾炎</p>\n<p>急症处理：大黄牡丹皮汤加减</p>\n<p>针灸：阑尾穴 天枢穴 关元穴</p>\n<p>10分钟后痛减轻后，服用薏苡附子败酱散加减，在下针支沟 照海穴 梁丘穴 足三里， 痛点明显下降，放松很多，也不发冷了。</p>\n<p>处方：大黄 厚朴 枳实 丹皮 桃仁 薏苡仁 败酱草炮附子 生姜</p>\n<p>追踪：就诊当天就好多了，但是不放心又去医院检查，确定是急性阑尾炎发作，但是目前检查结果都已经正常了。</p>\n<p>有个疑惑：薏苡附子败酱散会不会在此多此一举呢？急性阑尾炎的话还不至于会化脓的。  还有一种可能，就是在那种紧急的情况下，没有十足的把握，这样可以确保万一。我查看了伤寒金匮的条辨，也看了曹颖甫的经方实验录，斟酌了半天，还是不明白，于是留言给李赛美教授，李教授认为：“古方新用吧，已病防变，提前干预。”</p>\n<p>不以为然，经方的力量还是很强大的，只要对症的话，提前干预就不必了吧。</p>\n<p>李医师有解惑，现贴在此处，大家一起学习: 关于薏苡附子败酱散，主要是因为除了西医所谓的阑尾炎外，病人也有可能是大便堵在大肠头部、进入阑尾的位置，或者两者都有，所以，我在疑似阑尾炎急诊时，多半会大黄牡丹皮汤加减及薏苡附子败酱散加减并用，因为急诊时是无法等到病人服药后出现反应来确诊，等抢先一步避免病情恶化，来不及处理。</p>",
      "level": 0,
      "highlight": false,
      "children": []
    },
    {
      "id": "35c86d5449ac60694b88caf398040675",
      "author": "许伟强",
      "time": "2015年11月16日 23:02",
      "content": "<p>能否分享我一份<br/>\n<a href=\"mailto:125006494@qq.com\">125006494@qq.com</a></p>",
      "level": 0,
      "highlight": false,
      "children": []
    },
    {
      "id": "7f723c803de7faa702e27c8e3bdd8db5",
      "author": "中医太美",
      "time": "2015年11月18日 18:14",
      "content": "<p>各位朋友：我有建一个“李宗恩”的微信群，大家可以进来一起学习。我的微信号码aa20060411,把李医师的现在视频的可以看到的每天整理出来，通过“jinghetangguoyiguan”这个公共账号发布出来，就是声音的不知道怎么听到没有整理，如果有听到的朋友，麻烦把音频的发给我，多谢。</p>",
      "level": 0,
      "highlight": false,
      "children": [
        {
          "id": "5bc655e296691811ef8dd311caa63eb8",
          "author": "木匠",
          "time": "2015年11月19日 20:05",
          "content": "<p>您似乎忘记放上【原文链接】</p>",
          "level": 1,
          "highlight": false,
          "children": []
        }
      ]
    },
    {
      "id": "49cc96af07b409242dcd938d85a4ba79",
      "author": "liu",
      "time": "2023年10月09日 19:36",
      "content": "<p>请发我一份拜托了</p>",
      "level": 0,
      "highlight": false,
      "children": []
    },
    {
      "id": "1f9ed7d78a5e8c1d22c388811aeb2f40",
      "author": "內經初學者",
      "time": "2023年10月10日 20:58",
      "content": "<p>所謂的「朝廷命官」也就是一群「奴才」而已！</p>",
      "level": 0,
      "highlight": false,
      "children": []
    },
    {
      "id": "d0ea9e20dfbf0e883be5dae33acd05a1",
      "author": "简单",
      "time": "2025年01月21日 01:12",
      "content": "<p>能否分享我一份，谢谢。2028412786@qq.com</p>",
      "level": 0,
      "highlight": false,
      "children": []
    }
  ],
  "page": 50,
  "order": 7,
  "filename": "data\\page50\\page50_order6_5f4c7a0433c2487978d35136132fed2d.json",
  "timestamp": 1746590557.1258106
}