{
  "article_url": "https://andylee.pro/wp/?p=3193",
  "title": "電視節目：《當張仲景遇上斯坦福》（十）從屠呦呦獲獎談中醫之精髓",
  "content": "<p><iframe allow=\"accelerometer; autoplay; clipboard-write; encrypted-media; gyroscope; picture-in-picture; web-share\" allowfullscreen=\"\" frameborder=\"0\" height=\"281\" referrerpolicy=\"strict-origin-when-cross-origin\" src=\"https://www.youtube.com/embed/BoD_4WRxz4U?feature=oembed\" title=\"《當張仲景遇上斯坦福》 （十）從屠呦呦獲獎談中醫之精髓\" width=\"500\"></iframe></p>\n<p> </p>",
  "article_time": "2015年11月04日 14:53",
  "comments": [],
  "page": 50,
  "order": 4,
  "filename": "data\\page50\\page50_order3_8618159eb7d7de1f1d35c0f0830e06f1.json"
}