{
  "article_url": "https://andylee.pro/wp/?p=6612",
  "title": "基因編輯、人工智能、與科學發明的道德倫理",
  "content": "<figure class=\"wp-block-image is-resized\"><img alt=\"\" class=\"wp-image-6668\" decoding=\"async\" sizes=\"(max-width: 1024px) 100vw, 1024px\" src=\"https://andylee.pro/wp/wp-content/uploads/2019/11/IMG_20191119_192010-1024x709.jpg\" srcset=\"https://andylee.pro/wp/wp-content/uploads/2019/11/IMG_20191119_192010-1024x709.jpg 1024w, https://andylee.pro/wp/wp-content/uploads/2019/11/IMG_20191119_192010-300x208.jpg 300w, https://andylee.pro/wp/wp-content/uploads/2019/11/IMG_20191119_192010-768x532.jpg 768w, https://andylee.pro/wp/wp-content/uploads/2019/11/IMG_20191119_192010.jpg 1819w\" width=\"700\"/></figure>\n<p>週二晚上，應史丹佛大學李飛飛教授的邀約，前往史丹佛大學商學院聆聽她與柏克萊加大Jennifer Doudna教授的座談會，題目是「CRISPR, AI, and Ethics of Scientific Discovery （基因編輯、人工智能、與科學發明的道德倫理）」。</p>\n<p>人工智能和基因編輯，兩個重大科技革命，不約而同的於2012年開始爆發，幾年之內，快速地顛覆了整個世界。李飛飛教授是世界首屈一指的人工智能專家，Jennifer Doudna教授是基因編輯技術CRISPR的發明人之一，把兩位科學界最重要的女士聚在一起來討論「科學發明的道德倫理」，實為難得。這場座談會擠滿了人，外面還排了長長的候補隊伍，期待能有幾個空位，讓他們也能進入會場，參加這場智慧的盛宴。史丹佛大學校長Marc Tessier-Lavigne特地前來開場致詞，也全程留下來聆聽兩位大師的對話。</p>\n<figure class=\"wp-block-image is-resized\"><img alt=\"\" class=\"wp-image-6675\" decoding=\"async\" sizes=\"(max-width: 908px) 100vw, 908px\" src=\"https://andylee.pro/wp/wp-content/uploads/2019/11/IMG_20191119_190648-1-908x1024.jpg\" srcset=\"https://andylee.pro/wp/wp-content/uploads/2019/11/IMG_20191119_190648-1-908x1024.jpg 908w, https://andylee.pro/wp/wp-content/uploads/2019/11/IMG_20191119_190648-1-266x300.jpg 266w, https://andylee.pro/wp/wp-content/uploads/2019/11/IMG_20191119_190648-1-768x866.jpg 768w, https://andylee.pro/wp/wp-content/uploads/2019/11/IMG_20191119_190648-1.jpg 975w\" width=\"700\"/></figure>\n<p>為什麼「道德倫理」這個話題，會同時在人工智能及基因編輯兩個領域受到全世界的高度關注？許多知名人士，包括Bill Gates、Elon Musk、甚至已故的Stephen Hawking，都曾表示過，人工智能這個惡魔（Demon）已經被釋放到了人間。而對基因編輯嬰兒的爭議及批評，比起人工智能，有過之而無不及。</p>\n<p>人們在害怕什麼？害怕人工智能剝奪了人類的工作機會，讓無數的人失業；害怕人工智能技術落入少數壞人手裡，讓他們做盡惡事，卻無影無蹤；害怕人工智能像電影演的一樣，反過來迫害、消滅人類。更害怕大家開始爭先恐後的基因編輯自己的後代；害怕人類製造出各種基因超人、科學怪人；害怕隱藏在基因編輯背後無人所知的變異，將把人類及其它各種生物帶入了滅絕的地步。這些許許多多的害怕是真實的，眾多人的擔憂不是沒有道理的。李飛飛教授在座談會上說，她大學是念物理的，現代物理學上的突破，造就了二十世紀的原子彈，結果殘害了很多人，而她現在也無時無刻不擔心，二十一世紀人工智能的突破，是不是也將為人類帶來浩劫？</p>\n<p>怎麼辦？李飛飛教授和Jennifer Doudna教授，兩人都希望能成立跨領域的國際組織來建立規範，並藉由下一代的教育來提升科學界的自律，避免人工智能及基因編輯被濫用、誤用。史丹佛大學已經設立了許多跨領域的課程，結合工程、醫學、法律、人文、藝術等等，也設立了不少專案，希望能對美國國會制定法律有些影響。不過，我們都知道，法律及道德只適用在好人身上，壞人是不會管什麼法律及道德的，任何的科學技術，都可能成為他們貪婪及犯罪的工具。人類的未來，將如同過往的數千年一樣，在正與邪的對抗下，繼續往前走。</p>\n<p>然而，在我心中卻有著一股不同其他與會者的憂傷。在這個世界頂尖的大學裡，一大群的知識份子聚在一起，來關心科學發明的道德倫理。這樣的舉動，並不是為了自身的金錢與名聲，而是對下一代、對人類的未來，表達知識份子對這個社會的責任與擔當。這樣偉大的情操，何時會在中醫界發生？西方科學之所以進步，不單單是靠著資源、頭腦、及努力，更重要的是科學家治學嚴謹的態度，實事求是的精神，以及對世界的責任感。華人引領的中醫界，卻充斥著似是而非的學說、誇大不實的宣傳，即使是中醫大學的教授們，大多數也只是照著書本依樣畫葫蘆，將模糊不清的知識，一代傳給一代，即使有成千上萬的論文，也經不起實際臨床治療效果的檢視。</p>\n<p>雖然中醫已經有兩千多年的傳承，是人類知識的寶物，現在中醫的治學嚴謹程度及道德倫理規範，卻遠遠落後其它學術領域。中醫必須重現出發，回歸到醫學最基本的層面，以臨床治療效果為最根本的要求，唯有以卓越的臨床治療效果為基石，才可能往上發展。不然，中醫將淪為虛無飄渺的雜技，在國際學術界裡，永遠不是一門學術。</p>\n<figure class=\"wp-block-image is-resized\"><img alt=\"\" class=\"wp-image-6667\" decoding=\"async\" sizes=\"(max-width: 1024px) 100vw, 1024px\" src=\"https://andylee.pro/wp/wp-content/uploads/2019/11/EFUIWa-U4AA3eUJ-1024x536.jpg\" srcset=\"https://andylee.pro/wp/wp-content/uploads/2019/11/EFUIWa-U4AA3eUJ-1024x536.jpg 1024w, https://andylee.pro/wp/wp-content/uploads/2019/11/EFUIWa-U4AA3eUJ-300x157.jpg 300w, https://andylee.pro/wp/wp-content/uploads/2019/11/EFUIWa-U4AA3eUJ-768x402.jpg 768w, https://andylee.pro/wp/wp-content/uploads/2019/11/EFUIWa-U4AA3eUJ.jpg 1200w\" width=\"700\"/></figure>",
  "article_time": "2019年11月20日 22:15",
  "comments": [
    {
      "id": "b7e9ec7aaad42c2d8fa29205653dea07",
      "author": "CYNL",
      "time": "2019年11月25日 04:56",
      "content": "<p>李醫師<br/>\n你好，本人是一名癌症患者(肺入骨)，身處香港，<br/>\n拜讀閣下網頁有一段時間已久，由未發現病患到現在確診，能否與閣正用電郵直接溝通，希望你以中醫師角度，能給與我一些寶貴的意見。</p>",
      "level": 0,
      "highlight": false,
      "children": [
        {
          "id": "7e0c0950b2d47bc28c509da11bfd2dbc",
          "author": "淳賓",
          "time": "2019年11月26日 03:16",
          "content": "<p>李醫師不會網絡上診斷並給出建議的..<br/>\n如果真的想尋求李醫師的幫忙你只能飛去美國去李醫師的診所面診了<br/>\n因為在網上給別人診斷並給出建議是對雙方的不尊重！</p>",
          "level": 1,
          "highlight": false,
          "children": []
        },
        {
          "id": "9b15c7b43683114c55a0099cbae1931a",
          "author": "andy",
          "time": "2019年11月26日 12:05",
          "content": "<p>感謝你長久的關注與支持，然而，很抱歉，我無法如此看診，這樣對病人是不負責仁的。如果有需要，請和診所約診。</p>",
          "level": 1,
          "highlight": true,
          "children": []
        }
      ]
    },
    {
      "id": "d5d2a6741a114a1d246274924b4b7c04",
      "author": "瑞芳",
      "time": "2019年11月26日 04:57",
      "content": "<p>人工智能科技越发达，失业率越高…</p>",
      "level": 0,
      "highlight": false,
      "children": []
    }
  ],
  "page": 26,
  "order": 3,
  "filename": "data\\page26\\page26_order2_9b15c7b43683114c55a0099cbae1931a.json"
}