{
  "article_url": "https://andylee.pro/wp/?p=7047",
  "title": "FM96.1：做了4個支架心臟還是難受該怎麼辦？",
  "content": "<figure class=\"wp-block-audio\"><audio controls=\"\" src=\"https://andylee.pro/wp/wp-content/uploads/2019/12/20191303-做了4个支架心脏还是难受该怎么办.mp3\"></audio></figure>\n<p>（ 語音檔案由FM96.1電台提供，文章摘錄撰寫中，請稍加等待。謝謝。）</p>",
  "article_time": "2019年12月03日 10:29",
  "comments": [
    {
      "id": "2cc9883287171b75bcf1908927f390fc",
      "author": "8020",
      "time": "2019年12月20日 12:20",
      "content": "<p>#在抖音，记录美好生活#心绞痛不想支架，加一种药有效解决！#健康知识科普大赛 <a href=\"https://v.douyin.com/4QqUHB/\" rel=\"nofollow ugc\">https://v.douyin.com/4QqUHB/</a> 复制此链接，打开【抖音短视频】，直接观看视频！</p>\n<p>西医以洛尔类药物降低心率来处理问题。<br/>\n其实用大柴胡汤加桂枝茯苓丸就可表本双治。由于现在中国中医教育把中医带偏做成中医师不行就怀疑中医不行。<br/>\n李医师可否利用一下“中国抖音”这个平台，传播正统中医破除常见不实误解与偏见。</p>",
      "level": 0,
      "highlight": false,
      "children": [
        {
          "id": "64a002a0ef99a4b627a801ac4da8c740",
          "author": "andy",
          "time": "2019年12月31日 11:12",
          "content": "<p>抖音比較麻煩，在大眾的印象裡，抖音比較是鬧笑好玩用的，大家可能比較不會認真看待。不過，還是很感謝你的建議！</p>",
          "level": 1,
          "highlight": true,
          "children": []
        }
      ]
    }
  ],
  "page": 25,
  "order": 8,
  "filename": "data\\page25\\page25_order7_dd7e2e4af7d77b0fd2276ff696db62c4.json"
}