{
  "article_url": "https://andylee.pro/wp/?p=6946",
  "title": "學生跟診心得 – 张蔚雯（4）",
  "content": "<p> <strong>學生：</strong>张蔚雯</p>\n<p>为什么西医的指标控制合格，还有健康的问题？</p>\n<p>今天下午有位退职女士复诊，按老师治疗方案，睡眠有明显改善。耳鸣状况依旧。因为有多年的肺部癌瘤存在，总是担心有那么一天会癌变发作，无法挽回。她外表看起来瘦削、冷静，五官标致，严然是一位对自己高标准的女士，她很困惑:为什么她所有的西医指标都努力控制，还会有这样那样不健康的问题？她失眠，忧郁，心绪不宁无法控制自己的担心，可以说她心病很重。尤其是前段时间她的父亲离世，她感到自己没有给他足够的孝心和照顾，以后自己老了，是不是也会这样得不到足够的照顾，宁愿一觉睡过去，而不是病了，非常艰难，她意识到人性自私的一面，而且为之感到悲哀无助。她也问老师，她的问题是不是太闲了，是不是应该再回到职场，回职场她点精力自然不济。她思虑很多，看起来这位女士真的让人担心，她很焦虑，看起来她心事重重，无法平静。老师给出的治疗方案是治疗调理，尽量做到吃好睡好，希望她把自己当猪来养，当身体有足够的能量，精力充沛，想法也会随之改变。当这让我想起我的朋友曾经因为恋爱心绪不宁找到一位高僧，高僧建议她只是让自己安静下来时间会给你一切的答案。老师的治疗方案似乎与高僧同出一辙。老师告诉病人，配合治疗一段时间后，她的肺部癌瘤一定会有好的变化，希望她放下心结。老师继续给她同前的治疗方案。</p>\n<p>在跟诊这位女士的过程中，我暗自惊讶这位女士真是位善于思考的人。为什么西医的各项指标控制合格，还有如此健康的问题？感谢这位女士，这真是一个非常好的问题！世人常误会西医的各项指标合格就万事大吉了，或者一查出绝症就割，抗，上刀上化学武器，进行对抗，终了还白费了人力物力一场空。其实西医的确结累了很多的诊断经验，但它的指标合格并不说明健康没有问题，西医有些指标本身的科学性有待商榷。健康是一个动态的过程，随时都有可能存在向好或向外的变化发展。</p>\n<p>所以倪师曾说，真正的中医才是健康的科学。它调整身体的大环境，用针药等中医方法有的放矢，因势利导地引导身体的关健点向好的方向改观。因为真正的中医它对人体的病因明确，不会在不明原由的情况下，胡乱割杀一气。真正的中医古籍里有明确的医理，指引。如果你有幸看到倪海厦先生的整套的中医课程，你自然会深信真正中医的存在和疗效的惊人之处。可惜眼下的中医大多已面目全非，名利趋使，疗效虚晃，且势力凶猛。真正的中医是一股清流，如何能让这般清流成为造福人类的主流，需要群策群力，需要愚公移山的坚守和发扬光大。中医的医德操守应该成为第一考量的标准，同时改良淘汰那些费人财力又看不好病的中医。没有金钢簪，何揽瓷器活？混世、欺世哪里是真正的中医。我真希望李宗恩老师的梦想能尽早实现，接受到1亿元资金后在史丹佛建一所秉承真正中医传统的中医学院，好让世人更多地知晓真正看好病的中医。</p>\n<p>这位女士的另一个问题是，我的病是不是闲出来的，我是否应再回到职场？当她说到看到人性自私的一面，无助地潸然泪下，让人感同身受，真想扶住她瘦削的肩膀告诉她，别担心，你意识到人性的弱点，已经是很大的收获，同样你也可以放眼看到人性光辉的一面啊。我想这位女士目前回职场，恐怕精力不济。最好的方法按老师的治疗方案吃好睡好，精力充沛了再去做让自己开心的事。</p>\n<p>有一种天生让人快乐的力量就是付出和分享，日本二战期间生活很困难，农家有个传统，种田的收成会被分割成若干份，农家只自取其中的一份，其他分别供给不同的对象享用，包括田间的小鸟也有一份。这样农家反尔年年是丰年。</p>\n<p>记得佛经里也有种福田的教义，教我们常怀善念，永远保护好自己和他人的善念。记得在《地藏经》里有“下心含笑”这四个字，要放下世间的功德心，安然地升起对世间的慈悲心。这也许能让那些洁身自好，置身于云间之人，会更容易溶入到俗世的烟火气中，宛若一朵莲花低低地在人群中开放，散发不为人知的香气，为他人所想所为，分享自己的付出，乐在其中。</p>\n<p>如果你总是想着如何为他人着想，为他人提供方便，可能就没闲功夫想自己的不自在了。即使有身体的不自在，那赶紧闷头睡一觉吧，睡好了，一切又都好了。听朋友说有那么一位朋友，是个白发苍苍的老人，只要朋友有需要，哪怕是比她年轻的人，她总是不厌其烦开车相送，这么多年过去了，她年近八旬，初心不改，一如既往，而她的身体依然健康，似乎有种神奇的力量在佑护她。</p>\n<p>相信今天下午这位美丽的女患者在老师的治疗下一定会早日康复，依旧焕发出昔日迷人的风釆。</p>\n<p>学生 张蔚雯</p>\n<p>11/23/2019于旧金山</p>\n<p><strong>老師評論：</strong></p>\n<p>許多年前，孟懷縈教授和史丹佛大學校長John Hennessy談過在史丹佛大學成立中醫研究中心的可能性，做為以後發展成為中醫學院的先驅。 同樣是電機工程背景的Hennessy校長很開明，對中醫研究保持支持的態度，曾表示如果有一億美元（$100Millions）的啟動基金，在史丹佛大學成立中醫研究中心一事是可以深入討論的。雖然一億美元不是一個小數目，在矽谷並非什麼天文數字，許多新創科技公司的集資都超過這個數目，而中國大陸、台灣、香港等地的富商，捐給西醫院及西醫研究的捐款總數，遠遠大過一億美元，只可惜，即使是華人，也很少人捐款給中醫研究，畢竟中醫界魚目混珠、似是而非的事情太多，誰也不希望被捲入什麼醜聞、騙局，捐給史丹佛醫學院、哈佛醫學院等西醫單位可靠多了，即使捐款耗盡也不一定能多救治幾個人，捐款人的名字掛在史丹佛醫學院、哈佛醫學院裡，是何等的光榮！</p>\n<p>好多年過去了，Hennessy校長退休了，史丹佛大學新任校長Marc Tessier-Lavigne是西醫背景，是否會願意探討中醫就不知道了，目前也還沒什麼管道及理由向他提議。同時，隨著高科技的金錢遊戲大幅擴大，現在想在史丹佛大學內成立一個新的研究中心，價碼就不只是一億美元了，到底翻了幾倍就不確定了。</p>",
  "article_time": "2019年11月28日 13:14",
  "comments": [
    {
      "id": "a71e6aa2e20db8ce50ab4b6c3d2b1472",
      "author": "陸仁賈",
      "time": "2019年12月02日 05:56",
      "content": "<p>John Hennessy? 那個寫Computer Architecture: A Quantitative Approach的那位大師? 可惜這事沒成, 不然應該可以在中醫界和 CS/EE界添一佳話</p>",
      "level": 0,
      "highlight": false,
      "children": [
        {
          "id": "ed241c0f456024d1afd9af716e7b3865",
          "author": "andy",
          "time": "2019年12月02日 10:25",
          "content": "<p>就是那位知名的CS/EE大師John Hennessy，他從EE Chairman、Dean of Engineering School， 一直當到Stanford校長，幾年前才退休。</p>",
          "level": 1,
          "highlight": true,
          "children": []
        }
      ]
    },
    {
      "id": "293f9f35fbb6a1b8b7b96d5ffb245db1",
      "author": "缘起性空",
      "time": "2019年12月07日 07:16",
      "content": "<p>李医师你好，请问手脚易出汗有什么原因，是阳不潜吗，现在冬天好多人有这个状况，谢谢啦</p>",
      "level": 0,
      "highlight": false,
      "children": [
        {
          "id": "b0332c1d41ec778116b761c19d276eb1",
          "author": "andy",
          "time": "2019年12月07日 10:15",
          "content": "<p>一般而言，大多是心陽無法透達到四肢末端，陽在「調節開關」時，陽出帶陰出（汗），陽卻不足來關收，導致手腳出汗明顯。冬天因身體更需要保暖，心陽耗損更多，有些人也就更容易手腳出汗。</p>",
          "level": 1,
          "highlight": true,
          "children": []
        }
      ]
    },
    {
      "id": "0c55028709dbfd80cf7f33a374c491ec",
      "author": "明遠",
      "time": "2019年12月08日 16:47",
      "content": "<p>李醫師 您好:</p>\n<p>請問，男性年紀70出頭，出家人，長年以來，不定期(約一兩個月一次，但不一定)會出現身體大量冒汗，每次發作約幾小時，如一個上午或一個下午，身體濕透到要連續換好幾套內衣褲，但身體並無不適感覺，生活習慣沒有改變，也沒有任何飲食或情緒的變動，也與天氣變化無關。這種情形，大概有那些問題?</p>\n<p>謝謝!</p>",
      "level": 0,
      "highlight": false,
      "children": [
        {
          "id": "1689217b34f0964e5124262ec25bceb2",
          "author": "我是倪粉",
          "time": "2019年12月08日 18:41",
          "content": "<p>孤证不立，症状单一又没有详细的四诊合参难以判断，不过我到有一点思考供参考：如果只是单一的出汗，貌似符合桂枝汤证的自汗出，汗出不止还可参考伤寒论20条：“太阳病，发汗，遂漏不止，其人恶风…桂枝加附子汤主之。”而患者不定期的出现大量冒汗，约一两个月一次，可见服药时机就不是每日一付，可参考伤寒论54条：“病人脏无他病，时发热，自汗出，而不愈者，此卫气不和也。先其时发汗则愈，宜桂枝汤。”可见患者服药时机得在发病前服用，中药药剂一般不到半小时就会发挥效用，持续2-3小时。以上仅供参考，具体处方还需合格中医师诊治。</p>",
          "level": 1,
          "highlight": false,
          "children": [
            {
              "id": "f8b4125bf8aa86efe226dc0045692cac",
              "author": "andy",
              "time": "2019年12月09日 09:18",
              "content": "<p>桂枝湯或桂枝加附子湯，可以暫時解決這樣的現象，有時也就真的好了，不過，許多時候還不足以把病根去掉。</p>",
              "level": 2,
              "highlight": true,
              "children": []
            }
          ]
        },
        {
          "id": "2867b0494b2f9b83fff64c1570cfcd74",
          "author": "andy",
          "time": "2019年12月09日 09:15",
          "content": "<p>年紀大的人有這樣的現象，特別是吃素的長者，最常看到的原因是陰虛，陰虛使得陽無法正常入內收藏，導致陽反逆而出，導致汗流不止。因為陰虛的情況不是很嚴重，不會每天發生，而是內外各種因素正好把身體推過了一個臨界值而「發作」，通常休息就會恢復。</p>",
          "level": 1,
          "highlight": true,
          "children": [
            {
              "id": "c940b4fde1f6b219bc8c871e58b45917",
              "author": "我是倪粉",
              "time": "2019年12月09日 23:44",
              "content": "<p>还是李医师临床经验丰富，晚辈佩服！</p>",
              "level": 2,
              "highlight": false,
              "children": []
            }
          ]
        }
      ]
    },
    {
      "id": "fc09c4112eb1e3190afaecad8bedcd33",
      "author": "倪师粉丝",
      "time": "2020年03月09日 04:53",
      "content": "<p>让李连杰捐款吖，李连杰不是得了什么甲状腺抗进吗，听说治不了，但是我相信有李博士应该可以治好，李连杰现在入住佛寺了，遁入空门，但是大乘菩萨道却是要拯救苍生的，那么有钱捐几个亿肯定没问题的，还有周润发，56亿也不知道捐哪去了，哎。。成立经方中医医院不光是为世界人民的健康某福祉，更是千秋万代的功业吖，还有古天乐，捐了那么多希望小学，好像就是没有人捐款经方中医医院。</p>",
      "level": 0,
      "highlight": false,
      "children": [
        {
          "id": "bd24455f8c98ca97ee3aa023f7907265",
          "author": "andy",
          "time": "2020年03月10日 15:21",
          "content": "<p>這些名人不一定相信中醫。</p>",
          "level": 1,
          "highlight": true,
          "children": []
        }
      ]
    }
  ],
  "page": 25,
  "order": 8,
  "filename": "data\\page25\\page25_order7_2867b0494b2f9b83fff64c1570cfcd74.json"
}