{
  "article_url": "https://andylee.pro/wp/?p=7053",
  "title": "忙碌的開年第一天",
  "content": "<p>今天是2020年診所看診的第一天，看診行程排得很滿，有美東來的一家人、中國來的姐妹、其它外地及舊金山灣區當地的病人等等，開年第一天看診就充滿了挑戰 ….</p>\n<figure class=\"wp-block-image\"><img alt=\"\" class=\"wp-image-7055\" decoding=\"async\" fetchpriority=\"high\" height=\"1024\" sizes=\"(max-width: 993px) 100vw, 993px\" src=\"https://andylee.pro/wp/wp-content/uploads/2020/01/IMG_20200102_111324_1-1-993x1024.jpg\" srcset=\"https://andylee.pro/wp/wp-content/uploads/2020/01/IMG_20200102_111324_1-1-993x1024.jpg 993w, https://andylee.pro/wp/wp-content/uploads/2020/01/IMG_20200102_111324_1-1-291x300.jpg 291w, https://andylee.pro/wp/wp-content/uploads/2020/01/IMG_20200102_111324_1-1-768x792.jpg 768w\" width=\"993\"/></figure>\n<p>這位女士許多年前被西醫認定為甲亢，服用多年抗甲亢的西藥，西醫檢驗的指數「恢復正常」了，病人身體卻出現了很多問題，雙腳腫脹嚴重。然而，西醫表示所有驗血指數正常，她已經是個「正常人」了，雙腳腫成這樣，他們也沒有什麼辦法！</p>\n<p>一位三十歲左右的男病人，被六十多歲的媽媽帶來診所。這位男士先天心智發展有問題，十年前開始有強迫症（Obsessive Compulsion Disorder / OCD）及焦慮症(anxiety)，生氣起來會打人，強迫症發作時，非得上街去買些什麼東西，釋放情緒，不然會鬧得很厲害。媽媽自己也一起來看診，畢竟這麼多年來照顧這位兒子，身心的辛勞及煎熬，外人是很難體會其中的痛苦的。</p>\n<p>另一位二十多歲男士的病情就更加特殊了。幾年前感冒，本來好像沒什麼大不了，突然昏迷無意識，這一昏迷就是五個星期。西醫團隊做了各種檢查，沒有找到任何原因，也束手無策，最後有一位專家建議試一試全身換血，病人才勉強醒過來。然而，病人醒過來後，情況還是很糟糕，幾乎沒有行為能力，病人家屬不放棄，非常努力的安排復健，幾年下了，病人恢復不少，雖然看得出來和一般人很不一樣，也無法自己排尿，已經是不幸中的大幸了。</p>\n<p>其他多位病人的情況就不一一說明，從急性痔瘡、乳房病變、到感冒咳嗽不止都有，讓診所同仁忙得不可開交，一開年就像打仗一樣。忙歸忙，大家心裡都很踏實，覺得能幫到病人及家屬們，是另一種方式來慶祝新一年的開始！</p>",
  "article_time": "2020年01月02日 18:00",
  "comments": [
    {
      "id": "6496487b7a15d72e1b86b3318d63752e",
      "author": "出師未捷身先死",
      "time": "2020年01月02日 18:36",
      "content": "<p>瀏覽了倪海廈倪師的網頁和視頻，發現他偶爾提及他的侄子姪女外，從未提過他的子女，難道倪師竟然無後？他曾經的診所竟然變成了寵物醫院，令人惋惜。</p>",
      "level": 0,
      "highlight": false,
      "children": [
        {
          "id": "eb719fdcbc18d9afef1227f8a2eaf5f6",
          "author": "andy",
          "time": "2020年01月03日 15:11",
          "content": "<p>我們尊重倪老師家人，不討論他們的生活隱私。</p>",
          "level": 1,
          "highlight": true,
          "children": []
        }
      ]
    },
    {
      "id": "1649198e7f95b248c1f208a30799b53d",
      "author": "David",
      "time": "2020年01月07日 03:18",
      "content": "<p>希望李醫師多分享一些醫案</p>",
      "level": 0,
      "highlight": false,
      "children": [
        {
          "id": "a8d9d5c2e47b2a68da7087996fb940e4",
          "author": "andy",
          "time": "2020年01月10日 09:32",
          "content": "<p>我很樂意分享醫案，寫醫案得小心謹慎許多，需要找安靜的時間來寫，不能在看診空檔中斷斷續續地寫。</p>",
          "level": 1,
          "highlight": true,
          "children": []
        }
      ]
    },
    {
      "id": "b2c6572a19bfe493d18bbcb45082b5be",
      "author": "hide77625",
      "time": "2020年01月30日 19:10",
      "content": "<p>辛苦啦</p>",
      "level": 0,
      "highlight": false,
      "children": [
        {
          "id": "4405a90297f467139f016c3ff9339852",
          "author": "andy",
          "time": "2020年01月31日 11:11",
          "content": "<p>感謝你的支持與鼓勵。</p>",
          "level": 1,
          "highlight": true,
          "children": []
        }
      ]
    },
    {
      "id": "7671c01dd87bce4705e2fce336faa8fb",
      "author": "元昌",
      "time": "2020年10月30日 07:54",
      "content": "<p>請問 中醫對眼睛黃斑部視網膜 有效果嗎?</p>\n<p>還有請李醫師 注重自己的眼睛，因為你可能 常常用手機和電腦。</p>",
      "level": 0,
      "highlight": false,
      "children": [
        {
          "id": "4c27b56ca92bf6601cf42242a9877100",
          "author": "李宗恩",
          "time": "2020年10月31日 16:08",
          "content": "<p>眼睛黃斑部病變，中藥可以幫助減緩惡化，逆轉痊癒並不容易，下針睛明等穴位也有幫助。</p>",
          "level": 1,
          "highlight": true,
          "children": []
        }
      ]
    },
    {
      "id": "57313f08ec481df49cff09c244ad9e91",
      "author": "王浩廉",
      "time": "2024年04月23日 16:55",
      "content": "<p>请问李医师甲状腺结节中医可以治疗缩小消除吗，我在网络上看到倪师的视频片段说甲状腺的毛病通通不用开刀，所以相信倪师坚决不开刀，一直在随诊观望寻找好中医但是在大陆真的寻找不到好中医，喝了两个月的中药貌似有控制住生长，但是那个医师一直不换方子也不关注我身体的状况，一个月后结节突然又生长了，我的关系和精力有限无法支持我在大陆寻找名中医，我的后妈是台湾的一名企业家，她建议我去台湾做手术切除，我寻医无果听从母亲的建议已经到台湾屏东做检查准备切除了，但是我今天早晨刷到您07年回答马云Web3.0问题的视频，觉得您非常有智慧就去了解了一下，没想到您现在已经是成为一位名中医了，真的是感觉老天在切除前再给我一次机会，因为工作原因无法到美国就诊，请问您可以推荐在台湾治疗甲状腺结节的名中医吗？</p>",
      "level": 0,
      "highlight": false,
      "children": [
        {
          "id": "beee24497a0207b385806a665a5a0534",
          "author": "李宗恩",
          "time": "2024年04月25日 13:28",
          "content": "<p>以前討論過甲狀腺結節的問題，你可以在網頁上查詢。一般而言，中醫可以有效治療甲狀腺結節。你得自己做研究，找尋適合你的中醫師。</p>",
          "level": 1,
          "highlight": true,
          "children": [
            {
              "id": "37029178260d5da3ac971c49e86a7e4a",
              "author": "王浩廉",
              "time": "2024年04月25日 20:25",
              "content": "<p>收到，感谢李宗恩医师的回复，我自己有在研究，但是名医难求，吃错药还容易伤身体，上一个医师我信心满满，严格按照医师要求服药和改变习惯，结果服用两月中药治疗结节未有疗效，反而出现了牙龈萎缩，耳鸣和会厌囊肿，那个医师其他症状说不用管只是不停的叫我买药服药，唉，台湾真的您没有了解的诊所医师吗，恳请您推荐，一切后果我自行负责</p>",
              "level": 2,
              "highlight": false,
              "children": []
            }
          ]
        }
      ]
    },
    {
      "id": "c06a88c929bc457389e1d0bc0383b5b8",
      "author": "石月月",
      "time": "2024年06月18日 15:19",
      "content": "<p>李医师您好，我父亲得二型糖尿病十多年了，以前一直都在吃西药控糖药和饮食调理控制，平时吃饭都是主要吃菜少量吃饭，饮水和进食分开来，餐后两小时餐前两小时喝水，但是现在近两年他一直在消瘦，瘦骨嶙峋，请问有什么办法可以治吗？中医目前是否可以根治糖尿病呢？我一直生活在在中国大陆这边，要怎样才能让李医师医治呢？或者说李医师有没有在港澳台开医馆呢？怎样可以找您看病啊，盼回复，感谢您！</p>",
      "level": 0,
      "highlight": false,
      "children": [
        {
          "id": "0063c9a4dce853374afcd00bc5addf6a",
          "author": "李宗恩",
          "time": "2024年06月20日 12:39",
          "content": "<p>有醫療需要，請聯絡診所info@youngQi.com</p>",
          "level": 1,
          "highlight": true,
          "children": []
        }
      ]
    },
    {
      "id": "100eaf845bc0a098856276c35b34cce6",
      "author": "杨旺井",
      "time": "2025年01月11日 12:41",
      "content": "<p>西药一直在害人太气愤了</p>",
      "level": 0,
      "highlight": false,
      "children": []
    },
    {
      "id": "94b6f0d721241cfa77c64c56fa05185a",
      "author": "刘艳",
      "time": "2025年02月16日 17:13",
      "content": "<p>看到这条信息的时候，我忽然想起去年连续听到好几个急性视网膜脱落的病人，他们都是很快就接受了手术，手术后恢复并不顺利。目前，我还没有机会接诊过类似案例，偶尔想起来的时候会有一点感觉奇怪。</p>",
      "level": 0,
      "highlight": false,
      "children": []
    }
  ],
  "page": 25,
  "order": 3,
  "filename": "data\\page25\\page25_order2_8444c2c5f3075ee46eb21152d9244cce.json",
  "timestamp": 1740448550.745471
}