{
  "article_url": "https://andylee.pro/wp/?p=8143",
  "title": "血虛的人 不要亂艾灸",
  "content": "<p>隨著這幾年來中醫的能見度大幅增加，對中醫感興趣及學習中醫的人越來越多。許多人認識了一些中醫基本知識後，都想幫助自己及親朋好友改善身體健康。而許多初學者知道自己辨證論治開藥方的功力還不足，也不敢下針，艾灸就成為了大家選擇的第一步。畢竟，艾灸不算是侵入式治療，從外面灸一下關元、足三里、三陰交等常用的穴位，覺得好像是把熱能灌進身體裡，去去寒氣，許多初學者都猜想應該沒有什麼壞處吧。</p>\n<p>其實，並非如此。雖然很多情況下病人自己艾灸是安全的，也多多少少有幫助，臨床上我們可以看到一些病人自己隨便艾灸，或者被學藝不精的中醫師亂艾灸後，身體出現他們沒有想到的問題。譬如，有些病人越灸越虛、越睡不著覺；有些病人感冒時灸膏肓，結果背上長了一個大大的脂肪瘤（lipoma）；有些病人連續灸關元幾週後，腹部深處竟然冒出腫塊。</p>\n<p>為什麼會這樣呢？並不是艾灸本身有什麼問題，而是每一種醫療行為，都有其適用及不適用的情況。艾灸雖好，也可以成為外邪中的火邪，傷寒論中許多條文提到不適合艾灸的情況，譬如，「脈浮，熱甚，而反灸之，此為實，實以虛治，因火而動，必咽燥、吐血」、「微數之脈，慎不可灸。因火為邪，則為煩逆，追虛逐實，血散脈中，火氣雖微，內攻有力，焦骨傷筋，血難復也」、「脈浮，宜以汗解，用火灸之，邪無從出，因火而盛，病從腰以下必重而痹，名火逆也」。一般而言，初學中醫者遇到燥熱、上火、口乾舌燥時，憑著自己的猜想，大概都會覺得不適合艾灸，免得越灸越熱。然而，遇到了手腳涼、身體怕冷、有氣無力，或者舌苔白厚、小便清等等的「寒症」時，許多初學中醫者都會以為多多艾灸有益無害。其實，這樣的觀念是錯誤的。</p>\n<p>許多病人的「寒症」表現，是來自長時期的血虛。簡單的比喻，心臟好比汽車的引擎，肝血好比汽車的汽油，當汽油長時間不足、品質不佳，引擎輸出的能量必定大幅減少，引擎也會因此受損。血虛剛剛開始時，或許如大家想的，會有些燥熱。然而，長期血虛導致心臟輸出能量大幅減少，心陽不足，自然也就出現手腳涼、身體怕冷、及其它的「寒症」等等。這個時候，適當使用艾灸，或許可以讓病人局部寒症減輕，身體感覺比較舒服。然而，過度艾灸反而會造成津液流失，津液與血同源，血虛也就更加嚴重。另外，上面提到的傷寒論的條文，雖然是針對外感、太陽證的陳述，背後的道理卻適用於其它火邪的情況。簡單比喻一下，當津液因火邪而大幅流失時，不僅僅三焦水道的運作受到影響，血管內的水份也減少，血液也相對變得濃稠，除了加重氣血兩虛、肝血歸肝不順而睡眠更差等等以外，如果病人原本就有氣滯、血瘀，譬如，感冒時背上的膀胱經受寒而氣行不順，或者女士婦科、下腹部有瘀血，那麼過度艾灸膏肓導致背上長出脂肪瘤、過度艾灸關元導致腹部深處冒出腫塊，也就不難理解。</p>\n<p>當然，這篇文章不是說艾灸不好，很多時候艾灸是非常好的治療方法，方便、便宜、又有效。只是醫學沒有捷徑，不是這裡熱一熱、那裡壓一壓就可以治百病。病人自己亂艾灸，甚至一些執業中醫師什麼病症都要病人連續艾灸幾個月，造成「焦骨傷筋」、「病從腰以下必重而痹」，還搞不清楚為什麼病人身體會有越來越多的問題。</p>",
  "article_time": "2020年05月06日 15:31",
  "comments": [
    {
      "id": "5f22ecc8bd139087c5782ce3e648ff1f",
      "author": "李晨",
      "time": "2020年05月06日 17:30",
      "content": "<p>病從腰以下必重而痹，这句话，比如男人怕脚肿。<br/>\n男人腰以下病都不是什么好事。睾丸也包括在里面了。这里的重和痹，指的是寒重，和湿痹的杂症把。<br/>\n请问李医生，怎样判断病人血虚？</p>",
      "level": 0,
      "highlight": false,
      "children": [
        {
          "id": "8d9b23af29491e0e365e998299dd37a6",
          "author": "古中医爱好者",
          "time": "2020年05月07日 16:32",
          "content": "<p>肝藏血，肝血不足或掉头发，睡眠不好，皮疹等等，脾统血，脾血不足或肌肉松弛，四肢冰凉等，心主血，心血不足或睡眠也不好等等，所以血虚是个概念，在临床上，要做很多仔细的辨证，而不是南派说的血虚，就补血。引发脏腑血不足的因素是很多的。</p>",
          "level": 1,
          "highlight": false,
          "children": []
        },
        {
          "id": "c1af0718e7cbe775b53778116b2cab23",
          "author": "李宗恩",
          "time": "2020年05月10日 20:19",
          "content": "<p>血虛的辨證一言難盡，你得從中醫基本知識開始學習。</p>",
          "level": 1,
          "highlight": true,
          "children": [
            {
              "id": "13f82936264dfcdc184e1796b93422a0",
              "author": "三十",
              "time": "2020年12月03日 19:54",
              "content": "<p>血虛的病人是否加一些補血的穴位進行艾灸就可以呢？</p>",
              "level": 2,
              "highlight": false,
              "children": [
                {
                  "id": "9b6e07c86c145e6cf1de565a1e306a86",
                  "author": "李宗恩",
                  "time": "2020年12月05日 19:42",
                  "content": "<p>艾灸或下針補血的穴位，並不會馬上讓血充足，而是加強人體血分相關的功能，以期待血分逐漸改善。</p>",
                  "level": 3,
                  "highlight": true,
                  "children": [
                    {
                      "id": "26cca3bb18cc4cf3d4d0c84f3aa70691",
                      "author": "子小",
                      "time": "2022年11月07日 22:17",
                      "content": "<p>李医生，您好。我是浙江人。我老婆今年32岁。时常手脚冰凉，面色蜡黄，大便不成形。偶尔进食后容易反酸打嗝腹胀。请问有什么药方可以调理下身体。能否给些建议.刚查了您的具体诊所发现在美国。上门就诊有困难。跪谢为盼！</p>",
                      "level": 4,
                      "highlight": false,
                      "children": []
                    },
                    {
                      "id": "519d4eae9a9546e9efbc9efb9d116fd0",
                      "author": "李宗恩",
                      "time": "2022年11月10日 13:47",
                      "content": "<p>我不在網上針對個案一一討論，不過，聽起來是肝血不足，導致心陽不足，進而使得中下焦寒濕重。</p>",
                      "level": 4,
                      "highlight": true,
                      "children": []
                    }
                  ]
                }
              ]
            }
          ]
        }
      ]
    },
    {
      "id": "6c9091ebe5d4d49da357c824f7184d68",
      "author": "微雨落花",
      "time": "2020年05月06日 20:10",
      "content": "<p>受教，感谢李博的分享！</p>",
      "level": 0,
      "highlight": false,
      "children": []
    },
    {
      "id": "b6e438e00914c772d214b49a88d0e9aa",
      "author": "jerry",
      "time": "2020年05月07日 07:59",
      "content": "<p>同问。尿酸高和糖尿病算血虚吗？</p>",
      "level": 0,
      "highlight": false,
      "children": [
        {
          "id": "e18ad5b2135cad36d0d3380856385556",
          "author": "李宗恩",
          "time": "2020年05月10日 20:20",
          "content": "<p>尿酸高和糖尿病都是西醫的病名。</p>",
          "level": 1,
          "highlight": true,
          "children": []
        }
      ]
    },
    {
      "id": "b85163ca8d03e44e9ffd1542e9742f7a",
      "author": "cc",
      "time": "2020年05月09日 06:45",
      "content": "<p>李医生您好，<br/>\n我现居欧洲芬兰，由于全身多发性湿疹已有半年多。色红，局部片状，每天有新区域发出新红疹，遇热奇痒，夜间加重。拍打，血海委中放一点血【放血后拉肚子】和患处艾灸都没有效果。之前吃了一周当归苦参丸【同仁堂】见效后又复发。<br/>\n所以现在想咨询一下您这里是否有可以治疗湿疹的药物，谢谢。<br/>\n如果有，是否可以邮寄到芬兰？<br/>\n万分感谢！</p>",
      "level": 0,
      "highlight": false,
      "children": [
        {
          "id": "fc1c66ac738897c68531a6b20f3aef3c",
          "author": "cc",
          "time": "2020年05月09日 06:47",
          "content": "<p>不好意思问下【我发的邮件info@youngqi.com发送失败是为什么】</p>",
          "level": 1,
          "highlight": false,
          "children": []
        },
        {
          "id": "0d91ba34da3826585229a5523d5cedd5",
          "author": "李宗恩",
          "time": "2020年05月10日 20:27",
          "content": "<p>我無法在網上針對個案一一回答。如果有需要，請和診所聯絡，網頁上有診所資料。</p>",
          "level": 1,
          "highlight": true,
          "children": []
        }
      ]
    },
    {
      "id": "86b47400a6d7f18795490233b14a1686",
      "author": "无显示",
      "time": "2020年05月29日 21:48",
      "content": "<p>哇！听说北京有很多艾灸馆，很多人去。原来，是比较危险的行为。不经过中医辨证和有扎实的中医功底不能乱烤。看来那是盲目保健的行为？</p>",
      "level": 0,
      "highlight": false,
      "children": [
        {
          "id": "ae920b9fd5c9b2cbc151719d4e2bad1a",
          "author": "李宗恩",
          "time": "2020年05月31日 20:09",
          "content": "<p>許多「養生保健」都是片面之詞，好像以前西醫鼓勵大家一天吃一粒蘋果。</p>",
          "level": 1,
          "highlight": true,
          "children": []
        },
        {
          "id": "d789d99c99de19afa2b27e217a038251",
          "author": "细辛",
          "time": "2024年03月27日 21:38",
          "content": "<p>中风前提是气血两虚，倪老师有说过灸足三里，请问李老师这里血虚灸足三里可以吗</p>",
          "level": 1,
          "highlight": false,
          "children": [
            {
              "id": "fa0f6e929c9c59e7270abbc39f38d846",
              "author": "李宗恩",
              "time": "2024年04月11日 15:27",
              "content": "<p>有些預防效果，但不一定能避免。</p>",
              "level": 2,
              "highlight": true,
              "children": []
            }
          ]
        }
      ]
    },
    {
      "id": "710e71b4344100ba32fb18c5e54dcba3",
      "author": "如君",
      "time": "2020年06月08日 13:16",
      "content": "<p>大大大感恩李醫師的詳細解說!!!<br/>\n所以我現在真不能隨意艾炙!!<br/>\n認真停炙中…<br/>\n(糟糕…還有好多艾條不知怎麼用…orz)</p>",
      "level": 0,
      "highlight": false,
      "children": []
    },
    {
      "id": "2997fa8cd16b5c4a8ddeca6a22668d78",
      "author": "hide77625",
      "time": "2020年07月10日 06:17",
      "content": "<p>炙得时候火候别太大，火大了容易糊。</p>",
      "level": 0,
      "highlight": false,
      "children": []
    },
    {
      "id": "99ea6c6cf18b5dc8bdbc4782cf165654",
      "author": "樺",
      "time": "2021年06月07日 12:31",
      "content": "<p>李醫師，那貼艾灸貼也一樣的道理嗎?</p>",
      "level": 0,
      "highlight": false,
      "children": [
        {
          "id": "cbf58b6ae52e69c22fe01cd2e42ee7e3",
          "author": "李宗恩",
          "time": "2021年06月07日 10:16",
          "content": "<p>是的。</p>",
          "level": 1,
          "highlight": true,
          "children": []
        }
      ]
    },
    {
      "id": "5c0b7641e0435b42f22d5e523954ad27",
      "author": "Millie",
      "time": "2021年06月16日 19:30",
      "content": "<p>李医师好，请问艾草水泡脚是不是适合阴阳气血都虚的人呢？一直觉得艾灸很好，但是因为不懂，怕用错了反而有不好的作用，所以一直不敢灸；有个朋友告诉我艾草水泡脚适合各种体质，因为脚上阴阳经都有，所以阴阳都补了，就不怕上火了，不知对否？谢谢您！</p>",
      "level": 0,
      "highlight": false,
      "children": [
        {
          "id": "10ad28d7c285012f82c78d40b083ccb7",
          "author": "李宗恩",
          "time": "2021年06月20日 17:07",
          "content": "<p>艾草水泡脚並不能解決許多的健康問題，你應該找中醫師看診。</p>",
          "level": 1,
          "highlight": true,
          "children": [
            {
              "id": "2afbfc38461227fcc47e6718a38ea26d",
              "author": "Millie",
              "time": "2021年06月21日 06:34",
              "content": "<p>谢谢李医师，我去找中医师看诊；那艾草水泡脚是否对各种体质都有益无害呢？</p>",
              "level": 2,
              "highlight": false,
              "children": [
                {
                  "id": "00d9fe9e301bbfb58de727b5de617a8b",
                  "author": "李宗恩",
                  "time": "2021年06月23日 15:53",
                  "content": "<p>不要什麼問題都被所謂的體質給牽引，體質只是很粗淺的概念，寒濕體質對你是一個意義，對另一個人是不同的意義，人家艾灸有幫助，你艾灸就會有幫助嗎？</p>",
                  "level": 3,
                  "highlight": true,
                  "children": [
                    {
                      "id": "637545944aba008bc0771c933dd465c2",
                      "author": "Millie",
                      "time": "2021年06月30日 10:05",
                      "content": "<p>谢谢李医师！</p>",
                      "level": 4,
                      "highlight": false,
                      "children": []
                    }
                  ]
                }
              ]
            }
          ]
        }
      ]
    },
    {
      "id": "b6ce431a2a847fa682f5ec51a40d41ec",
      "author": "若水",
      "time": "2021年11月18日 23:20",
      "content": "<p>李医生，您好！我正是你文中所说的初学中医者，知道自己辨证论治的功力还不足，也不敢下针，所以，遇到问题，首选采用艾灸来解决。我于去年接二连三次被人治得死去活来，我母亲也是被人误治过，现实生活身边实在找不出，也遇不上“能治病的医生”，无奈之下，于今年年初，我只好自己学医，以求自救。<br/>\n        我艾灸有十个月，我母亲也有半年了，一直采用隔姜灸，艾条仅试过一次，相比还是隔姜灸好。大体来说，我自己的颈椎项强，胃病，头痛，牙痛，身痒，腰扭到，发作时灸，还是可以改善，自愈。我母亲之前莫名腹痛，灸后也是当即起效。我自己因时间的关系，保健灸比较少；但我母亲，我就固定时间给她做保健灸。目前，体质明显的改善还看不见，但也没出现什么不良的反应或结果。我和母亲俩人都应属于血虚之人。所以，看了这篇文章，也是很好的给我敲了个警钟。<br/>\n       我想请问，您文中所说，“艾灸膏肓导致背上长出脂肪瘤、过度艾灸关元导致腹部深处冒出肿块，”是因为他灸膏肓后，没有灸腹部的穴，如关元，也没有灸足三里，把胸腔的热往下导，引火下行才会这样？还是说，只要是血虚的人，无论灸什么穴，怎么配穴，都是不行的呢？<br/>\n       望你百忙之中，能告知，谢谢！</p>",
      "level": 0,
      "highlight": false,
      "children": [
        {
          "id": "fb095fec4938f8d347fea90f3bddd44d",
          "author": "李宗恩",
          "time": "2021年11月30日 19:26",
          "content": "<p>如果火熱引得下來，自然也就不會出什麼問題。並不是說血虛的人就不能艾灸，而是不要亂灸、灸得太過。</p>",
          "level": 1,
          "highlight": true,
          "children": [
            {
              "id": "5032d6790ee8dbddf5f8a3eb24a15019",
              "author": "若水",
              "time": "2021年12月01日 12:58",
              "content": "<p>明白了，谢谢李医师！</p>",
              "level": 2,
              "highlight": false,
              "children": []
            }
          ]
        }
      ]
    },
    {
      "id": "f3e3f3898c5886f7b070153db1cb3eec",
      "author": "莫咲",
      "time": "2023年03月09日 09:05",
      "content": "<p>李醫生您好。想要請問一下，現代很多艾灸盒有直接懸灸的也有艾條橫著盒下有孔洞，這些艾灸盒是否有用呢？一個人艾灸的話，背部等地方不藉助這些艾灸盒很難灸成。還是說只有傳統的隔姜灸、隔蒜灸或者拿著艾灸懸灸才會有效果。謝謝您。</p>",
      "level": 0,
      "highlight": false,
      "children": [
        {
          "id": "784c07ce346cce9763b40615ec5673aa",
          "author": "李宗恩",
          "time": "2023年03月13日 12:59",
          "content": "<p>薑和蒜等受熱後有其作用，缺少薑蒜等，艾灸的效果會不太一樣。</p>",
          "level": 1,
          "highlight": true,
          "children": []
        }
      ]
    },
    {
      "id": "4b88475b0998376fe6a7283ab47648de",
      "author": "三伏",
      "time": "2024年05月11日 06:42",
      "content": "<p>李医生你好，倪老师在讲伤寒论八四栀子豉汤的时候提到，因血虚导致的虚烦，睡不着，可以灸一下三毛。是否说明血虚的状态并非禁止艾灸，而是不要随意艾灸？</p>",
      "level": 0,
      "highlight": false,
      "children": [
        {
          "id": "171c6543d7d7ea8178e210be19641914",
          "author": "李宗恩",
          "time": "2024年05月16日 11:02",
          "content": "<p>文章標題不就是這樣寫的嗎？</p>",
          "level": 1,
          "highlight": true,
          "children": []
        }
      ]
    },
    {
      "id": "4f0bfc5153027c35e9b3ea3e269c7944",
      "author": "君荷",
      "time": "2024年09月13日 19:15",
      "content": "<p>晒太阳应该也是一样的道理。今年三伏天，我盲目跟风晒太阳，晒背的同时也晒手心。结果后来在左手劳宫穴位置出现一片黑斑，同时左边脖子淋巴出现很奇怪的感觉，像是痛，又像是肌肉和筋收缩的感觉，再后来在搅动舌头的时候，那种收缩的感觉更明显更难受，连肩膀也变得很难受。偶尔出现心脏早搏。<br/>\n可能我本来血虚，还暴晒，结果血更虚，汽油都烧干了，心脏空转。赶紧吃了两个星期炙甘草汤加减，那些症状才基本消失。<br/>\n接下来一定要认认真真学习。</p>",
      "level": 0,
      "highlight": false,
      "children": []
    },
    {
      "id": "bcb265d99e78480fa5eb399fc04e7346",
      "author": "多种甘蔗",
      "time": "2025年03月01日 03:57",
      "content": "<p>李医师，大陆正逢龙抬头佳节<br/>\n在祝您节日安康的同时，请教您两个问题。<br/>\n        记得您教导过灸大多是增强人体某方面的功能，那在临床上对于养生灸【如足三里，复溜】来说，普遍以多久的频率为宜呢？<br/>\n        在倪师的讲座中，有提到可以用灸被风吹的方式来做泄法，这种办法在临床上会被用来给不能下针的人【比如虚弱】来做泄吗，风吹来泄的关键是在于风带走温度还是加快燃烧呢？<br/>\n初学未久，问题中的浅薄之处，还请李医师您海涵。</p>",
      "level": 0,
      "highlight": false,
      "children": [
        {
          "id": "e632ee552ed58a95fc3c343c6002412c",
          "author": "李宗恩",
          "time": "2025年03月08日 07:45",
          "content": "<p>每個病人情況不一樣。</p>",
          "level": 1,
          "highlight": true,
          "children": []
        }
      ]
    },
    {
      "id": "3248dea5054784c296460ee1c3895e52",
      "author": "米卷",
      "time": "2025年03月11日 06:19",
      "content": "<p>李医师您好，“血液也相对变得浓稠，除了加重气血两虚”，这句话是不是艾炙导致气血更虚，气引血行更不通畅，于是堵塞形成脂肪瘤和肿块。</p>",
      "level": 0,
      "highlight": false,
      "children": [
        {
          "id": "971360926104645410c784ecadeeddc6",
          "author": "李宗恩",
          "time": "2025年03月17日 13:58",
          "content": "<p>津液和血同源，津液匱乏時，血虛會加重，而血虛會造成陽氣無法順利內存，也就導致了氣虛。</p>",
          "level": 1,
          "highlight": true,
          "children": []
        }
      ]
    }
  ],
  "page": 20,
  "order": 8,
  "filename": "data\\page20\\page20_order7_d34287316d6866f7cad9d4b0ba7f2326.json",
  "timestamp": 1743221087.3050544
}