{
  "article_url": "https://andylee.pro/wp/?p=8327",
  "title": "一位癌末病人走了",
  "content": "<p>今天早上診所接到一通電話，是病人先生打來的，告訴我們病人一天多前過世了，走得很安詳，他謝謝我們近半年來幫助他太太，讓她多做了許多想做的事情。</p>\n<p>這位病人，六十多歲，華人女士，之前得了腹膜癌，經過西醫化療等標準治療流程後，暫時好像穩定了下來了。很不幸的，沒有多久，癌症復發，而這一復發就是末期，癌症已經擴散到身體許多地方，腫瘤科西醫宣告放棄，不認爲有任何有效的治療方法， 只能提供Hospice Care（臨終關懷），病人隨時可能辭世。</p>\n<p>今年一月初病人來找我幫忙，那時她已經非常瘦弱了，幾乎沒有什麽肌肉，用「皮包骨」 來形容一點也不爲過，肚子卻非常大，像大半個排球硬塞在病人極爲瘦弱的身體裡，反差非常大。病人臉上沒有血色，像一張慘白的紙覆蓋在暗沉的頭骨上，頭髮出現枯槁的色調，雙脚明顯水腫。病人以微弱緩慢的話語，一一解釋她生病和治療的過程，以及西醫的無解。她的經歷好像一位瘦弱的殘兵，帶著彎曲破鈍的劍，隻身面對一排又一排的精銳敵軍，明明知道沒有勝利的可能，卻需要勇敢的走過這個路程。</p>\n<p>初診時，我認爲病人存活的機率很小，心裡想著可不可能幫病人再拖個兩三個月，並盡可能減少她的痛苦。這種情況下，我無法對病人隱瞞我的評估，雖然我沒有明講兩三個月，但是我直接告訴病人不要期待奇蹟，趁著體力還能支撐的時候，想做的事、該做的事就去完成，我會盡力幫她延長生命，也會盡力幫她減少痛苦，既然老天已經決定不給太多的日子，就讓這些剩下的日子變得更有意義。</p>\n<p>近半年的治療中，病人幾度出現生命枯槁敗亡的情況，幾度拉了回來，病人的心情也起起伏伏。不過，病人很勇敢，她說她每天念很多書，記滿好幾頁的筆記，那是她最大的快樂。上次看診時，病人突然問我，她會是怎麽走的。我告訴她，我希望在中醫的幫助下，她不會像許多癌末病人一樣承受極度的疼痛，雖然器官嚴重衰敗下她的辭世是必然的，希望她可以在沒有痛苦下，安詳的睡過去。當時，病人謝謝我，說那就是她想要的，沒想到一語成讖，沒有等到下次的復診，她真的走了。</p>\n<p>我的難過不在話下，然而，我治療很多癌症病人，這樣「生老病死」 的過程，在我每次接治新一位癌末病人的那一刻，心裡就已經知道我遲早得面對如此的壓力與傷感。世界上沒有 「神醫」 ，醫生能做的只是盡量延長病人生命及盡量提高病人生活品質，雖然會有些驚喜，西醫說兩三周，中醫治療下病人存活了兩三個月、半年一年，有的到目前一直還幸運地存活著，但也只能謙卑地面對一個一個的癌末病例，讓老天做最後的裁決。</p>\n<p>這位病人第一次看診時告訴我，她在西醫治療的同時，也一直有看中醫。我問她為什麼不繼續讓原來的中醫師幫助她，她說她經過好一段時間的看診，才發覺那位中醫師只是在「養病人」，針對她一些小問題來下針，譬如減緩胃脹、便秘等，或者給她一些不痛不癢的中成藥，根本沒有針對她的癌症來設法延長她的生命，卻以治療癌症的名義要求她每週都得定時來針灸，誤導她的認知，換取她長時期的看診及治療費用。這是很沒有醫德的，並不是說每位中醫師都得治療癌症，或者這樣解決小問題的方式沒有多多少少幫助到病人，而是得讓病人充分了解醫生在幫病人什麼忙，讓病人能夠正確安排治療的整體計劃，不然，不但嚴重耽誤了病人的醫療，更剝奪了病人生命最後的尊嚴。</p>\n<p>這個問題在中醫界很嚴重，我參加過許多大型的中醫會議，有不少與會中醫專家討論癌症治療病例，其中也不乏所謂的國醫大師及科研計劃的負責人。然而，絕大部分所謂的癌症治療病例，都只是幫助癌症病人某些片面的問題，譬如改善肺癌病人的食慾不良、改善肝癌病人睡眠品質不佳等等，並非真的治療癌症，也很少有後續發展的追蹤，不足以代表中醫能否真的延長癌末病人的生命及減少最後的痛苦，卻被大剌剌的拿來宣傳中醫治療癌症。更糟糕的是，這位病人也告訴我，她有段時間找人推拿，推拿的人竟然告訴她有用推拿把惡性腫瘤「推掉」的例子，實際上，這位病人卻因為推拿過重而變得很虛弱，病情反而惡化。這樣的「治療」，已經不是醫德的問題，而是違反醫療法規、虛假宣傳的非法行為了，而類似的情況，廣泛存在於很多華人的地區，利用病人「病急亂投醫」的心急與慌亂來斂財。</p>\n<p>末期癌症是非常棘手的問題，中醫西醫都一樣，我們能做的是盡量延長病人生命及提高病人生活品質，真的幫助過很多癌症病人的醫生，是無法不低頭謙卑地面對生死，以醫生的謙卑來換取老天的一些時間。</p>\n<p>醫生面對的是病人的生命及家屬的苦難，而不是虛假不實的沽名釣譽，更不是一場斂財的金錢遊戲。</p>\n<p><br/><br/></p>",
  "article_time": "2020年06月19日 21:46",
  "comments": [
    {
      "id": "bef78ea24428cb6485f57dfe4d992e6e",
      "author": "QuaSyLaTic Andrew",
      "time": "2020年06月19日 23:04",
      "content": "<p>这是一个令人看了非常难过的故事。</p>\n<p>我在想，如果病人有一个重生的机会，她是如何活的更充实，又不会得到癌症和其他疾病？</p>\n<p>这个问话的思考是来自心理辅导的角度来看。</p>\n<p>我也刚刚发布了新的视频课程。。</p>\n<p>从一扇窗口看性格，情志，脏腑功能<br>\n<a href=\"https://www.udemy.com/course/draft/3250756/?referralCode=03025B18FDEF7DF970D0\" rel=\"nofollow ugc\">https://www.udemy.com/course/draft/3250756/?referralCode=03025B18FDEF7DF970D0</a></br></p>",
      "level": 0,
      "highlight": false,
      "children": []
    },
    {
      "id": "e55814fa8b7f5ec530d6f33c3a55880c",
      "author": "sai",
      "time": "2020年06月19日 23:07",
      "content": "<p>感恩李医师！愿每一个医师都能有您的觉悟和技术！</p>",
      "level": 0,
      "highlight": false,
      "children": []
    },
    {
      "id": "cf8cbc2080f9b41920b8c8ff4c4e45a1",
      "author": "李晨",
      "time": "2020年06月19日 23:58",
      "content": "<p>前2年，有时我也感觉自己像一个文章里的人，有什么事该做什么的去做，完成的去完成。能完成啥呢？孤单的一个人，走在哪里都缺少勇气，像一颗落叶一样飘在哪里算那里。就是对人生提不起兴趣，那里都是要钱。唉，其实我也不知道每天干嘛呢？每天抱着手机。我该干嘛呢？</p>",
      "level": 0,
      "highlight": false,
      "children": []
    },
    {
      "id": "c44cdca136d0308eb23cb85692873a21",
      "author": "Oboe",
      "time": "2020年06月20日 06:34",
      "content": "<p>身体虚弱的时候，不适合针灸或者推拿吧？很耗费气血。</p>",
      "level": 0,
      "highlight": false,
      "children": []
    },
    {
      "id": "d622af05cfc7e318bea04ace6fe1f497",
      "author": "四川 颜永信",
      "time": "2020年06月20日 07:25",
      "content": "<p>神医胡万林治疗癌症，重用芒硝，以故意杀人坐牢未平反怨案</p>",
      "level": 0,
      "highlight": false,
      "children": []
    },
    {
      "id": "f525191376b76ee38329e6b2e44727a9",
      "author": "四川 颜永信",
      "time": "2020年06月20日 07:28",
      "content": "<p>留言常常发不出去</p>",
      "level": 0,
      "highlight": false,
      "children": [
        {
          "id": "e2e500f8d0212fd7de4f8ab09ecf5020",
          "author": "李宗恩",
          "time": "2020年06月20日 08:22",
          "content": "<p>留言得經過網頁管理員審核，避免一堆廣告及網路駭客攻擊。</p>",
          "level": 1,
          "highlight": true,
          "children": [
            {
              "id": "9ac12c599ab218b81694975a1c7aa1eb",
              "author": "四川 颜永信",
              "time": "2020年06月20日 14:02",
              "content": "<p>感谢李老师指导。</p>",
              "level": 2,
              "highlight": false,
              "children": []
            }
          ]
        }
      ]
    },
    {
      "id": "2a5f1d714a0f00ec3fc670bfedc5dcbe",
      "author": "Shengyi Qi",
      "time": "2020年06月20日 13:06",
      "content": "<p>有慈悲心的医者是大爱之人</p>",
      "level": 0,
      "highlight": false,
      "children": [
        {
          "id": "2277783276a2c03977ce8ae3c0a87176",
          "author": "李宗恩",
          "time": "2020年06月26日 20:51",
          "content": "<p>行醫，外在對病人及家屬，內在是一條考驗自己的心路歷程。</p>",
          "level": 1,
          "highlight": true,
          "children": []
        }
      ]
    },
    {
      "id": "c8c7d59fa2fd48b54bf564260abd55fe",
      "author": "晨翔",
      "time": "2020年06月21日 12:19",
      "content": "<p>看了只能沉默的伤感，感恩能遇到李医生</p>",
      "level": 0,
      "highlight": false,
      "children": []
    },
    {
      "id": "86920b0b39978793dd1c4badf2158509",
      "author": "无显示",
      "time": "2020年06月24日 16:59",
      "content": "<p>李医师，您好！由你的观察和临床经验，在美国，目前的疫情症状跟今年年初的症状差不多吗？还是不断有变种？在中国感染的儿童是不是没有？在美国感染的儿童是不是多？为什么？目前还能继续喝贵诊所的预防方用于增强免疫力吗？不管任何年龄您还是建议喝预防方吗？即使没有症状和不舒服。我有邻居是老人，喉咙不舒服，也可以喝预防方吗？小孩老流鼻血，可以用预防方吗？</p>",
      "level": 0,
      "highlight": false,
      "children": [
        {
          "id": "a1ff39f72b13dcc0e4662d649d1c2f79",
          "author": "李宗恩",
          "time": "2020年06月26日 21:05",
          "content": "<p>預防方是設計給正常人服用的，老人小孩有健康問題，得諮詢中醫師，才能決定是否適合服用預防方。瘟疫的表現，會因為時間發展及地域不同而改變，好的預防方並非針對特殊的症狀，而是守住人體的基本功能，五苓散利水，是為了維持水道運作，而非直接針對肺家。</p>",
          "level": 1,
          "highlight": true,
          "children": [
            {
              "id": "61dbadbed8ab45f52fe20208c9a50920",
              "author": "无显示",
              "time": "2020年06月27日 14:23",
              "content": "<p>李医师，您好！请问您推荐防疫香囊吗？贵诊所如果有配好的，我们买回来直接装布包里放枕边。</p>",
              "level": 2,
              "highlight": false,
              "children": [
                {
                  "id": "a1503a3ff6028673afa6488cdfe519ce",
                  "author": "李宗恩",
                  "time": "2020年06月29日 11:36",
                  "content": "<p>香囊在預防嚴重瘟疫上的功效並不大，或許可能稍微安穩身心，讓人睡好一些、吃好一些、呼吸順暢一些，間接提高人體抵抗外邪的能力，拿來直接防疫的功效是很薄弱的，刻意大力推廣香囊防疫只是商業賺錢的廣告宣傳。</p>",
                  "level": 3,
                  "highlight": true,
                  "children": []
                }
              ]
            },
            {
              "id": "bb594c256d109401a30b943fe3aa7c29",
              "author": "Yuemeng",
              "time": "2020年06月29日 09:07",
              "content": "<p>李医生您好！我购买了贵诊所的治疗通方，是为复工和孩子复学以防万一准备的。想请问一下，如果成人或儿童（5岁，7岁）感到不适怀疑感染病毒，在无法联系到诊所的情况下可否先自己喝药防止恶化？儿童可用吗？用量如何调整？非常感谢！</p>",
              "level": 2,
              "highlight": false,
              "children": [
                {
                  "id": "b57539cb2fe34d8948e15df05ee6afcc",
                  "author": "李宗恩",
                  "time": "2020年06月29日 12:02",
                  "content": "<p>最好還是先和診所聯絡，治療通方是救急下不得已的辦法。如果真的得使用治療通方，大人小孩皆可以先服用半碗，一天2~3次，看看反應如何，如果沒有特殊不好的反應，可以增加到一次一碗。如果基本上對證，三四天内病情應該會緩解，雖然不一定會大幅改善，至少病人可以確定有改善，如果病情沒有改善，甚至惡化，有可能治療通方對該病人的治療方向不對，或者藥性不夠強而擋不住病情發展，這個時候就一定得和診所聯絡。</p>",
                  "level": 3,
                  "highlight": true,
                  "children": [
                    {
                      "id": "92e8880708520cd1bd22f43c4e56b55e",
                      "author": "Yuemeng",
                      "time": "2020年06月30日 12:18",
                      "content": "<p>非常感谢您的回复！</p>",
                      "level": 4,
                      "highlight": false,
                      "children": []
                    }
                  ]
                }
              ]
            }
          ]
        }
      ]
    },
    {
      "id": "baa558ee84fff7ba861b4a7d5734176f",
      "author": "微雨落花",
      "time": "2020年06月25日 18:16",
      "content": "<p>李博实乃中医界的一股清流！</p>",
      "level": 0,
      "highlight": false,
      "children": [
        {
          "id": "8ea0a297e16b4a6433954c5bc75800a5",
          "author": "李宗恩",
          "time": "2020年06月26日 21:05",
          "content": "<p>謝謝你的支持及鼓勵。</p>",
          "level": 1,
          "highlight": true,
          "children": []
        }
      ]
    },
    {
      "id": "4ae04dc0ed00530d085df20dad613735",
      "author": "李晨",
      "time": "2020年06月27日 19:28",
      "content": "<p>李医生，以前不是有个帖子说要更新倪海夏老师的徒弟分布区域吗？让大家少上当。徐律师的天记再次更新是更新紫薇斗数还是易经那些，卖吗？其实我最近也在帮人用紫薇斗数看，有些看的很好，有些看不准，也在不断的看进化自己的功力。我看盘都是化名看的，就赚个伙食费几十块。<br>\n其实我说真心话，不知道是谁把倪师的视频传出去的，搞得外面都在卖盗版，有的学了还抬高价。我在一个公众号看到，看紫薇斗数看一次3000多，最后作者冒出一个倪师说。想必又是学倪海夏老师的东西去敛财去了。。还有人看呢，一个班1万6。</br></p>",
      "level": 0,
      "highlight": false,
      "children": [
        {
          "id": "ac622afc45aaa92eb647f1029e635ed4",
          "author": "李宗恩",
          "time": "2020年06月29日 11:42",
          "content": "<p>正本清源的工作因爲疫情而耽誤了。很多人拿倪老師的名聲及教學内容來斂財，問題是爲什麽那麽多人願意被騙？因爲自己知識不足，人家説什麽就相信。</p>",
          "level": 1,
          "highlight": true,
          "children": []
        }
      ]
    },
    {
      "id": "b190c9eb62ddbbb254c2276b4e3971d1",
      "author": "李晨",
      "time": "2020年07月06日 08:47",
      "content": "<p>今年会公布吗？拿倪老师教材来敛财的是很多，套老师的话，开设各类课程。他们看的视频，一般都是学到一个限度，就自己进升不了了。以为倪老师讲的就是那些，然后就出来搞钱了。后面我想了一下，关是倪老师讲的天人纪，回忆他讲的话，反复推理。本人摸到的程度还是0，能够真正接近倪老师思想的远远不够。<br/>\n我还有一个问题，就是看过倪老师视频的人都不知道徒弟是真是真假？比如一个叫林大栋的说倪老师徒弟，让扫码听课，还有台湾来的林姓人物。</p>",
      "level": 0,
      "highlight": false,
      "children": [
        {
          "id": "66a3240efeee6a7ccc47dbef59b65780",
          "author": "李宗恩",
          "time": "2020年07月07日 12:04",
          "content": "<p>公佈倪老師學生名單不是問題，問題在於沒有直接的辦法來確認每一位學生的醫術、醫德、及是否按照倪老師原本的中醫理念來看診或教學。很多學生只是買了人紀教材或跟診了幾天，和倪老師互動有限，並非外界想像的跟著倪老師直接學習一長段日子，加上倪老師本來也就沒有一個審核學生學習好壞的制度，這些讓問題很複雜。目前考慮的方法是公佈各個學生原本和倪老師學習的情況，譬如跟診一兩周、人紀班學生、長期跟診、參加倪老師在台北的每周教學等等，同時讓學生們發表自己的醫案，讓讀者自己做判斷，除非學生明顯利用倪老師名聲來斂財或在外侮辱謾駡倪老師，我們盡可能不做評論，以免影響公正性。</p>",
          "level": 1,
          "highlight": true,
          "children": []
        },
        {
          "id": "58904561b7b45ffd574937165c8e9ccd",
          "author": "ET",
          "time": "2020年07月14日 07:19",
          "content": "<p>我也是最近才听说了林大栋医师。据我有限的查找他是矽谷中医损友团的成员之一，跟李医师应该也认识，可惜矽谷中医损友团的博客内容已经看不到了。他当时应该是有跟倪师学过的。目前好像在深圳推广用中医人工智能的系统。我个人挺认可这个方向的，有兴趣的可以去他们网站了解。</p>",
          "level": 1,
          "highlight": false,
          "children": [
            {
              "id": "a20a56a39653b847c9d2278562ecf81f",
              "author": "李宗恩",
              "time": "2020年07月14日 09:37",
              "content": "<p>很可惜，目前所有的中醫「人工智能」和你想像的相差很多，我之前的文章有些微的討論：https://andylee.pro/wp/?p=6485</p>",
              "level": 2,
              "highlight": true,
              "children": [
                {
                  "id": "8d04474f1806b18f5d0052b660c02780",
                  "author": "ET",
                  "time": "2020年07月14日 18:50",
                  "content": "<p>我的幻想是，将来我们如果不舒服：用蓝牙的脉诊仪把脉，用iPad照舌像、面像，在app里输入症状并回答AI的问诊。然后系统开方，我们付款后，由最近的药房配药、煎药（或药房里的机器人直接配科学中药）。最后，由快递（或类似中国的送餐员）送到家门。用了药也要及时反馈给系统，好让人工智能继续学习。</p>\n<p>不用预约、挂号、等两三个小时或到医院里去交叉感染。当然如果真的这样的话，中医师也要失业了！呵呵！</p>\n<p>现在的人工智能到不了这种境界，但是作为年轻医师的辅助系统还是很有帮助的。毕竟每年那么多中医毕业生，老中医才那么几个，如何让年轻的积累临床经验是迫切的问题。有了辅助系统，至少年轻中医不会在面对病人又茫无头绪的时候乱开药。而且如果该系统是偏向经方的辨证系统的话，也可以让年轻医师在临床中学习经方辨证。当然如果该医师纯粹依赖系统而不思考学习的话，进步的空间也很有限。以上是个人一点小看法。</p>",
                  "level": 3,
                  "highlight": false,
                  "children": [
                    {
                      "id": "1698464b54cd8dbfb988fc39aeead1b3",
                      "author": "李宗恩",
                      "time": "2020年07月14日 20:26",
                      "content": "<p>在很多領域裡，都有類似的想法，然而，越深入會發現問題越複雜，即使在科技尖端的硅谷，大部分人工智能的公司都是有其名而無其實，藉著投資跟風的趨向，先要到一筆資金再來想技術如何推進，目前很多之前風風光光的人工智能公司燒光資金、面臨倒閉。現在所謂的中醫人工智能，充其量只是症狀對比的加權比較，本身就已經不是中醫看診的思維模式，用這樣的方式來訓練年輕中醫師，讓他們更不知道如何深入中醫生理病理的理解及推論，臨床看診更加亂七八糟。想發展真正的中醫人工智能，得先回歸到中醫生理病理架構，讓人腦能清晰分析病症，長期臨床效果卓越後，再來討論如何轉化人腦的思維到電腦程序的設計。目前所有的症狀加權比對的專家系統，及所謂的臨床病例大數據分析的深度學習，都離中醫核心非常遙遠，只是商業炒作下的賺錢工具，把幾個稍微複雜的病例丟給那些系統分析，很容易知道其中嚴重的偏差及失焦。</p>",
                      "level": 4,
                      "highlight": true,
                      "children": []
                    },
                    {
                      "id": "59ae19712fb282eba627c532ef586a5f",
                      "author": "暗香疏影",
                      "time": "2024年03月23日 19:29",
                      "content": "<p>人工智能看诊缺的不是编程序技术，而是临床统一的有效的数据，没有这个数据一切都是空谈！而这个数据来源的基础是得有大量会看病看好病的中医师去记录并提供，前提是咱们身边这样的中医师凤毛麟角，最起码目前我了解并认可的就倪师和李博士二位！所以只能说人工智能看诊的课题任重而道远！</p>",
                      "level": 4,
                      "highlight": false,
                      "children": []
                    }
                  ]
                }
              ]
            }
          ]
        }
      ]
    },
    {
      "id": "1c08ab7b8cb1d5b4e9c64d8634e4c6b6",
      "author": "李晨",
      "time": "2020年07月08日 01:09",
      "content": "<p>那个年代2002年的时候，能够去美国跟诊的人也不是一般普通人。那个时候都没有现在的智能手机，家里还是用小灵通。像倪老师收徒弟很严格。<br/>\n但这些学生是不是很容易背叛倪老师啊，感觉很多学生都容易背叛倪老师。<br/>\n其实我感觉倪老师更像一个有修养的浪子，个性鲜明，和其他教授不一样。倪老师讲话更接地气，让我一个初中没读完的人也能听懂，还学会了批紫薇斗数。其他教授倒像念经一样，听不懂(=_=)。<br/>\n不过李医生，你提到一些大陆名医，王齐，卢汉，徐问兵，名字我不打全了。这些在大陆普遍反馈不好，疗效差，收费贵。能够用倪老师方式看诊的寥寥无几。也是目前中医复兴不起来的原因。</p>",
      "level": 0,
      "highlight": false,
      "children": [
        {
          "id": "3ec3366e131d66d728712cf2b49a5dbf",
          "author": "ieitZYB",
          "time": "2020年07月08日 15:35",
          "content": "<p>别东拉西扯，别添乱。<br/>\n比如2002年，倪师在某州某机构上班，出处在哪里？李同学最好说明出处，不然误导更更后来的粉丝。<br/>\n举例用“中医是物理医学”的表述应该会比“接地气”更有出处可查！<br/>\n后来的粉丝要了解倪师讲的精髓，物理学，读图，文字都是障碍。<br/>\n一般读者，其实都不明白这个我们IT说的链接：http://www.hantang.com/chinese/ch_Articles/Ch_index.html<br/>\n是什么意思，有什么作用，当一串字母看。</p>",
          "level": 1,
          "highlight": false,
          "children": []
        },
        {
          "id": "6d36d3498bdedc5914c17a2f8786e40a",
          "author": "李宗恩",
          "time": "2020年07月15日 08:39",
          "content": "<p>我沒有提過什麼大陸名醫王齐，卢汉，徐问兵等等。</p>",
          "level": 1,
          "highlight": true,
          "children": [
            {
              "id": "ed49d9d09cac7d9b07a086e3a94fcfc2",
              "author": "李晨",
              "time": "2020年07月16日 04:05",
              "content": "<p>成都，卢崇汉，北京，王琦，徐文兵，有没有印象提过？<br/>\n现在有些贴子找的到</p>",
              "level": 2,
              "highlight": false,
              "children": [
                {
                  "id": "bb2522f4e6e912870ec6b9fb1a0b3b54",
                  "author": "ieitZYB",
                  "time": "2020年07月16日 13:37",
                  "content": "<p>各位读者注意了，网络搜索各种帖子、加各种QQ群等，但又缺少自主判断(至少要认原装<br/>\n【http://www.hantang.com/】<br/>\n而不是篡改的<br/>\n【http://www.hantang-nihaisha.com/】)，这就是后来粉丝李同学会上当的原因。</p>",
                  "level": 3,
                  "highlight": false,
                  "children": [
                    {
                      "id": "2d4e37b19356ec0d2e584ccdec96a105",
                      "author": "李宗恩",
                      "time": "2020年07月16日 17:14",
                      "content": "<p>「篡改」這兩個字並不適當，或許該説和倪老師原本網頁有「差異」。倪老師過世後，家屬及其他所有人幾乎都認爲應該保持原來倪老師網頁的内容，不再做任何更新，以紀念倪老師。後來隨著許多事情發生，人事物的改變，倪老師原本網頁及内容版權的歸屬產生了一些爭議。原網頁的登記及付費等，多年來一直為診所總管李大叔管理，診所轉賣後，李大叔繼續管理，維持原本内容不變。倪師母認爲網頁及内容版權屬於遺產，雙方缺乏溝通，在一些旁人建議下，倪師母決定設立新的網頁以做區別。至於爲什麽後來多加了許多連結及内容，我不適合評論，然而，因爲答應倪老師傳承的工作，很難完全不被捲入其中的紛紛擾擾，這也是你們爲什麽會到我的網頁來討論這些和我沒什麽關係的事情。</p>",
                      "level": 4,
                      "highlight": true,
                      "children": []
                    },
                    {
                      "id": "4e02ba74d984893ef03c549f58b33969",
                      "author": "ieitZYB",
                      "time": "2020年07月18日 11:08",
                      "content": "<p>「篡改」确实是表达不当，<br/>\n「差异」确实更合适。<br/>\n以主要的页面“超越五千年以上的傳統中醫學術”：<br/>\n<a href=\"http://www.hantang.com/chinese/ch_Articles/Ch_index.html\" rel=\"nofollow ugc\">http://www.hantang.com/chinese/ch_Articles/Ch_index.html</a><br/>\n也只有我们会点IT技术的能看出来差异。<br/>\n不重要，回到提醒各位读者，请原谅，我不是在评论“真假善恶”，没有意义，上当也可以算是学习过程。是举例分享如何判断和怎样去了解倪师原始的学术内容。<br/>\n百科、贴吧、QQ群、微信公号文，只是一个方便法门，就像我本人也是通过youku.com盗版下载后再去深圳购买，我喜欢的是倪师物理学风格。我一开始就相信倪师是正常的过世，没那么神秘，有偶像崇拜也没有那么强。</p>",
                      "level": 4,
                      "highlight": false,
                      "children": []
                    }
                  ]
                }
              ]
            }
          ]
        }
      ]
    },
    {
      "id": "8fea68d6ff7e2abbc68c48389794de1c",
      "author": "长沙--唐归善",
      "time": "2020年07月11日 03:10",
      "content": "<p>一直希望能有机会和梦想：去美国见李宗恩老师，哪怕能聊上几句或见证老师临床，那是多么奢侈的一件重要而开心之事。本人是倪师及老师的粉师，也是中医爱好者，也做了一点与中医沾边的健康养生行业。很希望能通过与老师沟通、交流一下，把自己实际临床的一些困惑告诉老师，希望能得到老师的指点。非常感恩老师的人品与精神、医术技能！</p>",
      "level": 0,
      "highlight": false,
      "children": [
        {
          "id": "022e31d92bdfc605310e0ea24bc87d77",
          "author": "李宗恩",
          "time": "2020年07月14日 09:32",
          "content": "<p>謝謝你的支持及鼓勵，有機緣會見到面的。</p>",
          "level": 1,
          "highlight": true,
          "children": [
            {
              "id": "8b1d9290b0750c75f9bed98dbbf29c41",
              "author": "长沙-唐归善",
              "time": "2020年07月21日 22:33",
              "content": "<p>感恩感谢李老师。</p>",
              "level": 2,
              "highlight": false,
              "children": []
            }
          ]
        }
      ]
    },
    {
      "id": "547f96b9da1065a54f3734a027344215",
      "author": "李晨",
      "time": "2020年07月14日 17:17",
      "content": "<p>那位林大栋在网上找一些水军，给自己包装好让大家去找他听课，课程200多块，在一些贴吧，小网站里面都宣传。既然跟过倪老师学习和李医生也认识，功力应该不太差。</p>",
      "level": 0,
      "highlight": false,
      "children": [
        {
          "id": "b289216db385f803552d3c5e4ecc9f10",
          "author": "ieitZYB",
          "time": "2020年07月14日 20:45",
          "content": "<p>不要添乱，这种瞎评论有时也误导后来的粉丝。</p>",
          "level": 1,
          "highlight": false,
          "children": []
        },
        {
          "id": "817709a7b4f74801f2c8209034e7b7ae",
          "author": "李宗恩",
          "time": "2020年07月14日 21:12",
          "content": "<p>無論是哪一位醫生，功力如何都得從臨床治療病例的療效及複雜度來長期評估，並非只憑師承、學歷、宣傳等等來推論。</p>",
          "level": 1,
          "highlight": true,
          "children": []
        },
        {
          "id": "abbeba4c8675266d46fcc871f914650e",
          "author": "暗香疏影",
          "time": "2024年03月23日 20:13",
          "content": "<p>假的真不了，真的假不了，遇到假的也是一种学习，让你从另一个角度了解从而更好的完善自己，李博士不用把有限的时间放在打假上耗散精力，因为根本打不完，您正本清源的方法就是把真身现出来，抓紧正式传承，培养一批正统倪门血脉，就好比斗癌细胞一样，您一个人势单力薄，不断几何复制好的细胞，癌细胞必将无处遁形！真心想学好中医悬壶济世的同学们也不要分心在这些纷争上，打铁还须自身硬，自己储备足了才是真本事！</p>",
          "level": 1,
          "highlight": false,
          "children": []
        }
      ]
    },
    {
      "id": "39649e9db16978906385c6fcee574821",
      "author": "橄榄树",
      "time": "2020年07月15日 16:30",
      "content": "<p>这个林大栋，并没有什么看诊的经验。诊所开了一年就倒闭了。没有临床经验，拿什么来教学生呢？<br/>\n他所创建的那个电脑看诊系统，你信吗？<br/>\n中医随时要根据病人的病情变化来调整方子，剂量和药的裁减，有时很精细。电脑能吗？谁照着书本生病啊？编程，是根据刻板的规律来，而人的病情变化各不相同。请倪师的优秀弟子看过的病的，一定会深有体会。</p>\n<p>他而且还打着倪师的大旗。不明所以的人听了他的课，以为倪师的故事都是瞎编的。以后倪师其它的优秀弟子出来讲课，还有谁信？<br/>\n跟着他学，误自己。</p>",
      "level": 0,
      "highlight": false,
      "children": [
        {
          "id": "0f34a6933a03a96ced9a6d02d656130e",
          "author": "ieitZYB",
          "time": "2020年07月15日 21:18",
          "content": "<p>别添乱。<br/>\n别瞎喷，请橄榄同学提供“诊所开了一年就倒闭了”的出处？</p>",
          "level": 1,
          "highlight": false,
          "children": [
            {
              "id": "8177da6f54638256350dd4177e6df10e",
              "author": "橄榄树",
              "time": "2020年07月16日 17:47",
              "content": "<p>你上网去搜一下林大栋的个人简历，百度百科一下，他上面压根就没有提自己有多少年的看诊经验。只说自己创建了问止电脑诊断。任何一个临床经验丰富的医生，怎会不写呢？</p>",
              "level": 2,
              "highlight": false,
              "children": []
            }
          ]
        },
        {
          "id": "d309e1858313ff4a25a8d8b481dfda67",
          "author": "李宗恩",
          "time": "2020年07月16日 14:31",
          "content": "<p>我認得林醫生，他第一次開診所時，確實因爲病人不足而一年多後關門了。這倒也無可厚非，當時診所只是他的副業，他在科技公司擔任硬件工程師，下班之餘利用晚間及周末看診。一段日子後，林醫生找了不同的合夥人，其中也有我認得的中醫師，重新開設一家中醫診所，還是晚間及周末業餘看診。很可惜，合夥人之間理念不同，沒有多長時間就拆夥了。2018年初，林醫生決定辭去科技公司職務，全職看診，隨後因緣際會和現在公司的其他幾位聚合在一起，演變成現在的公司。</p>\n<p>我個人覺得林醫生很認真搜集和整理中醫資料，也想好好推展中醫。可惜的是，臨床治療複雜病症的經驗有限，單純從書籍内容來思考中醫，把問題過度簡單化，這樣情況的人很多，林醫生不是第一個，也不會是最後一個，不用太苛責。然而，公司本身似乎更在乎商業推展及盈利，爲了擴展業務，很刻意利用倪老師的名聲來渲染自己，甚至盜版販賣倪老師的書籍内容。林醫生和倪老師的關係也非如同該公司刻意營造的形象，林醫生購買了倪老師的人紀DVD教材，因倪老師照顧一群矽谷工程師組成的「矽谷中醫損友團」，和大家一起到佛州診所跟診了兩次，各8～10天，跟診時有二三十位學生擠在診間旁觀看診過程，和老師互動有限，和外界想像的”親授”有不小的差異，很多學生和倪老師學習更久也更深入。這些事情，和我原本認識的林醫生已經不一樣了，或許人在江湖身不由己吧。不過，每個人都有權力及自由，在法律許可範圍下推展自己的理念及商業模式，至於臨床療效如何、宣傳誇大與否等等，就得每個病人自己判斷及選擇了。</p>",
          "level": 1,
          "highlight": true,
          "children": [
            {
              "id": "e82913aa3c7cba869ee7347fa5ce83e6",
              "author": "李晨",
              "time": "2020年07月16日 17:01",
              "content": "<p>人在江湖身不由己，利益，金钱，生活，把人纪，天纪，贱踏的一无是处。不知道这样说有没有得罪到你。我讲的都是自己看到的。</p>",
              "level": 2,
              "highlight": false,
              "children": []
            }
          ]
        }
      ]
    },
    {
      "id": "2af73e224c19e5b69c56cc07090808f3",
      "author": "李晨",
      "time": "2020年07月16日 04:09",
      "content": "<p>你这个英文字母ZYB的网友就是一个世界瞎子。林大栋打着倪老师的名号让大家扫码，交钱。你懂不懂？能不能去网络逛一逛？在这里装模作样坐好人，最讨厌你这种义工。<br/>\n这不叫义工，</p>",
      "level": 0,
      "highlight": false,
      "children": [
        {
          "id": "875f930a0e7dd05754dc7ab50c2d2564",
          "author": "橄榄树",
          "time": "2020年07月16日 17:42",
          "content": "<p>在这里用语请文明，这是李宗恩老师的博客，谢谢哈。</p>",
          "level": 1,
          "highlight": false,
          "children": []
        }
      ]
    },
    {
      "id": "3b53eedde6a8ad6c62a95e633109f46f",
      "author": "李晨",
      "time": "2020年07月16日 04:11",
      "content": "<p>难道骗子，骗了钱还留下一个链接。我在这里，来找我啊！</p>",
      "level": 0,
      "highlight": false,
      "children": []
    },
    {
      "id": "027ca0e0679deee3d2e4121be95f2eb2",
      "author": "殇羽",
      "time": "2023年01月04日 12:51",
      "content": "<p>现存的能找到的医生都是温病派，治不死也治不好，只是一顿维持，如果能有人象李可那样，我觉得癌症会被攻克的</p>",
      "level": 0,
      "highlight": false,
      "children": [
        {
          "id": "d2c5cc5da2959125abe35df3d9028891",
          "author": "李宗恩",
          "time": "2023年01月10日 10:30",
          "content": "<p>倪老師曾經説過，李可老中醫算是半個經方家，因爲他只使用大劑量的炮附子，而不使用生附子等。</p>",
          "level": 1,
          "highlight": true,
          "children": []
        }
      ]
    }
  ],
  "page": 20,
  "order": 3,
  "filename": "data\\page20\\page20_order2_cf8cbc2080f9b41920b8c8ff4c4e45a1.json"
}