{
  "article_url": "https://andylee.pro/wp/?p=8307",
  "title": "焦慮症 失眠",
  "content": "<p>這個病例挺有趣的。病人是矽谷的工程師，華人，男性，50歲左右。病人自述，新冠肺炎疫情爆發後，他不知道爲什麽很緊張、很擔心，白天會突然心慌、心跳加快、莫名地恐懼等，晚上很難入睡，得拖上好幾個小時才睡着，而即使睡着後，沒多久就會驚醒， 驚醒時會非常害怕， 心慌、心跳加快等等。他去看了西醫，醫生認定他有焦慮症及失眠，開了抗焦慮症西藥及安眠藥給他，他覺得效果有限，自己再加服用大麻萃取物Cannabidiol (CBD) ， 勉强可以睡一些，但白天晚上還是會出現焦慮症的症狀。這樣的情況已經好幾個月了，病人深感苦惱。</p>\n<p>病人在他朋友的大力推薦下來診所看診，我仔細地望聞問切及和病人討論了許久，認爲得先穩定他的睡眠，畢竟一個人長期睡不好，不但身體很難改善，對心理也會產生很大的傷害。因而，前幾周以兩個不同的藥方交替來改善病人入睡情況、睡眠時間及深度，並穩定情緒。病人的反應不錯，沒多久病人把 抗焦慮症西藥及安眠藥停了，白天情況良好，不會焦慮症發作，入睡好些，仍需要一個多小時才能睡着，也可以睡得比較久、比較沉，不過，半夜還是會驚醒，驚醒後發焦慮症，心慌、心跳加快、恐懼等等。</p>\n<p>正當我思考該如何再往前推進時，病人突然告訴我，這幾個月 「居家避疫」 （Shelter in Place），運動量大減，卻吃得多很多，最近覺得胃脹、反胃、不舒服。其實，第一次看診時，我已經告訴病人，他肝臟有問題，膽汁分泌一定不會好，遲早有可能會有膽囊、膽管的問題，自己得注意飲食。好吧，既然病人覺得焦慮症及失眠好了不少，現在對胃脹比較煩惱，那我們就繞個路，來把他肝膽剋脾胃的問題解決一下，直接清肝清膽，藥方和治療膽結石、膽囊炎有很多相同的地方。</p>\n<p>兩周後復診，病人說他胃脹、反胃等好了，這並不太意外，我告訴他還得多服用兩周清肝清膽的藥，讓膽囊膽管維持在一個比較好的狀態。然而，有趣的是，病人說這次服藥幾天後，他焦慮症和失眠全好了，白天沒有發過焦慮症，晚上入睡良好，可以一覺到天亮，中間不會驚醒，也就沒有驚醒後的恐懼、 心慌、心跳加快等等。雖然，以病人的情況而言，清肝清膽確實會多多少少幫助到他的焦慮症及失眠，但是，如果病人兩周前沒有抱怨胃脹、反胃等，我不會考慮用這樣的方式來繼續治療他的焦慮症及失眠 ，更不確定能不能在一周的時間裡完全「收尾」 。這樣的情況，讓我眼睛一亮，回頭重新思考許多問題。</p>\n<p>病人是醫生的老師，醫生虛心傾聽病人的反饋，是醫術精進的一大助力！</p>\n<p></p>",
  "article_time": "2020年06月09日 15:38",
  "comments": [
    {
      "id": "e1ce04cf0ac3da3377d6750a05f04749",
      "author": "shawn",
      "time": "2020年06月09日 19:41",
      "content": "<p>感謝分享案例；<br/>\n這裡的焦慮症我認為部分對應虛煩不得眠的虛煩（酸棗仁湯重知母+牡蠣龍骨+情志藥物），心慌、心跳加快是被動現象（血不足+焦慮），如果兩週效果停滯，可能我比較認為肝膽實（熱）無法比較好的補血進去，如果查明肝膽無問題繼續往脾胃（吸收源頭）和心臟方面找（心臟亂跳，是否空間上有阻滯等），邏輯上應該還沒大多問題。</p>\n<p>以前看到有胃病的人喜歡做惡夢鬼夢，估計是消化不良生產的瘴氣影響，現在倒是在想可能是肝的問題；</p>",
      "level": 0,
      "highlight": false,
      "children": []
    },
    {
      "id": "faa3696130bdcf012618f1a774777cf8",
      "author": "沈煇峰",
      "time": "2020年06月09日 23:56",
      "content": "<p>李博士您好，想請教一個生半夏的問題。我前一陣子開始使用生半夏，我有印象（好像是倪師說過）生半夏要配生薑來制約其毒性，但是也注意到傷寒金匱有些方子，是半夏配乾薑（例如，半夏瀉心湯），有些則沒有生薑或乾薑（例如，附子粳米湯）。所以，想向李博士請教一下生半夏的配伍。謝謝您。</p>",
      "level": 0,
      "highlight": false,
      "children": [
        {
          "id": "fc5dff718dbe2afb1634bed0e38dff78",
          "author": "李宗恩",
          "time": "2020年06月10日 11:17",
          "content": "<p>所謂生半夏的毒性，絕大多數情況是沒有水煮而直接服用的結果，已經有許多現代研究表示，生半夏經過適當的水煮，毒性大幅減少，並不會導致問題，治療效果卻遠好於炮製過半夏。如果加生薑一起煮，藥性更加溫和，但有些情況卻不加生薑，以免影響效果。許多問題都是後代醫家對古籍的理解不足，又沒有現代科學的檢測，以訛傳訛，導致許多似是而非的教條，譬如生附子有毒，生附子不煮直接拿來服用，當然會出問題，但現代科學實驗證實，生附子水煮一個小時以上，雙酯烏頭鹼轉化爲單酯烏頭鹼，再轉化爲醇胺，毒性下降到一兩千分之一，實質上可以視為無毒。</p>",
          "level": 1,
          "highlight": true,
          "children": [
            {
              "id": "7e6ccba35bccc38e2e83dd7c787dcdd9",
              "author": "沈煇峰",
              "time": "2020年06月10日 22:46",
              "content": "<p>謝謝李博士指點迷津！！</p>",
              "level": 2,
              "highlight": false,
              "children": []
            }
          ]
        }
      ]
    },
    {
      "id": "f80f16756c535e6b3e4db80b4877dbb5",
      "author": "古中医爱好者",
      "time": "2020年06月10日 18:41",
      "content": "<p>李醫師您好，分享一個醫案，病人是我自己。有點發熱，流汗不止（氣溫還沒那麼高），咳嗽，然後嘔，嘔出來是白津（不是痰）咳嗽多了感覺到微微的喘氣，就是有點上氣接不了下氣，還有咳嗽完後會流眼淚，同時心神不寧。這到底是什麼症狀。正在研讀《金庫要略》，已經是第三次了。仲景先師真乃聖人，神人也，《咳而上气，此为肺胀，其人喘，目如脱状，脉浮大者》，就是《目如脱状》無法理解，自己親身體驗過才知道，就是咳嗽時候眼淚也掉出來了。一碗下去，過約1小時後，這些症狀統統沒有。如果去西醫呢，打點滴降體溫，然後做胃鏡查為什麼嘔吐，折騰哦。細細回味仲景的方，流汗不止用麻黃止汗，嘔用生半夏止嘔，心神不寧用石膏，姜棗補充津液流失。感嘆古人的智慧超一流的。自己摸右寸口脈，不浮，大小不清楚（或不會摸脈）。</p>",
      "level": 0,
      "highlight": false,
      "children": [
        {
          "id": "93cbdb22a6c7b2a0882e3c3613387a61",
          "author": "李宗恩",
          "time": "2020年06月10日 19:40",
          "content": "<p>謝謝你的分享！</p>",
          "level": 1,
          "highlight": true,
          "children": []
        }
      ]
    },
    {
      "id": "9ebed54a3a1e0636dfc3d43a69fced16",
      "author": "明遠",
      "time": "2020年06月10日 20:00",
      "content": "<p>李醫師 您好:</p>\n<p>生附子小火煮一個半小時，會不會太久?</p>\n<p>謝謝</p>",
      "level": 0,
      "highlight": false,
      "children": [
        {
          "id": "011c79ab302df8c8036264e863e3fda6",
          "author": "李宗恩",
          "time": "2020年06月14日 11:21",
          "content": "<p>中大火煮一個小時多。</p>",
          "level": 1,
          "highlight": true,
          "children": []
        }
      ]
    },
    {
      "id": "7ea90c16760e75fd67dbcf46c6368738",
      "author": "高彩云",
      "time": "2020年06月14日 18:51",
      "content": "<p>李老师 有幸看到您的文章，我是山东人，苦于找不到好的经方家为家人看病，得知您曾到通许人民医院，那里也有杨贞老师，我只信任倪师的传承，但是联系不到，不知道您能否提供下杨贞老师的联系方式，或是您了解的山东附近的好大夫，不胜感激</p>",
      "level": 0,
      "highlight": false,
      "children": [
        {
          "id": "dba4a6db287e846e468267e43c8d1dee",
          "author": "李宗恩",
          "time": "2020年06月15日 21:20",
          "content": "<p>很抱歉，我不能給你楊醫生的私人聯絡方式，我對山東附近的情況也不熟悉。</p>",
          "level": 1,
          "highlight": true,
          "children": [
            {
              "id": "0e36fefe4ec23b660203b6615fc5995e",
              "author": "旭吖",
              "time": "2020年06月18日 01:53",
              "content": "<p>李医师您好，大陆这边有哪位倪师弟子，我想跟诊学习，为倪师大愿续上绵薄之力！可发到我的邮箱。感恩！</p>",
              "level": 2,
              "highlight": false,
              "children": [
                {
                  "id": "e5abf43c0d902fa92bf93c408148665e",
                  "author": "李宗恩",
                  "time": "2020年06月18日 13:01",
                  "content": "<p>真的能傳道授業的倪老師弟子不多，大陸可能就更少了。</p>",
                  "level": 3,
                  "highlight": true,
                  "children": []
                }
              ]
            }
          ]
        }
      ]
    },
    {
      "id": "ebbe65c5a5f29da07dc0ff09b712e815",
      "author": "高彩云",
      "time": "2020年06月16日 12:46",
      "content": "<p>Thank you for taking the time to answer me，希望有缘能和您见面</p>",
      "level": 0,
      "highlight": false,
      "children": []
    },
    {
      "id": "f8ac7dc4d6ff94ea079d8a8bc8300b4b",
      "author": "无显示",
      "time": "2020年06月16日 12:44",
      "content": "<p>疫情北京又来第二波，学校再次关闭。我住的美国社区疫情又开始第二波了。看来这个冬天学校又要关门。之前您说夏天辉好一点，但气温高的地方印度和美国非常热的地区疫情一样严重啊。看来高温没有太大影响疫情变好一点。您觉得呢？</p>",
      "level": 0,
      "highlight": false,
      "children": [
        {
          "id": "44d9d477b60f90b46176ff344181d816",
          "author": "李宗恩",
          "time": "2020年06月17日 11:44",
          "content": "<p>夏天轉好是相對而言，美國太快開放，加上各地大幅抗爭遊行，印度疫情管理問題很多，因而美國和印度疫情一直無法緩解，但如果是冬季的話，那疫情會更加嚴重。</p>",
          "level": 1,
          "highlight": true,
          "children": []
        }
      ]
    },
    {
      "id": "2424f2b2414c84c9074ca9fd2552c279",
      "author": "李晨",
      "time": "2020年06月18日 12:04",
      "content": "<p>五月为天地交泰之月，阴阳混浊不分，人体脏腑，气血受极大影响，你会发现为什么这个月服药之后为什么不如以前效果好了呢？是因为季节的影响。请不用担心。“五毒月”的由来《印光大师挽救劫运篇，戒欲戒淫，保身节欲》，农历五月俗称毒月。其中，五月初五、初六、初七、十五、十六、十七、以及二十五、二十六、二十七，此九天为“天地交泰九毒日”：“十四”为天地交泰日，一共十天。这十天 用艾灸排毒可以排寒毒，水毒，湿毒，痰毒，血毒，瘀毒。通过艾灸督脉的大椎，命门，至阳可以振奋全身阳气排寒毒，配合艾灸阴陵泉，丰隆，三阴交可以排水毒，湿毒，痰毒;配合艾灸血海，委中可以排血毒，瘀毒。<br/>\n有这种说法吗</p>",
      "level": 0,
      "highlight": false,
      "children": [
        {
          "id": "4ead76357d08ea84818b525ce1023c39",
          "author": "李宗恩",
          "time": "2020年06月18日 13:00",
          "content": "<p>聽起來像是又一個假藉中醫之名來商業賺錢的噱頭。</p>",
          "level": 1,
          "highlight": true,
          "children": []
        }
      ]
    },
    {
      "id": "731e7fe2596b640a2a16ef6dcb48d39a",
      "author": "小米",
      "time": "2020年06月18日 15:42",
      "content": "<p>感谢李老师的指导</p>",
      "level": 0,
      "highlight": false,
      "children": []
    },
    {
      "id": "5454f5385965a76d9989ef56238babad",
      "author": "李晨",
      "time": "2020年06月18日 17:02",
      "content": "<p>这是桂林汉唐中医，发的5月服药消息啊，这讲的玄又是玄啊，服药效果不好，就怪在月份上。非常赚钱啊这个。<br/>\n讲的太玄了，在网站上看见一个朋友几年前就把倪伯师的微信什么都删除了。换作是一般中医爱好者呀，加到一个大师的微信，红包也发，一口师傅师傅的叫的。背地里可是一套一套的</p>",
      "level": 0,
      "highlight": false,
      "children": []
    },
    {
      "id": "f3a601567519a4cd3b5cfd8a82173cb4",
      "author": "四川 颜永信",
      "time": "2020年06月19日 06:42",
      "content": "<p>2018年8月我才发现倪海厦讲伤寒论，一听就喜欢，认定倪海厦是最好的老师，立即上网购买倪海厦书籍和硬盘，现在学了近两年了。对针灸，伤寒，金匮要略，天纪有所了解。认定李宗恩博士学到了倪师的精神，是倪海厦大师的真正传人。你把临床经验案例分享给我们，给了我们再学习的机会。学习了倪师讲解的桂枝汤，我原来每年两次流清涕打喷嚏，白血球2万以上医生以为我在发高烧，银翘散桑菊饮败毒散这些温病学方子不起作用，拖半个月才好。桂枝汤学了几十年认为与我无关，听了倪师讲解桂枝汤我才懂得使用，从此很少感冒了。本人吐脓痰，中药服了几十年未根治，服过厚朴麻黄汤，泽漆汤治疗肺气肿，有效，但脓仍未根治。今天爬山，觉得有些喘，坐在电脑前不喘。最近肺片显示双肺纹影增粗，紊乱，模糊，以左下肺为甚。本人从不服西药。几十年治痰二陈汤之类用得很多，后来麦门冬汤，苇茎汤，苓桂术甘汤，麻杏石甘汤等，甘草干姜汤都是管一时，不能根治。请李博士给我指点迷津，提议治疗原则和治疗方药，谢谢李老师！</p>",
      "level": 0,
      "highlight": false,
      "children": [
        {
          "id": "9846e616d1712c936830090e14cc7128",
          "author": "李宗恩",
          "time": "2020年06月19日 11:57",
          "content": "<p>只憑這樣簡單敘述，是無法深入瞭解你的病情的。不過，我覺得你的盲點在於專注肺家卻忽略了其它臟腑，肺家有病症，不代表問題只在肺家，譬如大腸津液有問題，肺家受到影響，換句話説，你看問題的角度可能太狹窄，不夠全面。</p>",
          "level": 1,
          "highlight": true,
          "children": [
            {
              "id": "297855c0ae3e708c2c69cfd6ae6da158",
              "author": "四川 颜永信",
              "time": "2020年06月20日 03:34",
              "content": "<p>谢谢李老师百忙中指导。我的回复超时，无法正常发出。</p>",
              "level": 2,
              "highlight": false,
              "children": []
            }
          ]
        }
      ]
    },
    {
      "id": "a749881238a1580a98d2c1b1f67dc246",
      "author": "学中医",
      "time": "2020年06月27日 18:13",
      "content": "<p>李医师,打扰了,想请问一下如果一直失眠下眼袋肿大,有个特点就是睡觉时觉得眼睛闭不上想挣开,牙龈好像也开始萎缩了,这种情况如何用六经辩证,牙龈萎缩是不是真像西医说的不可逆转的吗? 谢谢…</p>",
      "level": 0,
      "highlight": false,
      "children": [
        {
          "id": "0b5dc5f457d7940d67aeecba50914620",
          "author": "李宗恩",
          "time": "2020年06月29日 11:38",
          "content": "<p>牙齦萎縮是可以反轉的，但不是那麽簡單的問題，至於你的情況怎麽辨證，你得找中醫師看診，不是幾個症狀就判定為什麽問題。</p>",
          "level": 1,
          "highlight": true,
          "children": [
            {
              "id": "93c88a7b48846d1258dac3bd40ae5f74",
              "author": "暗香疏影",
              "time": "2024年03月23日 20:36",
              "content": "<p>请教李博士，牙龈萎缩可以从脾脏方面入手思维吗？还有耳鸣的高频音与低频音怎么思维和解读比较合理？</p>",
              "level": 2,
              "highlight": false,
              "children": [
                {
                  "id": "42f88e9c7bab1f151c8fc2326b1f4cf1",
                  "author": "李宗恩",
                  "time": "2024年04月11日 14:53",
                  "content": "<p>你列的都是單一症狀，中醫不是以單一症狀來診斷。</p>",
                  "level": 3,
                  "highlight": true,
                  "children": []
                }
              ]
            }
          ]
        }
      ]
    },
    {
      "id": "fe14d0e9a3957d9b1ce19936858aad76",
      "author": "Vicky Kao",
      "time": "2020年07月25日 08:19",
      "content": "<p>借文發問，北美對於這種焦慮症患者常prescribe benzodiazepine,但這種藥物有強烈依賴性，且會產生神經性損傷引起癲癇之類的症狀。請問李醫師有曾經治療過benzodiazepine戒斷的醫案嗎？或是中藥有沒有辦法幫助戒斷的患者呢？感謝。</p>",
      "level": 0,
      "highlight": false,
      "children": [
        {
          "id": "c5ec5ed146edd35e0946c8bcadf11fce",
          "author": "李宗恩",
          "time": "2020年07月25日 09:32",
          "content": "<p>很多焦慮症病人服用Benzos類藥物，中醫可以治好，但病人得配合，停掉精神科藥物的初期，病情會起起伏伏，病人及家屬得堅持下去。</p>",
          "level": 1,
          "highlight": true,
          "children": []
        }
      ]
    },
    {
      "id": "8cce7f86a996f19960dbf3696da597c9",
      "author": "Vicky Kao",
      "time": "2020年07月25日 23:34",
      "content": "<p>感謝李醫師的回覆。</p>",
      "level": 0,
      "highlight": false,
      "children": []
    },
    {
      "id": "40c8a45b1269d0bd5766470677d5f130",
      "author": "李敏睿",
      "time": "2020年08月10日 01:06",
      "content": "<p>李博士您好！我是患者家属，我家先生今年37岁，于今年元月份因胃部不适查出胃癌(怕老人伤心难过，老人至今不知病情)。找寻多位中医诊治均无疗效，后因病情加重，不得已做了胃部手术。现急切盼望得到您的诊治。静候佳音！</p>",
      "level": 0,
      "highlight": false,
      "children": []
    },
    {
      "id": "ceb7352d8f7f8d123925de8c4072f467",
      "author": "ws",
      "time": "2024年09月07日 01:47",
      "content": "<p>请问李博士用的什么方子清肝清胆，我感觉自己跟这位患者有比较相似的症状，感恩您！</p>",
      "level": 0,
      "highlight": false,
      "children": [
        {
          "id": "ad6712ae5ebbc7956c747325d3f1874e",
          "author": "李宗恩",
          "time": "2024年09月19日 10:21",
          "content": "<p>我不這樣回答問題。</p>",
          "level": 1,
          "highlight": true,
          "children": []
        }
      ]
    },
    {
      "id": "444b88f53a151647884cdd89fec22169",
      "author": "黄一二",
      "time": "2025年06月26日 23:27",
      "content": "<p>李老师你好，感谢你百忙中抽空阅读并回复我的信息，谢谢，敬礼致上！<br/>\n本人因新冠疫苗针和服用西药安神类的药物，身体出现诸多不适，期间经常出现手脚麻木，服用民间中医的药，用药有依赖性并严重失眠，想先解决失眠的问题。用过的西药有1 苯海索片 中1片，晚1片；2 氯氮平片 中2片，晚5片；3 阿立哌唑片 中2片 晚1片；4普萘洛尔片（华中） 中1片，晚1片，用药时间是半年</p>",
      "level": 0,
      "highlight": false,
      "children": []
    }
  ],
  "page": 20,
  "order": 5,
  "filename": "data\\page20\\page20_order5_6cd840f3b1dce6c3c8966e4fab33d93d.json",
  "timestamp": 1753421267.5660634
}