{
  "article_url": "https://andylee.pro/wp/?p=7754",
  "title": "可怕的偏見",
  "content": "<p>新冠肺炎疫情在全世界大爆發，目前已經有兩百萬人感染，十三萬人病逝，疫情仍繼續擴展。美國為最嚴重的疫區，已經有六十多萬人確診，兩萬七千多人病逝，這還不包括很多得不到基因檢測的病人，以及很多正在加護病房（ICU）裡生死垂危的病人。美國50州中，已經有42州宣布全州強制「Shelter in Place」（居家隔離）。雖然居民還是可以出門買食物及生活用品、看醫生、散步等等，絕大多數的公司及商業活動都被迫停止。這對整個美國的生活及經濟有很大的影響。不但使得那些以鐘點計時賺錢的人們立即失去收入，很多公司也因為營業額腰斬而大幅裁員，就連平時光鮮奪目的史丹佛大學都宣布裁員及減薪。這樣巨大的社會變化，對數千萬家庭的影響，將是幾年都無法平撫的。</p>\n<p>為什麼大部分的州都強制全州居家隔離？目前美國醫療系統下，沒有真正能治癒新冠肺炎的方法，只能盡量想辦法維持重症病人的生命，被動的期待病人能自己好轉。情況危機了，也只能拿各種不同的舊藥來賭一賭。在這種情況下，唯一能做的就是藉由大幅減少人與人的接觸，減緩疫情傳播的速度，推延疫情擴張，讓本來三四週內可能爆發的重症病人數目，延遲及分散到八九週，設法避免需要住院的重症病患人數增加太快，導致醫療資源大幅短缺，醫療系統崩潰，許多醫療人員也因而被感染，導致死亡人數突然飆高。</p>\n<p>這樣的居家隔離政策，也只是在推延大災難發生的時間。原本三四週內可能會發生的崩潰，或許可以拖延到八九週後。但是，如果沒有真正治癒的方法，感染人數及重病人數遲早會達到臨界點，那麼疫情就無法再圍堵，醫療系統也會快速崩潰。這也是紐約州疫情特別告急的主要原因，目前紐約州已經超過20萬人確診，一萬多人病逝，比很多國家都慘重。</p>\n<p>真的沒有治療的方法嗎？已經有很多真實病例及證據，明明白白說明了中醫可以治療新冠肺炎，效果好、速度快、無副作用及後遺症、醫療成本低廉。然而，絕大多數的國家及領導抗疫的醫學專家們，毫不考慮地把中醫丟在一旁，求助於一些療效證據少、副作用高的西藥，從抗伊波拉的試驗藥「瑞德西韋」(Remdesivir），抗瘧疾的舊藥「氯喹」（Chloroquine）、「羥氯喹」（Hydroxychloroquine），到加入治療細菌感染的抗生素「日舒」（Zithromax）混合使用等等。這些西藥一開始都呼聲極高，好像馬上可以解救世界一般，臨床試驗使用不到幾週後，卻發現療效遠遠不如原來的預期，外加許多副作用，甚至導致病人死亡。即使中醫治療下的重症病人都已經痊癒出院了，大家還是置之不理，寧可眼睜睜看著成千上萬的病人病逝，繼續堅持尋求什麼特效西藥，而不試著了解中醫的療效。許多華人媒體也對中醫存在嚴重的偏見，願意報導病人覺得是喝馬鈴薯湯而康復，也不願意採訪、討論中醫治癒的病例。</p>\n<p>解決問題及科學研究最重要的第一步，就是嚴肅認真地面對事實，即使事實和我們原本認知有很大的差異，我們都應該先放下原本深信不疑的觀點，仔細去了解擺在眼前的事實，承認這樣的事實已經發生了，再去用各種方法理解背後的原因。中國這次抗疫，雖然一開始非常混亂、訊息不夠透明化，讓武漢市及湖北省疫情慘重，其它省市卻因為加入了中醫治療，抗疫的效果越來越出色。中國國務院多次正式對外發表中醫對新冠肺炎的卓越療效，就算大家不完全相信中國政府發表的訊息，也該保持科學的精神，多加了解中醫治癒的許多病例，探討大幅使用中醫來對抗疫情的可行性，哪些地方還可以更加改進等等。</p>\n<p>偏見，讓絕大多數的國家、醫學專家、新聞媒體把眼睛遮住了，完全不去了解中醫治療新冠肺炎病人的實際情況，就直接以「不可能」、「沒有科學證據」等拒絕了。這樣的偏見，不但無知，更是打著科學的名義來反科學的精神。在人命關天的時候，我們才會了解到這樣的偏見是多麼的可怕。說白一些，到底還要死多少人，多少家庭經濟破產，大家才會覺醒，才會願意去了解、學習、及應用中醫來對抗全世界的大瘟疫？</p>",
  "article_time": "2020年04月15日 14:36",
  "comments": [
    {
      "id": "42c12dbc0086e0cb8ec5503020854dc3",
      "author": "程曉巍",
      "time": "2020年04月15日 15:04",
      "content": "<p>李醫師您好。這篇文章寫得太好了，簡直是把我的心聲都講出來了！目前美國這邊有2-3個團隊在搜集關於中醫治療武漢肺炎的醫案。 其中一個是跟美國一所大學的中西結合學院合作的，目的是把中醫治療武漢肺炎的顯效的證據提出給美國的官方醫療機構參考。 目前我們比較缺乏屬於重症案例，不知道李醫師手上有還是有看過來自中國的重症案例？我唯一看過的屬於重症案例是李醫師的通許醫院醫案。搜遍WeChat很多群組都沒有看過別的。我個人覺得如果可以提出更多重症案例應該會相對有說服力，不然很多人會說病毒感染本來也會自己好起來。</p>",
      "level": 0,
      "highlight": false,
      "children": [
        {
          "id": "3af6ba95e741ceffe6ada32b128d8621",
          "author": "陸仁賈",
          "time": "2020年04月16日 04:35",
          "content": "<p>隨便搜都有啊, 這就是一例, 全中醫方艙:<br/>\n<a href=\"http://www.bjnews.com.cn/news/2020/04/12/716032.html\" rel=\"nofollow ugc\">http://www.bjnews.com.cn/news/2020/04/12/716032.html</a><br/>\n還有位西醫轉中醫的女醫師<br/>\n<a href=\"https://user.guancha.cn/main/content?id=250983\" rel=\"nofollow ugc\">https://user.guancha.cn/main/content?id=250983</a></p>\n<p>用心找下還是有的</p>",
          "level": 1,
          "highlight": false,
          "children": [
            {
              "id": "73cea1657b5f181b93f39b4f16b49e95",
              "author": "沈煇峰",
              "time": "2020年04月17日 06:44",
              "content": "<p>那篇西醫轉中醫的女中醫，早上看還在，剛才再要看就沒了。</p>",
              "level": 2,
              "highlight": false,
              "children": []
            }
          ]
        },
        {
          "id": "82f5a698a9ee4fbeb4d51d6a846c19ec",
          "author": "沈煇峰",
          "time": "2020年04月16日 06:59",
          "content": "<p>借一句倪海廈老師的話，小心他們拿著中醫藥方去申請專利賺錢，回過頭又否認中醫的貢獻。<br/>\n要合作，最好透過有力量的中醫組織，免得輕易被用完即丟。</p>",
          "level": 1,
          "highlight": false,
          "children": []
        },
        {
          "id": "1ae9ff70c4c6281fd7a657a1939c5800",
          "author": "xje",
          "time": "2020年04月17日 18:56",
          "content": "<p>请你把病名改成新型冠状病毒肺炎  自己重新看一遍</p>",
          "level": 1,
          "highlight": false,
          "children": []
        },
        {
          "id": "3e98883869bb26e945857a805fc1b41b",
          "author": "李宗恩",
          "time": "2020年04月19日 20:46",
          "content": "<p>目前的問題不在證據，而是很多人連證據都不看，就直接認為中醫是不可能治療新冠肺炎的。</p>",
          "level": 1,
          "highlight": true,
          "children": []
        }
      ]
    },
    {
      "id": "f32fc4832ec50ffa1bdea6573ff5593c",
      "author": "ieitZYB",
      "time": "2020年04月15日 15:49",
      "content": "<p>普通百姓把呼吸机当医学，普遍地把一些机械设备制造技术跟医学划等号，靠它救命真是悲剧。</p>",
      "level": 0,
      "highlight": false,
      "children": [
        {
          "id": "0e8f7917e2759b7a94240401b4da88d0",
          "author": "李宗恩",
          "time": "2020年04月19日 20:48",
          "content": "<p>科技儀器是有好處的，只是基本的方向錯了，儀器再好也無法解決問題。</p>",
          "level": 1,
          "highlight": true,
          "children": []
        }
      ]
    },
    {
      "id": "6a6d6f0df31ec6c8e51a86c6a969f14d",
      "author": "Chrissie",
      "time": "2020年04月15日 16:59",
      "content": "<p>李医师您好，看了您的文章，个人非常有感触，也深刻体会到您的良苦用心，本人一直相信只有中医才是对抗疫情最好的方法，也正因为有您这样的大医大德的好医师，很多病人才有了希望，虽然一部分人宁愿闭上眼睛去支持西医，但结果不会骗人，相信越来越多人会清醒过来，感谢您！</p>",
      "level": 0,
      "highlight": false,
      "children": [
        {
          "id": "bf2a7c43654f85c28e6ec29ff6fc1a5e",
          "author": "李宗恩",
          "time": "2020年04月19日 20:48",
          "content": "<p>謝謝你的支持及鼓勵！</p>",
          "level": 1,
          "highlight": true,
          "children": []
        }
      ]
    },
    {
      "id": "b78fb9e24fb7973588c3741f679b4e2f",
      "author": "內經初學者",
      "time": "2020年04月15日 22:16",
      "content": "<p>如果你能與這所大學的中西結合學院聯繫上，把李醫師用經方抗疫的記錄接鏈給他們，讓他們參考或聯絡李醫師本人，這或許也是一個推廣中醫途徑。</p>",
      "level": 0,
      "highlight": false,
      "children": [
        {
          "id": "85b623055554121d11ea3dcc45fad5cf",
          "author": "李宗恩",
          "time": "2020年04月19日 20:49",
          "content": "<p>哪所大學？</p>",
          "level": 1,
          "highlight": true,
          "children": [
            {
              "id": "0982a5438d104e356f78ff7a85f44c9a",
              "author": "內經初學者",
              "time": "2020年04月19日 21:57",
              "content": "<p>李醫師： （據@程曉巍4 月16th 的貼文）是NUNM的Helfgott研究學院（https://nunm.edu/research/）， 上次貼錯地方了，又沒法招回，因而讓人看著疑惑。</p>\n<p>已報名，等著聽中工會網路座談。</p>",
              "level": 2,
              "highlight": false,
              "children": []
            }
          ]
        }
      ]
    },
    {
      "id": "208fcc790dec98d611abfca25bc54d46",
      "author": "王佑舜Ong Eu Soon",
      "time": "2020年04月15日 23:51",
      "content": "<p>武漢疫病明明是傷寒症怎會變成肺炎呢？<br/>\n治療武漢疫病的西藥如下：<br/>\n1) Oseltamivir<br/>\n2) Lopinavir/ritonavir<br/>\n3) Moxifloxacin<br/>\n4) Ibuprofen<br/>\n5) Chroloquine<br/>\n6) Hydroxychloroquine 羥氯奎寧<br/>\n7) Azithromycin<br/>\n8) Baifule<br/>\n9）Arbidol<br/>\n10）Remdesivir (瑞德西韋)<br/>\n11）Ribavirin (利巴韦林)<br/>\n12）Interferon (干扰素)</p>\n<p>這些藥都有一個共同點就是反胃，嘔吐與腹瀉的副作用。</p>\n<p>傷寒太陽症不可下。<br/>\n這些藥用在太陽症，若病人的脾胃比較虛弱就不止會反胃，嘔吐，也會腹瀉。當病人腹瀉時，就犯了傷寒太陽症的禁忌。後果就是患上結胸症，也即是西醫說的肺炎。<br/>\n太陽症犯不可下的禁忌，會引病毒從表進裡。當病毒要侵犯太陰脾經時，胃就會高燒以阻止病毒進入脾。胃火高燒會使肺發炎。火克金的關係。肺就會出現纖維化的現象。身體就會向肺灌水導致肺積水。肺積水嚴重時，病人就會有呼吸急促困難。最終會因肺積水太多而淹死。<br/>\n在沒被淹死前，病人會患辨證錄傷寒門的這個病例。</p>\n<p>冬月伤寒，大汗热解，腹微痛，腰不可俯仰。人以为邪在肾经未出，欲用 丸加防己治之，非其治也，此乃发汗亡阳，阳虚而阴不能济之故也。夫阴阳相根，此症因汗泄过多，阳气无几，而阴又自顾不遑，不敢引阳入室，而阳无所归，故行于腹，孤阳无主而作痛；肾中之阴，又因阳气不归，而孤阴无伴，不敢上行于河车之路，故腰不可以俯仰。方用引阳汤治之。</p>\n<p>杜仲（一钱） 山药（五钱） 甘草（一钱） 茯苓（二钱） 芡实（三钱） 人参（三钱） 肉桂（三分）白术（五钱）水煎服。一剂而腹疼止，二剂而腰轻，三剂而俯仰自适矣。</p>\n<p>此方助阳气之旺，而不去助阴气之微。盖阴之所以杜阳者，欺阳气之衰也，予所以助阳而不助阴也。倘用 、防己以重损其阴阳，则终身不为废人者几希矣。</p>\n<p>此症济阳汤亦可用。</p>\n<p>杜仲（二钱） 山药（一两） 甘草（一钱） 人参（五钱） 白术（五钱） 破故纸（一钱） 水煎服。</p>\n<p>病人若在陽明症時被醫生以奧司他偉OSELTAMIVIR來治療就會火上加火。因為奧司他偉是由八角提煉出來的屬性熱。病人會汗流不止而大渴。而患上證錄傷寒門的這個病例。</p>\n<p>冬月伤寒，大汗而热未解，腹又痛不可按，人以为邪发于外未尽，而内结于腹中，乃阳症变阴之症也，余以为不然。夫伤寒而至汗大出，是邪随汗解，宜无邪在其中，何至腹痛？此乃阳气尽亡，阴亦尽泄，腹中无阴以相养，有似于邪之内结而作痛，盖阴阳两亡之急症也。夫痛以可按为虚，不可按为实，何以此症不可按，而又以为虚乎？不知阴阳两亡腹中，正在将绝之候，不按之已有疼痛难忍之时，况又按而伤其肠胃，安得不重增其苦，所以痛不可接也。如遇此症，急不可缓，方用急救阴阳汤。用∶</p>\n<p>人参（二两） 黄芪 （三两） 当归（一两） 熟地（二两） 甘草（三钱） 白术（二两）水煎服。一剂而腹痛顿止，身热亦解，汗亦尽止矣。</p>\n<p>此方用参、芪 以补气，使阳回于阴之内；用当归、熟地以补血，使阴摄于阳之中；用白术、甘草和其肠胃，而通其腰脐，使阴阳两归于气海、关元，则亡者不亡，而绝者不绝也。倘认是阳症变阴，纯用温热之剂，加入肉桂、干姜、附子之类，虽亦能回阳于顷刻，然内无阴气，阳回而阴不能摄，亦旋得而旋失矣。</p>\n<p>此症用救亡散亦易奏功。</p>\n<p>人参 当归 熟地（各一两） 甘草（二钱） 附子（一片） 水煎服。</p>\n<p>若病人在少陽症時被西醫以類固醇CORTICOSTEROID 或Chloroquine (氯喹) 或Hydroxychloroquine 羥氯奎寧來治療，因為病在半表半裡而患上胃火不宣引起的紫斑。醫生或許會以為病人患了登革症。病人的表症會因被伏壓沒有顯現出來。而被誤為病已痊癒。這就是為何最近有很多痊癒的病人過後又病發。<br/>\n這紫斑症治療不當，病人就會一命嗚呼。</p>\n<p>傷寒發斑，死症也。 然而斑亦有不同，有遍身發斑者，有止心窩內發斑者。 遍身發斑，症似重而反輕，心窩發斑，症似輕而轉重。 蓋遍身發斑，內熱已盡發於外；心窩發斑，熱存於心中而不得出，必須用化斑之藥，以解其熱毒之在中也。<br/>\n我有一方最神，名起斑湯。<br/>\n升麻二錢，當歸一兩，元參三兩，荊芥三錢，黃連三錢，天花粉五錢，甘草一錢，茯神三錢，水煎服。 </p>\n<p>火毒結於內，必須盡情發出，然內無血以養心，則心中更熱，火毒益熾，而不能外越也。 故用當歸、元參以滋心中之血，用黃連以涼心中之火，天花粉以消心中之痰。 然而無開關之散，則火藏於內而不得洩，故又用升麻、荊芥以發之，甘草、茯神以和之，自然引火出外而不內蓄矣。 火既外越，斑亦漸消，又何至於喪命哉。</p>\n<p>某些病人雖被檢驗呈陽性卻無症狀有可能就是服食了含有類固醇CORTICOSTEROID的藥物比如感冒特效藥。這類病人可以以梔子鼓湯來化解胃火不宣，看看症狀會不會出現。</p>\n<p>Favipiravir法匹拉韋為口服型抗病毒藥劑，該藥已於2014年取得日本抗流感病毒新藥的製造販賣許可。<br/>\n法匹拉韋在傷寒陽明症會導致病人患上蓄血症因為這藥令病人大腸火燥而便血。</p>\n<p>蓄血症的症狀：<br/>\n1） 病人善忘。<br/>\n2）大便虽硬反易。其色必黑。</p>\n<p>病人會有後遺症，容易患上老人癡呆症。</p>\n<p>傷寒症會死人如果有隔經相傳或兩感。傷寒症若順經轉變，病人在七天後會自動痊癒。<br/>\n中西醫容易把傷寒症誤解為濕熱 因為病人舌苔厚白而黃。附加的相片是舌苔厚白而黃是邪將入裡。病人患上了傷寒兩感症不是濕熱。<br/>\n若被醫生以麻杏甘石湯來治療，就會寒上加寒而必須以升陷湯來治療。</p>\n<p>結胸症可以輕易診斷只需觸碰病人胸脅。若只是胸部疼痛即是小結胸症。若是胸脅都痛就是大結胸症。中西醫把結胸症當著是肺炎以蓮花清瘟膠囊來治療。但蓮花清瘟膠囊只能治小結胸不能治大結胸症。大小結胸症可以以大小陷胸湯來治療。中西醫又犯另一個不能被原諒的錯誤。就是開藥沒有遵循經脈。所以蓮花清瘟膠囊若用在太陽症必犯不可下的禁忌，因為藥中有大黃，魚腥草。</p>\n<p>武漢疫病絕對是傷寒症因為太陽症誤下後病人患上了結胸症。</p>\n<p>眾人皆醉唯我獨醒。我若不插手這疫情何能被制止。無辜生命誰能挽救？</p>\n<p>用溫病條辨作者的話形容眼下之疫情。<br/>\n乙卯歲，都下疫病大行，諸庸醫西醫強治之，大抵已成壞病，幸存活數十人，其死於世俗之手者，不可勝數。嗚呼﹗生民何辜，不死於病而死於醫，是有醫不若無醫也，學醫不精，不若不學醫也。</p>",
      "level": 0,
      "highlight": false,
      "children": [
        {
          "id": "3bc4129e8167c88a3f5dc2caf04e0b17",
          "author": "沈煇峰",
          "time": "2020年04月16日 18:55",
          "content": "<p>學習了！但建議不要再用武漢二字，正確名稱是新冠。</p>",
          "level": 1,
          "highlight": false,
          "children": []
        }
      ]
    },
    {
      "id": "6d46eb2b73fb0bd5d9432e21b6b1b7c4",
      "author": "林義發",
      "time": "2020年04月16日 02:39",
      "content": "<p>感謝李醫師的智仁勇報導！<br/>\n透過這次瘟疫，考驗人類的智慧。中醫是中華民族老祖宗的智慧，將人與天地視為一體，我們是三才之一，天地日月乾坤有陰陽五行，人有雙目五臟六腑，都是互相對應的。如今人心失常，五臟錯亂，倒致天地風雨失調，根本之道就是調整失常的人心。以中華文化的源遠流長，博大精深，對治當今人類維物的科學理論，不只在醫藥方面，在其他各方面，如文化、思想、飲食、生活等宜採中西融和，中西合璧，相輔相成，相得益彰，觀摩互助的精神，才是人類未來的理想。</p>",
      "level": 0,
      "highlight": false,
      "children": [
        {
          "id": "6196721081c4106a0abeb2db30a0bfa0",
          "author": "李宗恩",
          "time": "2020年04月19日 20:51",
          "content": "<p>謝謝你的支持與鼓勵！</p>",
          "level": 1,
          "highlight": true,
          "children": []
        }
      ]
    },
    {
      "id": "0c3ce00b417385d1016f72583d18a357",
      "author": "陸仁賈",
      "time": "2020年04月16日 04:29",
      "content": "<p>其實不是偏見, 而是官商勾結, 為藥廠謀個發大財的機會, 用中醫治, 誰能賺到錢?</p>",
      "level": 0,
      "highlight": false,
      "children": [
        {
          "id": "2471ad8eb69635a0904f7c24fbd7307e",
          "author": "李宗恩",
          "time": "2020年04月19日 20:52",
          "content": "<p>官商勾結及商業利益自然不在話下，然而，很多正直、真的想救人的專家們，也還是充滿傲慢的偏見。</p>",
          "level": 1,
          "highlight": true,
          "children": []
        }
      ]
    },
    {
      "id": "b2bb4a470dae10137d1e65f5da2ad589",
      "author": "卢晨",
      "time": "2020年04月16日 05:21",
      "content": "<p>真是可怕的偏见“直接以「不可能」「没有科学证据」等拒绝，更是打着科学的名义来反科学的精神”一针见血！李博士无私为众人考虑内心难过……</p>",
      "level": 0,
      "highlight": false,
      "children": [
        {
          "id": "5316b0e5b6bd958cd504d5a47e38b762",
          "author": "李宗恩",
          "time": "2020年04月19日 20:53",
          "content": "<p>謝謝你的支持與鼓勵！</p>",
          "level": 1,
          "highlight": true,
          "children": []
        }
      ]
    },
    {
      "id": "764165c05c325890b64f972ec00c9e0f",
      "author": "慕中",
      "time": "2020年04月16日 06:56",
      "content": "<p>一週前在含象堂大健康看到”中醫為何不能救中國？非不能也，實不可為也！”一文，也有類似的感觸。</p>",
      "level": 0,
      "highlight": false,
      "children": []
    },
    {
      "id": "f6df3ca6dd5eab7bfbe2c9f44c3aaddd",
      "author": "程曉巍",
      "time": "2020年04月16日 07:42",
      "content": "<p>已聯係上了。是NUNM的Helfgott研究學院。 我正在與他們合作。希望李醫師會加入！</p>",
      "level": 0,
      "highlight": false,
      "children": []
    },
    {
      "id": "540c81fa9bc192348f5a8f1bc1d9f1b6",
      "author": "程曉巍",
      "time": "2020年04月16日 09:55",
      "content": "<p>陳仁賈第一篇根本沒有醫案，第二篇雖然有提到一些個案用的方，也算不上完整的病例。 我是有用心找過，不太知道你這句話是什麽意思。</p>",
      "level": 0,
      "highlight": false,
      "children": []
    },
    {
      "id": "a68d6c0ee6781854ad57e32042375b33",
      "author": "沈煇峰",
      "time": "2020年04月16日 19:22",
      "content": "<p>李醫師您放心，中醫在幾年之內必會回歸到世界醫學重心的位置，歷史將會記載中醫在2020的抗疫極大貢獻，標幟著中醫大復興的起點，因此稱為中醫復興元年。</p>\n<p>不要對西藥廠抱有任何期望，他們一方面在盜取中醫的智慧（沒專利保護），同時又在大力抹黑中醫。試想一下，當美國人民大量的接觸到中醫思維及理念之後，立刻會明白西藥廠過去幾十年給人帶來的是傷害遠大於健康，然後數不清的鉅額class action，集體訴訟湧向西藥廠，使他們把祖宗八代賣了都不夠賠的（轉基因巨頭孟山都的消失就是個好例子）。對西藥廠而言，這是生死存亡，因此西藥廠必然要打撃中醫並同時盜取中醫智慧，他們別無選擇。</p>",
      "level": 0,
      "highlight": false,
      "children": [
        {
          "id": "e01d5f16243327f3137cdcfcb9e5f4e1",
          "author": "李宗恩",
          "time": "2020年04月19日 21:02",
          "content": "<p>謝謝你的支持及鼓勵！Monsanto(孟山都)沒有消失，2018年為Bayer購併，許多的業務仍然在進行。</p>",
          "level": 1,
          "highlight": true,
          "children": [
            {
              "id": "304eceb5c61c6eae7b7477a55f3b3c32",
              "author": "沈煇峰",
              "time": "2020年04月20日 23:35",
              "content": "<p>我聽説，加州法院判決孟山都敗訴（農藥致癌），要賠償一位園丁巨額賠款，然後美國各地都在準備class action，Monsanto 就決定把自己賣掉。</p>",
              "level": 2,
              "highlight": false,
              "children": []
            }
          ]
        }
      ]
    },
    {
      "id": "9ad3a681fd3632053fce9fbfe2c97413",
      "author": "王彦强",
      "time": "2020年04月19日 18:50",
      "content": "<p>美国疫情已经不可收拾了，要保护好自己，备粮，备药，备战。中药，粮食可都是战略物资了！我们华人自保是唯一的选择了。</p>",
      "level": 0,
      "highlight": false,
      "children": [
        {
          "id": "24ffa6b05c83d24b0bf85d6600bef8f3",
          "author": "李宗恩",
          "time": "2020年04月19日 21:36",
          "content": "<p>美國疫情，不僅僅是醫療問題，更被政治操作的亂七八糟。</p>",
          "level": 1,
          "highlight": true,
          "children": [
            {
              "id": "dfc66f191bbb979fc985392d6427cd67",
              "author": "委付凡醫恣其所措",
              "time": "2020年04月20日 03:36",
              "content": "<p>絕大部份國家都在以政治操作疫情，因為政客們集合了很多所謂學者專家，仍然無解，於是醫療問題轉成政治問題，到處找替死鬼，譬如世界衛生組織WHO老挨罵。美國總統要砍WHO金援，還咬上大陸討要賠償，為了連任跟民主黨州長的防疫措施唱反調。一些惟美國馬首是瞻的國家，於是乎跟著老大搖旗吶喊，占據舞台，上演鬧劇，只要防疫成績優於美國，大致上就能對選民交待。不過，狗咬狗一嘴毛，WHO亦非好狗。</p>",
              "level": 2,
              "highlight": false,
              "children": []
            }
          ]
        }
      ]
    },
    {
      "id": "61701d6e54f32d03fd3e0961d00998f7",
      "author": "趙建發",
      "time": "2020年04月22日 19:46",
      "content": "<p>假如有位西醫師問你們的新冠肺炎案例有實驗組及對照組嗎？如果中醫回答沒有那麼就是不科學，這就是站在西醫的角度考慮的，但西醫的理論一定正確嗎？其實也常常在修改，但西醫常常會以它的視野評定中醫，等於認為唯有它的方法才是正確的，那麼這種中西醫結合的思想其實會變成一面倒向西醫的做法，這就是實行中西醫結合後的慘痛結果變成學生沒有半點對中醫的自信及涵養，所以反對中醫信心最堅定的人就是雙讀中西醫的人，認為讀過中醫所以了解中醫，純讀西醫的人反而不會對不知的領域輕下結論。<br/>\n其實中醫的領域不同於西醫如同物理是科學，數學是科學，數學有自己的領域，物理有自己的領域，兩個學科都在裡面依自己的理論自行解釋，從來都不需要不同領域的方式認定。</p>",
      "level": 0,
      "highlight": false,
      "children": []
    },
    {
      "id": "da19e7faa073ded601227cb87338f91f",
      "author": "趙建發",
      "time": "2020年04月22日 19:58",
      "content": "<p>另外治療新冠肺炎西醫治療一位病患需花多少錢？中醫治療一位患者需花多少錢？如果你是醫院老闆依經濟利益考量會選擇用西醫的方法還是中醫？更何況現在的主流醫學還是西醫。</p>",
      "level": 0,
      "highlight": false,
      "children": []
    },
    {
      "id": "0ae4e711e5f0da4c06fd7dbede36f76b",
      "author": "晨翔",
      "time": "2020年04月23日 18:54",
      "content": "<p>李医生，可否请求您接受我孩子的远程治疗癫痫？我知道您不愿意远程看诊，但是现在疫情，我实在也去不了美国，您能告诉我一个方法吗？我实在无法看着孩子这样下去了……</p>",
      "level": 0,
      "highlight": false,
      "children": [
        {
          "id": "95876ba081d9dd9da8264728f22a2fb7",
          "author": "李宗恩",
          "time": "2020年04月24日 11:49",
          "content": "<p>請和診所聯絡，網頁上有診所資訊。</p>",
          "level": 1,
          "highlight": true,
          "children": [
            {
              "id": "4b04a407913205a6cf587fae9a011399",
              "author": "晨翔",
              "time": "2020年04月25日 05:24",
              "content": "<p>你好，李医生，是因为我和诊所联系过，诊所说不方便远程网诊，再发邮件就没有回复了！不知道该怎么办所以才留言给您，非常期待您的答复，感恩您。</p>",
              "level": 2,
              "highlight": false,
              "children": [
                {
                  "id": "68fec258ae14c00cccab4969c208d3f7",
                  "author": "ieitZYB",
                  "time": "2020年04月25日 21:58",
                  "content": "<p>诊所都回复了，您这多少就会让Dr.Lee感到人道压力的样子 ，<br/>\n找愿意接重症的是不易，供参考：<br/>\n旧的的开业的：<br/>\n<a href=\"http://hantang.com/chinese/ch_Articles/copyright4.htm\" rel=\"nofollow ugc\">http://hantang.com/chinese/ch_Articles/copyright4.htm</a> </p>\n<p>在正安深圳执业的：<br/>\n<a href=\"https://mp.weixin.qq.com/s/7YLh-QY2F3jgU8Vf_atV5w\" rel=\"nofollow ugc\">https://mp.weixin.qq.com/s/7YLh-QY2F3jgU8Vf_atV5w</a></p>",
                  "level": 3,
                  "highlight": false,
                  "children": []
                },
                {
                  "id": "0d0d2cd0884538ba5c5583338f2cb70a",
                  "author": "李宗恩",
                  "time": "2020年04月25日 22:10",
                  "content": "<p>診所都會回覆，診所週末不上班。</p>",
                  "level": 3,
                  "highlight": true,
                  "children": []
                }
              ]
            }
          ]
        }
      ]
    }
  ],
  "page": 21,
  "order": 1,
  "filename": "data\\page20\\page20_order10_b78fb9e24fb7973588c3741f679b4e2f.json"
}