{
  "article_url": "https://andylee.pro/wp/?p=7927",
  "title": "短片：”Good Morning, Silicon Valley” 中英文採訪",
  "content": "<p>“Good Morning, Silicon Valley“ 聊天室 – 知名部落客 Michelle Cheng 訪問治疫名中醫李宗恩（Dr. Andy Lee），從中醫角度談新冠病毒：</p>\n<figure class=\"wp-block-embed-youtube wp-block-embed is-type-video is-provider-youtube wp-embed-aspect-16-9 wp-has-aspect-ratio\"><div class=\"wp-block-embed__wrapper\">\n<iframe allow=\"accelerometer; autoplay; clipboard-write; encrypted-media; gyroscope; picture-in-picture; web-share\" allowfullscreen=\"\" frameborder=\"0\" height=\"281\" referrerpolicy=\"strict-origin-when-cross-origin\" src=\"https://www.youtube.com/embed/wo4BLVEOLvo?feature=oembed\" title=\"Silicon Valley聊天室—Michelle Cheng訪問名中醫李宗恩(Dr. Andy Lee)，從中醫角度談新冠病毒\" width=\"500\"></iframe>\n</div></figure>\n<p>“Good Morning, Silicon Valley“ – Famous social influencer Michelle Cheng interviews with Dr. Andy Lee about Chinese medicine treatment on COVID-19：</p>\n<figure class=\"wp-block-embed-youtube wp-block-embed is-type-video is-provider-youtube wp-embed-aspect-16-9 wp-has-aspect-ratio\"><div class=\"wp-block-embed__wrapper\">\n<iframe allow=\"accelerometer; autoplay; clipboard-write; encrypted-media; gyroscope; picture-in-picture; web-share\" allowfullscreen=\"\" frameborder=\"0\" height=\"281\" referrerpolicy=\"strict-origin-when-cross-origin\" src=\"https://www.youtube.com/embed/Db9P51d8mHY?feature=oembed\" title=\"Michelle Cheng interviews with Dr. Andy Lee about Chinese medicine treatment on CVD-19.\" width=\"500\"></iframe>\n</div></figure>",
  "article_time": "2020年04月09日 11:55",
  "comments": [
    {
      "id": "28a0e17d03426e12ced8349446c2c4f5",
      "author": "Oboe",
      "time": "2020年04月10日 18:41",
      "content": "<p>謝謝李醫師分享！<br/>\n看上去最近比較辛苦，注意休息。</p>\n<p>中英文採訪很有意思。猜測先錄製的中文版，然後是英文版？<br/>\n因為英文版中櫃子上的容器和塑料袋不見了，哈哈。是不是午餐？</p>\n<p>我沒有意識到第二波(Second wave)可能會更嚴重。是因為秋天寒冷嗎？<br/>\n秋天肅降，金氣盛，會不會益於清肺？</p>\n<p>另外學習到肺的兩個走向。一個是熱，例如SARS；另一個是痰飲，這次體現的較多。</p>",
      "level": 0,
      "highlight": false,
      "children": [
        {
          "id": "71d2b38020b10e429aee359d93221527",
          "author": "李宗恩",
          "time": "2020年04月13日 10:33",
          "content": "<p>中文版錄製後，本來製作人像加上英文字幕，但我沒時間校對，所以建議他們直接再錄製一個英文版。</p>",
          "level": 1,
          "highlight": true,
          "children": []
        }
      ]
    }
  ],
  "page": 21,
  "order": 4,
  "filename": "data\\page21\\page21_order3_deab7c6620b6066ecd61750925d534c4.json"
}